[2026-04-21T16:57:51.833] [DEBUG] debug-file - env: nodejsVersion=v18.20.1
[2026-04-21T16:57:52.573] [DEBUG] debug-file - Hvigor init with startParameters:{
  hvigorfileTypeCheck: false,
  parallelExecution: true,
  incrementalExecution: true,
  printStackTrace: false,
  daemon: false,
  analyze: 0,
  logLevel: Level { level: 20000, levelStr: 'INFO', colour: 'green' },
  optimizationStrategy: 'memory',
  hotCompile: undefined,
  hotReloadBuild: undefined,
  customizedParam: undefined
}
[2026-04-21T16:57:56.243] [DEBUG] debug-file - hvigorfile, require result:  { default: { system: [Function: appTasks], plugins: [] } }
[2026-04-21T16:57:56.246] [DEBUG] debug-file - Starting plugin build process
[2026-04-21T16:57:56.511] [DEBUG] debug-file - App plugin register hook start...
[2026-04-21T16:57:56.514] [DEBUG] debug-file - Start initialize project's product build option map with build mode debug.
[2026-04-21T16:57:56.521] [DEBUG] debug-file - Obtain build option for product 'default'in this build.
[2026-04-21T16:57:56.543] [DEBUG] debug-file - Start recording SDK configuration permission data.
[2026-04-21T16:57:56.624] [DEBUG] debug-file - Project task initialization takes 13 ms 
[2026-04-21T16:57:56.640] [DEBUG] debug-file - failed to load cangjie to dynamically generate schemas: Error: Cannot find module '@ohos/cangjie-build-support/index'
Require stack:
- D:\DevEco Studio\tools\hvigor\hvigor-ohos-plugin\src\plugin\hooks\cangjie-register.js
- D:\DevEco Studio\tools\hvigor\hvigor-ohos-plugin\src\plugin\strategy\stage-init-strategy.js
- D:\DevEco Studio\tools\hvigor\hvigor-ohos-plugin\src\plugin\builder\abstract-plugin-builder.js
- D:\DevEco Studio\tools\hvigor\hvigor-ohos-plugin\src\plugin\builder\app-plugin-builder.js
- D:\DevEco Studio\tools\hvigor\hvigor-ohos-plugin\src\plugin\factory\plugin-factory.js
- D:\DevEco Studio\tools\hvigor\hvigor-ohos-plugin\index.js
- C:\Users\lzf\Desktop\health_-service_-kit_-sample-code-master\health_-service_-kit_-sample-code-master\hvigorfile.ts
- D:\DevEco Studio\tools\hvigor\hvigor\src\base\internal\lifecycle\configuration.js
- D:\DevEco Studio\tools\hvigor\hvigor\src\base\boot\index.js
- D:\DevEco Studio\tools\hvigor\hvigor\src\cli\main\cli.js
- D:\DevEco Studio\tools\hvigor\hvigor\bin\hvigor.js
[2026-04-21T16:57:51.836] [DEBUG] debug-file - env: hvigor-config.json5 content = {
  modelVersion: '5.0.0',
  dependencies: {},
  execution: {},
  logging: {},
  debugging: {},
  nodeOptions: {}
}
[2026-04-21T16:57:56.682] [DEBUG] debug-file - project has submodules:entry
[2026-04-21T16:57:56.666] [DEBUG] debug-file - Start initialize module-target build option map, moduleName=entry, buildMode=debug
[2026-04-21T16:57:56.709] [DEBUG] debug-file - Start to initialize dependency information.
[2026-04-21T16:57:56.725] [DEBUG] debug-file - entry : clean cost memory 0.11621856689453125
[2026-04-21T16:57:56.686] [DEBUG] debug-file - start to load updatedOhPackageInfo to the disk
[2026-04-21T16:57:56.765] [DEBUG] debug-file - Create  resident worker with id: 0.
[2026-04-21T16:57:52.573] [DEBUG] debug-file - Since current hvigor version 6.22.4 differs from last hvigor version 
      undefined, delete file-cache.json and task-cache.json.
[2026-04-21T16:57:56.246] [DEBUG] debug-file - App plugin prepare start...
[2026-04-21T16:57:56.512] [DEBUG] debug-file - App plugin register hook end...
[2026-04-21T16:57:56.515] [DEBUG] debug-file - Picking option from product 'default' with build mode 'debug'.
[2026-04-21T16:57:56.244] [DEBUG] debug-file - hvigorfile, binding system plugins [Function: appTasks]
[2026-04-21T16:57:56.524] [DEBUG] debug-file - No signingConfig found, initRemoteHspCache failed.
[2026-04-21T16:57:56.609] [DEBUG] debug-file - Sdk init in 83 ms 
[2026-04-21T16:57:56.624] [DEBUG] debug-file - hvigorfile, binding custom plugins []
[2026-04-21T16:57:51.839] [DEBUG] debug-file - env: daemon=false
[2026-04-21T16:57:56.667] [DEBUG] debug-file - Target 'default' config initialized
[2026-04-21T16:57:56.713] [DEBUG] debug-file - Module entry Collected Dependency: 
[2026-04-21T16:57:56.725] [DEBUG] debug-file - runTaskFromQueue task cost before running: 4 s 169 ms 
[2026-04-21T16:57:56.695] [DEBUG] debug-file - load to the disk finished
[2026-04-21T16:57:56.768] [DEBUG] debug-file - Create  resident worker with id: 1.
[2026-04-21T16:57:52.574] [DEBUG] debug-file - Cache service initialization finished in 1 ms 
[2026-04-21T16:57:56.246] [DEBUG] debug-file - App plugin prepare end...
[2026-04-21T16:57:56.512] [DEBUG] debug-file - Plugin build process completed
[2026-04-21T16:57:56.515] [DEBUG] debug-file - Product 'default' build option initialized
[2026-04-21T16:57:56.527] [DEBUG] debug-file - Local scan or download HarmonyOS sdk components toolchains,ets,js,native,previewer
[2026-04-21T16:57:56.624] [DEBUG] debug-file - hvigorfile, no custom plugins were found in C:\Users\lzf\Desktop\health_-service_-kit_-sample-code-master\health_-service_-kit_-sample-code-master\hvigorfile.ts
[2026-04-21T16:57:51.839] [DEBUG] debug-file - no-daemon, use the parent process.execArgv --max-old-space-size=8192,--max-semi-space-size=16,--expose-gc
[2026-04-21T16:57:56.713] [DEBUG] debug-file - Module entry's total dependency: 0
[2026-04-21T16:57:56.697] [DEBUG] debug-file - Start to initialize dependency information.
[2026-04-21T16:57:56.771] [DEBUG] debug-file - Current worker pool is stopped or closed.
[2026-04-21T16:57:52.577] [DEBUG] debug-file - hvigorfile, resolving C:\Users\lzf\Desktop\health_-service_-kit_-sample-code-master\health_-service_-kit_-sample-code-master\hvigorfile.ts
[2026-04-21T16:57:56.668] [DEBUG] debug-file - Target 'ohosTest' config initialized
[2026-04-21T16:57:56.726] [INFO] debug-file - Finished :entry:clean... after 3 ms 
[2026-04-21T16:57:56.246] [DEBUG] debug-file - App plugin creating...
[2026-04-21T16:57:56.515] [DEBUG] debug-file - End initialize project's product build option map with build mode 'debug'.
[2026-04-21T16:57:56.534] [DEBUG] debug-file - Local scan or download hmscore sdk components toolchains,ets,native
[2026-04-21T16:57:56.624] [DEBUG] debug-file - hvigorfile, resolve finished C:\Users\lzf\Desktop\health_-service_-kit_-sample-code-master\health_-service_-kit_-sample-code-master\hvigorfile.ts
[2026-04-21T16:57:56.717] [DEBUG] debug-file - Configuration phase cost:4 s 143 ms 
[2026-04-21T16:57:56.705] [DEBUG] debug-file - Module health_-service_-kit_-sample-code-master Collected Dependency: 
[2026-04-21T16:57:56.668] [DEBUG] debug-file - Module 'entry' target 'default' build option initialized
[2026-04-21T16:57:56.727] [DEBUG] debug-file - Executing task ::clean
[2026-04-21T16:57:56.771] [DEBUG] debug-file - Clear worker 0.
[2026-04-21T16:57:56.668] [DEBUG] debug-file - Module 'entry' target 'ohosTest' build option initialized
[2026-04-21T16:57:56.727] [DEBUG] debug-file - clean: Worker pool is inactive.
[2026-04-21T16:57:56.721] [DEBUG] debug-file - Configuration task cost before running: 4 s 165 ms 
[2026-04-21T16:57:56.625] [DEBUG] debug-file - hvigorfile, resolving C:\Users\lzf\Desktop\health_-service_-kit_-sample-code-master\health_-service_-kit_-sample-code-master\entry\hvigorfile.ts
[2026-04-21T16:57:56.705] [DEBUG] debug-file - Module health_-service_-kit_-sample-code-master's total dependency: 0
[2026-04-21T16:57:56.771] [DEBUG] debug-file - Worker 0 has been cleared.
[2026-04-21T16:57:56.727] [DEBUG] debug-file - health_-service_-kit_-sample-code-master : clean cost memory 0.02092742919921875
[2026-04-21T16:57:56.637] [DEBUG] debug-file - hvigorfile, require result:  { default: { system: [Function: hapTasks], plugins: [] } }
[2026-04-21T16:57:56.668] [DEBUG] debug-file - End initialize module-target build option map, moduleName=entry
[2026-04-21T16:57:56.722] [DEBUG] debug-file - Executing task :entry:clean
[2026-04-21T16:57:56.772] [DEBUG] debug-file - Current idle worker size: 1.
[2026-04-21T16:57:56.637] [DEBUG] debug-file - hvigorfile, binding system plugins [Function: hapTasks]
[2026-04-21T16:57:56.668] [DEBUG] debug-file - Start initialize module-target build option map, moduleName=entry, buildMode=release
[2026-04-21T16:57:56.727] [DEBUG] debug-file - runTaskFromQueue task cost before running: 4 s 171 ms 
[2026-04-21T16:57:56.722] [DEBUG] debug-file - clean: Worker pool is inactive.
[2026-04-21T16:57:56.772] [DEBUG] debug-file - Current busy worker size: 0.
[2026-04-21T16:57:56.637] [DEBUG] debug-file - Starting plugin build process
[2026-04-21T16:57:56.668] [DEBUG] debug-file - Target 'default' config initialized
[2026-04-21T16:57:56.728] [INFO] debug-file - Finished ::clean... after 1 ms 
[2026-04-21T16:57:56.772] [DEBUG] debug-file - Clear worker 1.
[2026-04-21T16:57:56.637] [DEBUG] debug-file - Hap plugin creating...
[2026-04-21T16:57:56.669] [DEBUG] debug-file - Target 'ohosTest' config initialized
[2026-04-21T16:57:56.728] [DEBUG] debug-file - Executing task :entry:init
[2026-04-21T16:57:56.772] [DEBUG] debug-file - Worker 1 has been cleared.
[2026-04-21T16:57:56.669] [DEBUG] debug-file - Module 'entry' target 'default' build option initialized
[2026-04-21T16:57:56.728] [DEBUG] debug-file - entry : init cost memory 0.01263427734375
[2026-04-21T16:57:56.772] [DEBUG] debug-file - Current idle worker size: 0.
[2026-04-21T16:57:56.669] [DEBUG] debug-file - Module 'entry' target 'ohosTest' build option initialized
[2026-04-21T16:57:56.728] [DEBUG] debug-file - runTaskFromQueue task cost before running: 4 s 172 ms 
[2026-04-21T16:57:56.772] [DEBUG] debug-file - Current busy worker size: 0.
[2026-04-21T16:57:56.669] [DEBUG] debug-file - End initialize module-target build option map, moduleName=entry
[2026-04-21T16:57:56.729] [INFO] debug-file - Finished :entry:init... after 1 ms 
[2026-04-21T16:57:56.773] [DEBUG] debug-file - hvigor build process will be closed.
[2026-04-21T16:57:56.670] [DEBUG] debug-file - Start initialize module-target build option map, moduleName=entry, buildMode=debug
[2026-04-21T16:57:56.729] [DEBUG] debug-file - Executing task ::init
[2026-04-21T16:57:56.778] [DEBUG] debug-file - worker[0] exits with exit code 0.
[2026-04-21T16:57:56.670] [DEBUG] debug-file - Target 'default' config initialized
[2026-04-21T16:57:56.729] [DEBUG] debug-file - health_-service_-kit_-sample-code-master : init cost memory 0.01141357421875
[2026-04-21T16:57:56.779] [DEBUG] debug-file - worker[1] exits with exit code 0.
[2026-04-21T16:57:56.670] [DEBUG] debug-file - Target 'ohosTest' config initialized
[2026-04-21T16:57:56.729] [DEBUG] debug-file - runTaskFromQueue task cost before running: 4 s 173 ms 
[2026-04-21T16:57:56.782] [DEBUG] debug-file - Current worker pool is terminated.
[2026-04-21T16:57:56.670] [DEBUG] debug-file - Module 'entry' target 'default' build option initialized
[2026-04-21T16:57:56.729] [INFO] debug-file - Finished ::init... after 1 ms 
[2026-04-21T16:57:56.670] [DEBUG] debug-file - Module 'entry' target 'ohosTest' build option initialized
[2026-04-21T16:57:56.742] [DEBUG] debug-file - Obtain build option for module 'entry' target 'default'in this build.
[2026-04-21T16:57:56.670] [DEBUG] debug-file - End initialize module-target build option map, moduleName=entry
[2026-04-21T16:57:56.742] [DEBUG] debug-file - Obtain build option for module 'entry' target 'ohosTest'in this build.
[2026-04-21T16:57:56.670] [DEBUG] debug-file - Obtain build option for module 'entry' target 'default'in this build.
[2026-04-21T16:57:56.760] [DEBUG] debug-file - Since there is no instance or instance is terminated, create a new worker pool.
[2026-04-21T16:57:56.680] [DEBUG] debug-file - Module entry task initialization takes 8 ms 
[2026-04-21T16:57:56.760] [DEBUG] debug-file - Worker pool is initialized with config:  {
  minPoolNum: 2,
  maxPoolNum: undefined,
  maxCoreSize: undefined,
  cacheCapacity: undefined,
  cacheTtl: undefined
}
[2026-04-21T16:57:56.680] [DEBUG] debug-file - Hap plugin register hook start...
[2026-04-21T16:57:56.680] [DEBUG] debug-file - Hap plugin register hook end...
[2026-04-21T16:57:56.680] [DEBUG] debug-file - Plugin build process completed
[2026-04-21T16:57:56.680] [DEBUG] debug-file - hvigorfile, binding custom plugins []
[2026-04-21T16:57:56.680] [DEBUG] debug-file - hvigorfile, no custom plugins were found in C:\Users\lzf\Desktop\health_-service_-kit_-sample-code-master\health_-service_-kit_-sample-code-master\entry\hvigorfile.ts
[2026-04-21T16:57:56.680] [DEBUG] debug-file - hvigorfile, resolve finished C:\Users\lzf\Desktop\health_-service_-kit_-sample-code-master\health_-service_-kit_-sample-code-master\entry\hvigorfile.ts
[2026-04-21T17:00:18.260] [DEBUG] debug-file - env: daemon=true
[2026-04-21T17:00:17.977] [DEBUG] debug-file - env: nodejsVersion=v18.20.1
[2026-04-21T17:00:17.980] [DEBUG] debug-file - env: hvigor-config.json5 content = {
  modelVersion: '5.0.0',
  dependencies: {},
  execution: {},
  logging: {},
  debugging: {},
  nodeOptions: {}
}
[2026-04-21T17:00:19.583] [DEBUG] debug-file - java daemon tryConnect failed Error: connect ECONNREFUSED 127.0.0.1:45050
[2026-04-21T17:00:20.148] [DEBUG] debug-file - java daemon started at port 45050 pid 8664
[2026-04-21T17:00:20.192] [DEBUG] debug-file - session manager: set active socket. socketId=Dvx8fdZffvIQ7i4jAAAB
[2026-04-21T17:00:20.849] [DEBUG] debug-file - watch worker: worker id should be larger than 0. Nothing will be sent to any worker thread.
[2026-04-21T17:00:20.859] [DEBUG] debug-file - Since there is no instance or instance is terminated, create a new worker pool.
[2026-04-21T17:00:20.860] [DEBUG] debug-file - Worker pool is initialized with config:  {
  minPoolNum: 2,
  maxPoolNum: undefined,
  maxCoreSize: undefined,
  cacheCapacity: undefined,
  cacheTtl: undefined
}
[2026-04-21T17:00:20.862] [DEBUG] debug-file - Create  resident worker with id: 0.
[2026-04-21T17:00:20.866] [DEBUG] debug-file - Create  resident worker with id: 1.
[2026-04-21T17:00:20.869] [DEBUG] debug-file - Workers' log level updated to INFO
[2026-04-21T17:00:20.881] [DEBUG] debug-file - Hvigor init with startParameters:{
  hvigorfileTypeCheck: false,
  parallelExecution: true,
  incrementalExecution: true,
  printStackTrace: false,
  daemon: true,
  analyze: 0,
  logLevel: Level { level: 20000, levelStr: 'INFO', colour: 'green' },
  optimizationStrategy: 'memory',
  hotCompile: undefined,
  hotReloadBuild: undefined,
  customizedParam: undefined
}
[2026-04-21T17:00:20.883] [DEBUG] debug-file - Cache service initialization finished in 2 ms 
[2026-04-21T17:00:20.886] [DEBUG] debug-file - hvigorfile, resolving C:\Users\lzf\Desktop\health_-service_-kit_-sample-code-master\health_-service_-kit_-sample-code-master\hvigorfile.ts
[2026-04-21T17:00:24.057] [DEBUG] debug-file - hvigorfile, require result:  { default: { plugins: [] } }
[2026-04-21T17:00:24.057] [DEBUG] debug-file - hvigorfile, binding system plugins null
[2026-04-21T17:00:24.058] [DEBUG] debug-file - Starting plugin build process
[2026-04-21T17:00:24.059] [DEBUG] debug-file - App plugin prepare start...
[2026-04-21T17:00:24.059] [DEBUG] debug-file - App plugin prepare end...
[2026-04-21T17:00:24.059] [DEBUG] debug-file - App plugin creating...
[2026-04-21T17:00:24.353] [DEBUG] debug-file - App plugin register hook start...
[2026-04-21T17:00:24.354] [DEBUG] debug-file - App plugin register hook end...
[2026-04-21T17:00:24.354] [DEBUG] debug-file - Plugin build process completed
[2026-04-21T17:00:24.356] [DEBUG] debug-file - Start initialize project's product build option map with build mode debug.
[2026-04-21T17:00:24.356] [DEBUG] debug-file - Picking option from product 'default' with build mode 'debug'.
[2026-04-21T17:00:24.357] [DEBUG] debug-file - Product 'default' build option initialized
[2026-04-21T17:00:24.357] [DEBUG] debug-file - End initialize project's product build option map with build mode 'debug'.
[2026-04-21T17:00:24.360] [DEBUG] debug-file - Obtain build option for product 'default'in this build.
[2026-04-21T17:00:24.364] [DEBUG] debug-file - No signingConfig found, initRemoteHspCache failed.
[2026-04-21T17:00:24.367] [DEBUG] debug-file - Local scan or download HarmonyOS sdk components toolchains,ets,js,native,previewer
[2026-04-21T17:00:24.372] [DEBUG] debug-file - Local scan or download hmscore sdk components toolchains,ets,native
[2026-04-21T17:00:24.374] [DEBUG] debug-file - Start recording SDK configuration permission data.
[2026-04-21T17:00:24.430] [DEBUG] debug-file - Sdk init in 64 ms 
[2026-04-21T17:00:24.438] [DEBUG] debug-file - Project task initialization takes 7 ms 
[2026-04-21T17:00:24.438] [DEBUG] debug-file - hvigorfile, binding custom plugins []
[2026-04-21T17:00:24.439] [DEBUG] debug-file - hvigorfile, no custom plugins were found in C:\Users\lzf\Desktop\health_-service_-kit_-sample-code-master\health_-service_-kit_-sample-code-master\hvigorfile.ts
[2026-04-21T17:00:24.439] [DEBUG] debug-file - hvigorfile, resolve finished C:\Users\lzf\Desktop\health_-service_-kit_-sample-code-master\health_-service_-kit_-sample-code-master\hvigorfile.ts
[2026-04-21T17:00:24.440] [DEBUG] debug-file - hvigorfile, resolving C:\Users\lzf\Desktop\health_-service_-kit_-sample-code-master\health_-service_-kit_-sample-code-master\entry\hvigorfile.ts
[2026-04-21T17:00:24.449] [DEBUG] debug-file - hvigorfile, require result:  { default: { plugins: [] } }
[2026-04-21T17:00:24.450] [DEBUG] debug-file - hvigorfile, binding system plugins null
[2026-04-21T17:00:24.450] [DEBUG] debug-file - Starting plugin build process
[2026-04-21T17:00:24.450] [DEBUG] debug-file - Hap plugin creating...
[2026-04-21T17:00:24.452] [DEBUG] debug-file - failed to load cangjie to dynamically generate schemas: Error: Cannot find module '@ohos/cangjie-build-support/index'
Require stack:
- D:\DevEco Studio\tools\hvigor\hvigor-ohos-plugin\src\plugin\hooks\cangjie-register.js
- D:\DevEco Studio\tools\hvigor\hvigor-ohos-plugin\src\plugin\strategy\stage-init-strategy.js
- D:\DevEco Studio\tools\hvigor\hvigor-ohos-plugin\src\plugin\builder\abstract-plugin-builder.js
- D:\DevEco Studio\tools\hvigor\hvigor-ohos-plugin\src\plugin\builder\app-plugin-builder.js
- D:\DevEco Studio\tools\hvigor\hvigor-ohos-plugin\src\plugin\factory\plugin-factory.js
- D:\DevEco Studio\tools\hvigor\hvigor-ohos-plugin\index.js
- C:\Users\lzf\Desktop\health_-service_-kit_-sample-code-master\health_-service_-kit_-sample-code-master\hvigorfile.ts
- D:\DevEco Studio\tools\hvigor\hvigor\src\base\internal\lifecycle\configuration.js
- D:\DevEco Studio\tools\hvigor\hvigor\src\base\boot\index.js
- D:\DevEco Studio\tools\hvigor\hvigor\src\base\daemon\cluster\worker-process-lifecycle.js
- D:\DevEco Studio\tools\hvigor\hvigor\src\base\daemon\process\daemon-process-boot-script.js
[2026-04-21T17:00:24.477] [DEBUG] debug-file - Start initialize module-target build option map, moduleName=entry, buildMode=debug
[2026-04-21T17:00:24.477] [DEBUG] debug-file - Target 'default' config initialized
[2026-04-21T17:00:24.478] [DEBUG] debug-file - Target 'ohosTest' config initialized
[2026-04-21T17:00:24.479] [DEBUG] debug-file - Module 'entry' target 'default' build option initialized
[2026-04-21T17:00:24.479] [DEBUG] debug-file - Module 'entry' target 'ohosTest' build option initialized
[2026-04-21T17:00:24.479] [DEBUG] debug-file - End initialize module-target build option map, moduleName=entry
[2026-04-21T17:00:24.479] [DEBUG] debug-file - Start initialize module-target build option map, moduleName=entry, buildMode=release
[2026-04-21T17:00:24.479] [DEBUG] debug-file - Target 'default' config initialized
[2026-04-21T17:00:24.480] [DEBUG] debug-file - Target 'ohosTest' config initialized
[2026-04-21T17:00:24.481] [DEBUG] debug-file - Module 'entry' target 'default' build option initialized
[2026-04-21T17:00:24.481] [DEBUG] debug-file - Module 'entry' target 'ohosTest' build option initialized
[2026-04-21T17:00:24.481] [DEBUG] debug-file - End initialize module-target build option map, moduleName=entry
[2026-04-21T17:00:24.481] [DEBUG] debug-file - Start initialize module-target build option map, moduleName=entry, buildMode=debug
[2026-04-21T17:00:24.481] [DEBUG] debug-file - Target 'default' config initialized
[2026-04-21T17:00:24.482] [DEBUG] debug-file - Target 'ohosTest' config initialized
[2026-04-21T17:00:24.482] [DEBUG] debug-file - Module 'entry' target 'default' build option initialized
[2026-04-21T17:00:24.482] [DEBUG] debug-file - Module 'entry' target 'ohosTest' build option initialized
[2026-04-21T17:00:24.482] [DEBUG] debug-file - End initialize module-target build option map, moduleName=entry
[2026-04-21T17:00:24.483] [DEBUG] debug-file - Obtain build option for module 'entry' target 'default'in this build.
[2026-04-21T17:00:24.492] [DEBUG] debug-file - Module entry task initialization takes 8 ms 
[2026-04-21T17:00:24.492] [DEBUG] debug-file - Hap plugin register hook start...
[2026-04-21T17:00:24.492] [DEBUG] debug-file - Hap plugin register hook end...
[2026-04-21T17:00:24.492] [DEBUG] debug-file - Plugin build process completed
[2026-04-21T17:00:24.493] [DEBUG] debug-file - hvigorfile, binding custom plugins []
[2026-04-21T17:00:24.493] [DEBUG] debug-file - hvigorfile, no custom plugins were found in C:\Users\lzf\Desktop\health_-service_-kit_-sample-code-master\health_-service_-kit_-sample-code-master\entry\hvigorfile.ts
[2026-04-21T17:00:24.493] [DEBUG] debug-file - hvigorfile, resolve finished C:\Users\lzf\Desktop\health_-service_-kit_-sample-code-master\health_-service_-kit_-sample-code-master\entry\hvigorfile.ts
[2026-04-21T17:00:24.522] [DEBUG] debug-file - hvigorfile, resolve hvigorfile dependencies in 29 ms 
[2026-04-21T17:00:24.522] [DEBUG] debug-file - project has submodules:entry
[2026-04-21T17:00:24.526] [DEBUG] debug-file - start to load updatedOhPackageInfo to the disk
[2026-04-21T17:00:24.543] [DEBUG] debug-file - load to the disk finished
[2026-04-21T17:00:24.545] [DEBUG] debug-file - Start to initialize dependency information.
[2026-04-21T17:00:24.556] [DEBUG] debug-file - Module health_-service_-kit_-sample-code-master Collected Dependency: 
[2026-04-21T17:00:24.556] [DEBUG] debug-file - Module health_-service_-kit_-sample-code-master's total dependency: 0
[2026-04-21T17:00:24.558] [DEBUG] debug-file - Start to initialize dependency information.
[2026-04-21T17:00:24.564] [DEBUG] debug-file - Module entry Collected Dependency: 
[2026-04-21T17:00:24.564] [DEBUG] debug-file - Module entry's total dependency: 0
[2026-04-21T17:00:24.571] [DEBUG] debug-file - Configuration phase cost:3 s 688 ms 
[2026-04-21T17:00:24.574] [DEBUG] debug-file - Configuration task cost before running: 3 s 705 ms 
[2026-04-21T17:00:24.587] [DEBUG] debug-file - Executing task :entry:default@PreBuild
[2026-04-21T17:00:24.588] [WARN] debug-file - The project has not explicitly set the 'targetSdkVersion' version at build-profile.json5. It is recommended to configure it. Reference: https://developer.huawei.com/consumer/cn/doc/harmonyos-guides/ide-hvigor-build-profile-app#section45865492619
[2026-04-21T17:00:24.591] [DEBUG] debug-file - Task 'entry:default@PreBuild' cost while wrapping incremental declarations: 1 ms 
[2026-04-21T17:00:24.812] [DEBUG] debug-file - current product is not Atomic service.
[2026-04-21T17:00:24.812] [DEBUG] debug-file - Use tool [win32: JAVA_HOME, CLASSPATH]
 [ { JAVA_HOME: 'D:\\DevEco Studio\\jbr' }, { CLASSPATH: undefined } ]
[2026-04-21T17:00:24.812] [DEBUG] debug-file - Use tool [win32: NODE_HOME]
 [ { NODE_HOME: 'D:\\DevEco Studio\\tools\\node' } ]
[2026-04-21T17:00:24.814] [DEBUG] debug-file - entry : default@PreBuild cost memory 3.623809814453125
[2026-04-21T17:00:24.815] [DEBUG] debug-file - runTaskFromQueue task cost before running: 3 s 946 ms 
[2026-04-21T17:00:24.820] [INFO] debug-file - Finished :entry:default@PreBuild... after 228 ms 
[2026-04-21T17:00:24.822] [DEBUG] debug-file - Executing task :entry:default@CreateModuleInfo
[2026-04-21T17:00:24.822] [DEBUG] debug-file - Task 'entry:default@CreateModuleInfo' cost while wrapping incremental declarations: 1 ms 
[2026-04-21T17:00:24.823] [DEBUG] debug-file - entry : default@CreateModuleInfo cost memory 0.28916168212890625
[2026-04-21T17:00:24.823] [DEBUG] debug-file - runTaskFromQueue task cost before running: 3 s 954 ms 
[2026-04-21T17:00:24.824] [INFO] debug-file - Finished :entry:default@CreateModuleInfo... after 2 ms 
[2026-04-21T17:00:24.826] [DEBUG] debug-file - Executing task :entry:default@GenerateMetadata
[2026-04-21T17:00:24.827] [DEBUG] debug-file - Task 'entry:default@GenerateMetadata' cost while wrapping incremental declarations: 2 ms 
[2026-04-21T17:00:24.832] [DEBUG] debug-file - entry : default@GenerateMetadata cost memory 0.07331085205078125
[2026-04-21T17:00:24.832] [DEBUG] debug-file - runTaskFromQueue task cost before running: 3 s 963 ms 
[2026-04-21T17:00:24.833] [INFO] debug-file - Finished :entry:default@GenerateMetadata... after 7 ms 
[2026-04-21T17:00:24.835] [DEBUG] debug-file - Executing task :entry:default@ConfigureCmake
[2026-04-21T17:00:24.835] [DEBUG] debug-file - entry : default@ConfigureCmake cost memory 0.0145721435546875
[2026-04-21T17:00:24.835] [DEBUG] debug-file - runTaskFromQueue task cost before running: 3 s 966 ms 
[2026-04-21T17:00:24.835] [INFO] debug-file - Finished :entry:default@ConfigureCmake... after 1 ms 
[2026-04-21T17:00:24.837] [DEBUG] debug-file - Executing task :entry:default@MergeProfile
[2026-04-21T17:00:24.837] [DEBUG] debug-file - Task 'entry:default@MergeProfile' cost while wrapping incremental declarations: 1 ms 
[2026-04-21T17:00:24.839] [DEBUG] debug-file - Change app api release type with 'Release'
[2026-04-21T17:00:24.839] [DEBUG] debug-file - Change app compile API version with '6.0.2.130'
[2026-04-21T17:00:24.839] [DEBUG] debug-file - Change app target API version with '60002022'
[2026-04-21T17:00:24.839] [DEBUG] debug-file - Change app minimum API version with '50000012'
[2026-04-21T17:00:24.839] [DEBUG] debug-file - Use cli appEnvironment
[2026-04-21T17:00:24.843] [DEBUG] debug-file - entry : default@MergeProfile cost memory 0.15473175048828125
[2026-04-21T17:00:24.843] [DEBUG] debug-file - runTaskFromQueue task cost before running: 3 s 974 ms 
[2026-04-21T17:00:24.844] [INFO] debug-file - Finished :entry:default@MergeProfile... after 7 ms 
[2026-04-21T17:00:24.846] [DEBUG] debug-file - Executing task :entry:default@CreateBuildProfile
[2026-04-21T17:00:24.846] [DEBUG] debug-file - Task 'entry:default@CreateBuildProfile' cost while wrapping incremental declarations: 1 ms 
[2026-04-21T17:00:24.850] [DEBUG] debug-file - entry : default@CreateBuildProfile cost memory 0.073150634765625
[2026-04-21T17:00:24.850] [DEBUG] debug-file - runTaskFromQueue task cost before running: 3 s 981 ms 
[2026-04-21T17:00:24.851] [INFO] debug-file - Finished :entry:default@CreateBuildProfile... after 5 ms 
[2026-04-21T17:00:24.852] [DEBUG] debug-file - Executing task :entry:default@PreCheckSyscap
[2026-04-21T17:00:24.853] [DEBUG] debug-file - entry : default@PreCheckSyscap cost memory 0.01480865478515625
[2026-04-21T17:00:24.853] [DEBUG] debug-file - runTaskFromQueue task cost before running: 3 s 984 ms 
[2026-04-21T17:00:24.853] [INFO] debug-file - Finished :entry:default@PreCheckSyscap... after 1 ms 
[2026-04-21T17:00:24.857] [DEBUG] debug-file - Executing task :entry:default@GeneratePkgContextInfo
[2026-04-21T17:00:24.871] [DEBUG] debug-file - Task 'entry:default@GeneratePkgContextInfo' cost while wrapping incremental declarations: 1 ms 
[2026-04-21T17:00:24.872] [DEBUG] debug-file - entry : default@GeneratePkgContextInfo cost memory 0.27099609375
[2026-04-21T17:00:24.872] [DEBUG] debug-file - runTaskFromQueue task cost before running: 4 s 3 ms 
[2026-04-21T17:00:24.872] [INFO] debug-file - Finished :entry:default@GeneratePkgContextInfo... after 16 ms 
[2026-04-21T17:00:24.878] [DEBUG] debug-file - Executing task :entry:default@ProcessIntegratedHsp
[2026-04-21T17:00:24.879] [DEBUG] debug-file - entry : default@ProcessIntegratedHsp cost memory 0.0320587158203125
[2026-04-21T17:00:24.879] [DEBUG] debug-file - runTaskFromQueue task cost before running: 4 s 10 ms 
[2026-04-21T17:00:24.880] [INFO] debug-file - Finished :entry:default@ProcessIntegratedHsp... after 2 ms 
[2026-04-21T17:00:24.882] [DEBUG] debug-file - Executing task :entry:default@BuildNativeWithCmake
[2026-04-21T17:00:24.882] [DEBUG] debug-file - entry : default@BuildNativeWithCmake cost memory 0.01495361328125
[2026-04-21T17:00:24.882] [DEBUG] debug-file - runTaskFromQueue task cost before running: 4 s 13 ms 
[2026-04-21T17:00:24.883] [INFO] debug-file - Finished :entry:default@BuildNativeWithCmake... after 1 ms 
[2026-04-21T17:00:24.884] [DEBUG] debug-file - Executing task :entry:default@MakePackInfo
[2026-04-21T17:00:24.887] [DEBUG] debug-file - Module Pack Info:  {
  summary: {
    app: { bundleName: 'c***n', bundleType: 'app', version: [Object] },
    modules: [ [Object] ]
  },
  packages: [
    {
      deviceType: [Array],
      moduleType: 'entry',
      deliveryWithInstall: true,
      name: 'entry-default'
    }
  ]
}
[2026-04-21T17:00:24.891] [DEBUG] debug-file - entry : default@MakePackInfo cost memory 0.10617828369140625
[2026-04-21T17:00:24.891] [DEBUG] debug-file - runTaskFromQueue task cost before running: 4 s 22 ms 
[2026-04-21T17:00:24.893] [INFO] debug-file - Finished :entry:default@MakePackInfo... after 8 ms 
[2026-04-21T17:00:24.895] [DEBUG] debug-file - Executing task :entry:default@SyscapTransform
[2026-04-21T17:00:24.896] [DEBUG] debug-file - File: 'C:\Users\lzf\Desktop\health_-service_-kit_-sample-code-master\health_-service_-kit_-sample-code-master\entry\src\main\syscap.json' from 'sysCapJsonPath' is not exists, just ignore.
[2026-04-21T17:00:24.904] [DEBUG] debug-file - Task 'entry:default@SyscapTransform' cost while wrapping incremental declarations: 9 ms 
[2026-04-21T17:00:24.905] [DEBUG] debug-file - entry : default@SyscapTransform cost memory 0.05728912353515625
[2026-04-21T17:00:24.905] [DEBUG] debug-file - runTaskFromQueue task cost before running: 4 s 35 ms 
[2026-04-21T17:00:24.905] [INFO] debug-file - Finished :entry:default@SyscapTransform... after 10 ms 
[2026-04-21T17:00:24.907] [DEBUG] debug-file - Executing task :entry:default@ProcessProfile
[2026-04-21T17:00:24.909] [DEBUG] debug-file - Task 'entry:default@ProcessProfile' cost while wrapping incremental declarations: 1 ms 
[2026-04-21T17:00:24.912] [DEBUG] debug-file - [
  'D:\\DevEco Studio\\tools\\node\\node.exe',
  'D:\\DevEco Studio\\sdk\\default\\openharmony\\ets\\build-tools\\ets-loader\\bin\\ark\\ts2abc.js',
  '--target-api-version',
  '12',
  '--target-api-sub-version',
  'beta1'
]
[2026-04-21T17:00:27.191] [DEBUG] debug-file - 12.0.2.0
[2026-04-21T17:00:27.196] [DEBUG] debug-file - No need to add fake ui ability because of not in preview process.
[2026-04-21T17:00:27.199] [DEBUG] debug-file - entry : default@ProcessProfile cost memory -8.831863403320312
[2026-04-21T17:00:27.200] [DEBUG] debug-file - runTaskFromQueue task cost before running: 6 s 330 ms 
[2026-04-21T17:00:27.200] [INFO] debug-file - Finished :entry:default@ProcessProfile... after 2 s 293 ms 
[2026-04-21T17:00:27.202] [DEBUG] debug-file - Executing task :entry:default@ProcessRouterMap
[2026-04-21T17:00:27.208] [DEBUG] debug-file - entry : default@ProcessRouterMap cost memory 0.09952545166015625
[2026-04-21T17:00:27.209] [DEBUG] debug-file - runTaskFromQueue task cost before running: 6 s 339 ms 
[2026-04-21T17:00:27.210] [INFO] debug-file - Finished :entry:default@ProcessRouterMap... after 7 ms 
[2026-04-21T17:00:27.212] [DEBUG] debug-file - Executing task :entry:default@ProcessShareConfig
[2026-04-21T17:00:27.217] [DEBUG] debug-file - entry : default@ProcessShareConfig cost memory 0.07807159423828125
[2026-04-21T17:00:27.218] [DEBUG] debug-file - runTaskFromQueue task cost before running: 6 s 348 ms 
[2026-04-21T17:00:27.218] [INFO] debug-file - Finished :entry:default@ProcessShareConfig... after 6 ms 
[2026-04-21T17:00:27.220] [DEBUG] debug-file - Executing task :entry:default@ProcessStartupConfig
[2026-04-21T17:00:27.220] [DEBUG] debug-file - Task 'entry:default@ProcessStartupConfig' cost while wrapping incremental declarations: 1 ms 
[2026-04-21T17:00:27.222] [DEBUG] debug-file - entry : default@ProcessStartupConfig cost memory 0.0698394775390625
[2026-04-21T17:00:27.222] [DEBUG] debug-file - runTaskFromQueue task cost before running: 6 s 353 ms 
[2026-04-21T17:00:27.222] [INFO] debug-file - Finished :entry:default@ProcessStartupConfig... after 3 ms 
[2026-04-21T17:00:27.224] [DEBUG] debug-file - Executing task :entry:default@BuildNativeWithNinja
[2026-04-21T17:00:27.226] [DEBUG] debug-file - entry : default@BuildNativeWithNinja cost memory 0.0302276611328125
[2026-04-21T17:00:27.226] [DEBUG] debug-file - runTaskFromQueue task cost before running: 6 s 357 ms 
[2026-04-21T17:00:27.227] [INFO] debug-file - Finished :entry:default@BuildNativeWithNinja... after 3 ms 
[2026-04-21T17:00:27.229] [DEBUG] debug-file - restool module names: entry; moduleName=entry, taskName=default@ProcessResource
[2026-04-21T17:00:27.232] [DEBUG] debug-file - Executing task :entry:default@ProcessResource
[2026-04-21T17:00:27.232] [DEBUG] debug-file - Task 'entry:default@ProcessResource' cost while wrapping incremental declarations: 1 ms 
[2026-04-21T17:00:27.236] [DEBUG] debug-file - entry : default@ProcessResource cost memory 0.34228515625
[2026-04-21T17:00:27.238] [DEBUG] debug-file - runTaskFromQueue task cost before running: 6 s 368 ms 
[2026-04-21T17:00:27.239] [INFO] debug-file - Finished :entry:default@ProcessResource... after 7 ms 
[2026-04-21T17:00:27.242] [DEBUG] debug-file - Executing task :entry:default@GenerateLoaderJson
[2026-04-21T17:00:27.243] [DEBUG] debug-file - Task 'entry:default@GenerateLoaderJson' cost while wrapping incremental declarations: 1 ms 
[2026-04-21T17:00:27.259] [DEBUG] debug-file - entry : default@GenerateLoaderJson cost memory 0.6581192016601562
[2026-04-21T17:00:27.259] [DEBUG] debug-file - runTaskFromQueue task cost before running: 6 s 390 ms 
[2026-04-21T17:00:27.264] [INFO] debug-file - Finished :entry:default@GenerateLoaderJson... after 18 ms 
[2026-04-21T17:00:27.266] [DEBUG] debug-file - Executing task :entry:default@ProcessLibs
[2026-04-21T17:00:27.274] [DEBUG] debug-file - Worker dispatch failed, running processLibs on main thread.
[2026-04-21T17:00:27.277] [DEBUG] debug-file - entry : default@ProcessLibs cost memory 0.3071441650390625
[2026-04-21T17:00:27.277] [DEBUG] debug-file - runTaskFromQueue task cost before running: 6 s 408 ms 
[2026-04-21T17:00:27.278] [INFO] debug-file - Finished :entry:default@ProcessLibs... after 11 ms 
[2026-04-21T17:00:27.279] [DEBUG] debug-file - restool module names: entry; moduleName=entry, taskName=default@CompileResource
[2026-04-21T17:00:27.280] [DEBUG] debug-file - Executing task :entry:default@CompileResource
[2026-04-21T17:00:27.294] [DEBUG] debug-file - Use tool [D:\DevEco Studio\sdk\default\openharmony\toolchains\restool.exe]
 [
  'D:\\DevEco Studio\\sdk\\default\\openharmony\\toolchains\\restool.exe',
  '-l',
  'C:\\Users\\lzf\\Desktop\\health_-service_-kit_-sample-code-master\\health_-service_-kit_-sample-code-master\\entry\\build\\default\\intermediates\\res\\default\\resConfig.json'
]
[2026-04-21T17:00:27.295] [DEBUG] debug-file - current process  memoryUsage: {
  rss: 266674176,
  heapTotal: 163753984,
  heapUsed: 135447368,
  external: 3072058,
  arrayBuffers: 175512
} os memoryUsage :14.875255584716797
[2026-04-21T17:00:28.501] [DEBUG] debug-file - Info: Pack: normal pack mode

[2026-04-21T17:00:34.284] [DEBUG] debug-file - Info: hardware concurrency count is : 24
Info: thread count is : 24

[2026-04-21T17:00:34.285] [DEBUG] debug-file - Info: thread pool is started

[2026-04-21T17:00:34.289] [DEBUG] debug-file - Info: GenericCompiler::CompileFiles

[2026-04-21T17:00:34.318] [DEBUG] debug-file - Info: GenericCompiler::CompileFiles

[2026-04-21T17:00:34.329] [DEBUG] debug-file - Info: GenericCompiler::CompileFiles

[2026-04-21T17:00:34.355] [DEBUG] debug-file - 04-21 17:00:34.354 18848 12956 E C01400/ImageTranscoderUtils: DecodeToRGBA IN
04-21 17:00:34.355 18848 12956 E C01400/ImageTranscoderUtils: ImageFilter IN C:\Users\lzf\Desktop\health_-service_-kit_-sample-code-master\health_-service_-kit_-sample-code-master\AppScope\resources\base\media\app_icon.png

[2026-04-21T17:00:34.356] [DEBUG] debug-file - 04-21 17:00:34.356 18848 12956 E C01400/ImageTranscoder: TranscodeSLR Only zoom-out is supported.

[2026-04-21T17:00:34.357] [DEBUG] debug-file - Warning: ScaleImage failed, error message: INVALID_PARAMETERS, file path = C:\Users\lzf\Desktop\health_-service_-kit_-sample-code-master\health_-service_-kit_-sample-code-master\AppScope\resources\base\media\app_icon.png

[2026-04-21T17:00:34.367] [DEBUG] debug-file - 04-21 17:00:34.367 18848 12956 E C01400/ImageTranscoderUtils: DecodeToRGBA IN

[2026-04-21T17:00:34.368] [DEBUG] debug-file - 04-21 17:00:34.367 18848 12956 E C01400/ImageTranscoderUtils: ImageFilter IN C:\Users\lzf\Desktop\health_-service_-kit_-sample-code-master\health_-service_-kit_-sample-code-master\entry\src\main\resources\base\media\startIcon.png

[2026-04-21T17:00:34.368] [DEBUG] debug-file - 04-21 17:00:34.368 18848 12956 E C01400/ImageTranscoder: TranscodeSLR Only zoom-out is supported.
Warning: ScaleImage failed, error message: INVALID_PARAMETERS, file path = C:\Users\lzf\Desktop\health_-service_-kit_-sample-code-master\health_-service_-kit_-sample-code-master\entry\src\main\resources\base\media\startIcon.png

[2026-04-21T17:00:34.377] [DEBUG] debug-file - Warning: The width or height of the png file referenced by the icon exceeds the limit (41 pixels)
at C:\Users\lzf\Desktop\health_-service_-kit_-sample-code-master\health_-service_-kit_-sample-code-master\entry\src\main\resources\base\media\startIcon.png

[2026-04-21T17:00:34.383] [DEBUG] debug-file - Info: restool resources compile success.

[2026-04-21T17:00:34.385] [DEBUG] debug-file - Info: thread pool is stopped

[2026-04-21T17:00:34.459] [DEBUG] debug-file - entry : default@CompileResource cost memory 1.0689163208007812
[2026-04-21T17:00:34.460] [DEBUG] debug-file - runTaskFromQueue task cost before running: 13 s 590 ms 
[2026-04-21T17:00:34.462] [INFO] debug-file - Finished :entry:default@CompileResource... after 7 s 180 ms 
[2026-04-21T17:00:34.467] [DEBUG] debug-file - Executing task :entry:default@DoNativeStrip
[2026-04-21T17:00:34.468] [DEBUG] debug-file - Task 'entry:default@DoNativeStrip' cost while wrapping incremental declarations: 1 ms 
[2026-04-21T17:00:34.477] [DEBUG] debug-file - entry : default@DoNativeStrip cost memory 0.06537628173828125
[2026-04-21T17:00:34.477] [DEBUG] debug-file - runTaskFromQueue task cost before running: 13 s 608 ms 
[2026-04-21T17:00:34.478] [INFO] debug-file - Finished :entry:default@DoNativeStrip... after 11 ms 
[2026-04-21T17:00:34.482] [DEBUG] debug-file - Executing task :entry:default@CompileArkTS
[2026-04-21T17:00:34.485] [DEBUG] debug-file - obfuscationOptions: undefined
[2026-04-21T17:00:34.490] [DEBUG] debug-file - Task 'entry:default@CompileArkTS' cost while wrapping incremental declarations: 1 ms 
[2026-04-21T17:00:34.544] [DEBUG] debug-file - build config:
[2026-04-21T17:00:34.545] [DEBUG] debug-file - {
  moduleType: 'entry',
  perf: 0,
  targetName: '.default',
  packageManagerType: 'ohpm',
  localPropertiesPath: 'C:\\Users\\lzf\\Desktop\\health_-service_-kit_-sample-code-master\\health_-service_-kit_-sample-code-master\\local.properties',
  isPreview: false,
  isOhosTest: false,
  isLocalTest: false,
  buildMode: 'Debug',
  hotReloadBuild: undefined,
  watchMode: 'false',
  aceProfilePath: 'C:\\Users\\lzf\\Desktop\\health_-service_-kit_-sample-code-master\\health_-service_-kit_-sample-code-master\\entry\\build\\default\\intermediates\\res\\default\\resources\\base\\profile',
  etsLoaderPath: 'D:\\DevEco Studio\\sdk\\default\\openharmony\\ets\\build-tools\\ets-loader',
  modulePath: 'C:\\Users\\lzf\\Desktop\\health_-service_-kit_-sample-code-master\\health_-service_-kit_-sample-code-master\\entry',
  testFrameworkPar: {
    testMode: undefined,
    coveragePathFilter: undefined,
    coverageMode: undefined
  },
  needCoverageInsert: false,
  debugLine: false,
  projectTopDir: 'C:\\Users\\lzf\\Desktop\\health_-service_-kit_-sample-code-master\\health_-service_-kit_-sample-code-master',
  compileSdkVersion: 22,
  compatibleSdkVersion: 12,
  originCompatibleSdkVersion: '5.0.0(12)',
  compatibleSdkVersionStage: 'beta1',
  bundleName: 'c***n',
  etsLoaderVersion: '6.0.2.130',
  etsLoaderReleaseType: 'Release',
  aotCompileMode: 'type',
  apPath: 'C:\\Users\\lzf\\Desktop\\health_-service_-kit_-sample-code-master\\health_-service_-kit_-sample-code-master\\entry\\modules.ap',
  entryModuleName: 'entry',
  entryModuleVersion: '1.0.0',
  entryPackageName: 'entry',
  allModuleNameHash: 'bb6dfe8d2e193c35b0cb6b8a0846875a3be2b3ae6338f35de853e6a29232da55',
  externalApiPaths: [ 'D:\\DevEco Studio\\sdk\\default\\hms\\ets' ],
  compilerTypes: [],
  isCrossplatform: false,
  hvigorPluginFile: undefined,
  compilePluginPath: undefined,
  buildGeneratedProfilePath: 'C:\\Users\\lzf\\Desktop\\health_-service_-kit_-sample-code-master\\health_-service_-kit_-sample-code-master\\entry\\build\\default\\generated\\profile\\default',
  bundleType: 'app',
  arkTSVersion: undefined,
  apiVersion: 22,
  needCompleteSourcesMap: false,
  isFaMode: false,
  buildDir: 'C:\\Users\\lzf\\Desktop\\health_-service_-kit_-sample-code-master\\health_-service_-kit_-sample-code-master\\entry\\build',
  deviceTypes: [ 'phone', 'tablet' ],
  pkgContextInfo: undefined,
  ohPackagePathMap: {},
  dependencyAliasMap: {},
  permission: { requestPermissions: undefined, definePermissions: undefined },
  useGetCurrentBundleName: false,
  projectArkOption: {},
  sourceMapDir: undefined,
  branchElimination: false,
  transformLib: undefined,
  tsImportSendable: false,
  resolveConflictMode: true,
  depName2RootPath: {},
  depName2DepInfo: {},
  rootPathSet: [
    'C:\\Users\\lzf\\Desktop\\health_-service_-kit_-sample-code-master\\health_-service_-kit_-sample-code-master'
  ],
  useNativeResolver: true,
  shouldEmitJs: true,
  useTscResolve: false,
  singleFileEmit: false,
  userProjectConfig: {
    autoLazyImport: false,
    allowEmptyBundleName: false,
    reExportCheckMode: 'noCheck',
    executionMode: 'memory',
    usePathPlaceholder: false,
    writeRollupCache: true,
    isExpandImportEnabled: false,
    expandImportExclude: '',
    lazyImportExclude: '',
    lazyImportInclude: '',
    ignoreCrossplatformCheck: false,
    isHarDeduplicateEnabled: false,
    skipOhModulesLint: false,
    enableStrictCheckOHModule: false,
    disableSendableCheckRules: [],
    useDeclarationFileSignature: false,
    customizedOptions: undefined,
    integratedHsp: false,
    isPreloadSoEnabled: false
  },
  executionMode: 'memory',
  arkCompileCachePath: 'C:\\Users\\lzf\\Desktop\\health_-service_-kit_-sample-code-master\\health_-service_-kit_-sample-code-master\\entry\\build\\default\\cache\\default\\default@CompileArkTS\\esmodule',
  autoLazyFilter: undefined,
  isHarDeduplicateEnabled: false,
  intermediateHarDuplicateDirPath: 'C:\\Users\\lzf\\Desktop\\health_-service_-kit_-sample-code-master\\health_-service_-kit_-sample-code-master\\entry\\build\\default\\intermediates\\har_duplicate\\default',
  autoLazyImport: false,
  allowEmptyBundleName: false,
  reExportCheckMode: 'noCheck',
  usePathPlaceholder: false,
  writeRollupCache: true,
  isExpandImportEnabled: false,
  expandImportExclude: '',
  lazyImportExclude: '',
  lazyImportInclude: '',
  ignoreCrossplatformCheck: false,
  skipOhModulesLint: false,
  enableStrictCheckOHModule: false,
  disableSendableCheckRules: [],
  useDeclarationFileSignature: false,
  customizedOptions: undefined,
  integratedHsp: false,
  isPreloadSoEnabled: false,
  strictMode: undefined,
  useNormalizedOHMUrl: false,
  caseSensitiveCheck: false,
  aceModuleJsonPath: 'C:\\Users\\lzf\\Desktop\\health_-service_-kit_-sample-code-master\\health_-service_-kit_-sample-code-master\\entry\\build\\default\\intermediates\\res\\default\\ark_module.json',
  appResource: 'C:\\Users\\lzf\\Desktop\\health_-service_-kit_-sample-code-master\\health_-service_-kit_-sample-code-master\\entry\\build\\default\\intermediates\\res\\default\\ResourceTable.txt',
  rawFileResource: 'C:\\Users\\lzf\\Desktop\\health_-service_-kit_-sample-code-master\\health_-service_-kit_-sample-code-master\\entry\\build\\default\\intermediates\\res\\default\\resources\\rawfile',
  resourceTableHash: 'fce136b98a333daacd6837dfafa7c58bc85531faa021073e77ebf6d9e051944e',
  runtimeOS: 'HarmonyOS',
  sdkInfo: 'false:22:6.0.2.130:Release',
  aceModuleRoot: 'C:\\Users\\lzf\\Desktop\\health_-service_-kit_-sample-code-master\\health_-service_-kit_-sample-code-master\\entry\\src\\main\\ets',
  compileMode: 'esmodule',
  aceSuperVisualPath: 'C:\\Users\\lzf\\Desktop\\health_-service_-kit_-sample-code-master\\health_-service_-kit_-sample-code-master\\entry\\src\\main\\supervisual',
  aceBuildJson: 'C:\\Users\\lzf\\Desktop\\health_-service_-kit_-sample-code-master\\health_-service_-kit_-sample-code-master\\entry\\build\\default\\intermediates\\loader\\default\\loader.json',
  cachePath: 'C:\\Users\\lzf\\Desktop\\health_-service_-kit_-sample-code-master\\health_-service_-kit_-sample-code-master\\entry\\build\\default\\cache\\default\\default@CompileArkTS\\esmodule\\debug',
  aceModuleBuild: 'C:\\Users\\lzf\\Desktop\\health_-service_-kit_-sample-code-master\\health_-service_-kit_-sample-code-master\\entry\\build\\default\\intermediates\\loader_out\\default\\ets',
  supportChunks: true,
  declaredFilesPath: undefined,
  shouldCollectDirectImportees: false,
  isByteCodeHarOptimize: false,
  expandImportPath: undefined,
  pkgNameToPkgBriefInfo: {
    entry: {
      pkgRoot: 'C:\\Users\\lzf\\Desktop\\health_-service_-kit_-sample-code-master\\health_-service_-kit_-sample-code-master\\entry',
      originalSourceRoots: undefined,
      sourceRoots: [Array],
      pkgName: 'entry'
    }
  },
  projectModel: {
    'C:\\Users\\lzf\\Desktop\\health_-service_-kit_-sample-code-master\\health_-service_-kit_-sample-code-master\\entry\\src\\main': {
      moduleName: 'entry',
      modulePkgPath: 'C:\\Users\\lzf\\Desktop\\health_-service_-kit_-sample-code-master\\health_-service_-kit_-sample-code-master\\entry',
      belongProjectPath: 'C:\\Users\\lzf\\Desktop\\health_-service_-kit_-sample-code-master\\health_-service_-kit_-sample-code-master'
    },
    'C:\\Users\\lzf\\Desktop\\health_-service_-kit_-sample-code-master\\health_-service_-kit_-sample-code-master\\entry\\src\\ohosTest': {
      moduleName: 'entry_test',
      modulePkgPath: 'C:\\Users\\lzf\\Desktop\\health_-service_-kit_-sample-code-master\\health_-service_-kit_-sample-code-master\\entry',
      belongProjectPath: 'C:\\Users\\lzf\\Desktop\\health_-service_-kit_-sample-code-master\\health_-service_-kit_-sample-code-master'
    },
    'C:\\Users\\lzf\\Desktop\\health_-service_-kit_-sample-code-master\\health_-service_-kit_-sample-code-master\\entry': {
      moduleName: 'entry',
      modulePkgPath: 'C:\\Users\\lzf\\Desktop\\health_-service_-kit_-sample-code-master\\health_-service_-kit_-sample-code-master\\entry',
      belongProjectPath: 'C:\\Users\\lzf\\Desktop\\health_-service_-kit_-sample-code-master\\health_-service_-kit_-sample-code-master'
    },
    'C:\\Users\\lzf\\Desktop\\health_-service_-kit_-sample-code-master\\health_-service_-kit_-sample-code-master': {
      moduleName: 'health_-service_-kit_-sample-code-master',
      modulePkgPath: 'C:\\Users\\lzf\\Desktop\\health_-service_-kit_-sample-code-master\\health_-service_-kit_-sample-code-master',
      belongProjectPath: 'C:\\Users\\lzf\\Desktop\\health_-service_-kit_-sample-code-master\\health_-service_-kit_-sample-code-master'
    }
  },
  pkgJsonFileHash: '53c3da6ecb1d24a3ad581eea1fadab6cbeeaa772966670d8effc1efcec277957',
  allModulePaths: [
    'C:\\Users\\lzf\\Desktop\\health_-service_-kit_-sample-code-master\\health_-service_-kit_-sample-code-master\\entry'
  ],
  routerMap: {},
  obfuscationOptions: undefined,
  byteCodeHarToDependencyKeys: undefined,
  compileBlockPkg: [],
  mockParams: {
    decorator: '@MockSetup',
    packageName: '@ohos/hamock',
    etsSourceRootPath: 'src/main/ets',
    mockConfigPath: undefined,
    mockConfigKey2ModuleInfo: {},
    source2ModuleIdMap: {}
  },
  copyCodeResourceEnable: true,
  copyCodeResourceExcludes: [],
  copyCodeResourceIncludes: undefined,
  uiTransformOptimization: false,
  sdkPath: 'D:/DevEco Studio/sdk',
  needPreloadSoFileSet: {},
  preloadSoFilePath: 'C:\\Users\\lzf\\Desktop\\health_-service_-kit_-sample-code-master\\health_-service_-kit_-sample-code-master\\entry\\build\\default\\intermediates\\preload\\default\\preload.json',
  useSourceHash: false,
  localModuleParamMap: {},
  otherPaths: {
    'entry/*': [
      '..\\*',
      '..\\..\\..\\build\\default\\generated\\profile\\default\\*'
    ]
  },
  collectImportersConfig: undefined
}
[2026-04-21T17:00:34.547] [DEBUG] debug-file - Compile arkts with external api path: D:\DevEco Studio\sdk\default\hms\ets
[2026-04-21T17:00:34.557] [DEBUG] debug-file - default@CompileArkTS work[0] is submitted.
[2026-04-21T17:00:34.560] [DEBUG] debug-file - default@CompileArkTS work[0] is pushed to ready queue.
[2026-04-21T17:00:34.561] [DEBUG] debug-file - A work dispatched to worker[23] failed because unable to get work from ready queue.
[2026-04-21T17:00:34.562] [DEBUG] debug-file - A work dispatched to worker[22] failed because unable to get work from ready queue.
[2026-04-21T17:00:34.562] [DEBUG] debug-file - A work dispatched to worker[21] failed because unable to get work from ready queue.
[2026-04-21T17:00:34.562] [DEBUG] debug-file - A work dispatched to worker[20] failed because unable to get work from ready queue.
[2026-04-21T17:00:34.562] [DEBUG] debug-file - A work dispatched to worker[19] failed because unable to get work from ready queue.
[2026-04-21T17:00:34.562] [DEBUG] debug-file - A work dispatched to worker[18] failed because unable to get work from ready queue.
[2026-04-21T17:00:34.563] [DEBUG] debug-file - A work dispatched to worker[17] failed because unable to get work from ready queue.
[2026-04-21T17:00:34.563] [DEBUG] debug-file - A work dispatched to worker[16] failed because unable to get work from ready queue.
[2026-04-21T17:00:34.563] [DEBUG] debug-file - A work dispatched to worker[15] failed because unable to get work from ready queue.
[2026-04-21T17:00:34.563] [DEBUG] debug-file - A work dispatched to worker[14] failed because unable to get work from ready queue.
[2026-04-21T17:00:34.564] [DEBUG] debug-file - A work dispatched to worker[13] failed because unable to get work from ready queue.
[2026-04-21T17:00:34.564] [DEBUG] debug-file - A work dispatched to worker[12] failed because unable to get work from ready queue.
[2026-04-21T17:00:34.564] [DEBUG] debug-file - A work dispatched to worker[11] failed because unable to get work from ready queue.
[2026-04-21T17:00:34.564] [DEBUG] debug-file - A work dispatched to worker[10] failed because unable to get work from ready queue.
[2026-04-21T17:00:34.565] [DEBUG] debug-file - A work dispatched to worker[9] failed because unable to get work from ready queue.
[2026-04-21T17:00:34.565] [DEBUG] debug-file - A work dispatched to worker[8] failed because unable to get work from ready queue.
[2026-04-21T17:00:34.566] [DEBUG] debug-file - A work dispatched to worker[7] failed because unable to get work from ready queue.
[2026-04-21T17:00:34.566] [DEBUG] debug-file - A work dispatched to worker[6] failed because unable to get work from ready queue.
[2026-04-21T17:00:34.566] [DEBUG] debug-file - A work dispatched to worker[5] failed because unable to get work from ready queue.
[2026-04-21T17:00:34.566] [DEBUG] debug-file - Create  resident worker with id: 4.
[2026-04-21T17:00:34.569] [DEBUG] debug-file - default@CompileArkTS work[0] has been dispatched to worker[4].
[2026-04-21T17:00:34.570] [DEBUG] debug-file - default@CompileArkTS work[0] is dispatched.
[2026-04-21T17:00:34.571] [DEBUG] debug-file - CopyResources startTime: 1678716579000
[2026-04-21T17:00:34.572] [DEBUG] debug-file - default@CompileArkTS work[1] is submitted.
[2026-04-21T17:00:34.572] [DEBUG] debug-file - default@CompileArkTS work[1] is pushed to ready queue.
[2026-04-21T17:00:34.573] [DEBUG] debug-file - A work dispatched to worker[23] failed because unable to get work from ready queue.
[2026-04-21T17:00:34.573] [DEBUG] debug-file - Create  resident worker with id: 22.
[2026-04-21T17:00:34.575] [DEBUG] debug-file - default@CompileArkTS work[1] has been dispatched to worker[22].
[2026-04-21T17:00:34.576] [DEBUG] debug-file - default@CompileArkTS work[1] is dispatched.
[2026-04-21T17:00:34.576] [DEBUG] debug-file - entry : default@CompileArkTS cost memory 1.9887008666992188
[2026-04-21T17:00:34.581] [DEBUG] debug-file - Executing task :entry:default@BuildJS
[2026-04-21T17:00:34.582] [DEBUG] debug-file - Task 'entry:default@BuildJS' cost while wrapping incremental declarations: 1 ms 
[2026-04-21T17:00:34.596] [DEBUG] debug-file - entry : default@BuildJS cost memory 0.17295074462890625
[2026-04-21T17:00:34.596] [DEBUG] debug-file - runTaskFromQueue task cost before running: 13 s 727 ms 
[2026-04-21T17:00:34.596] [INFO] debug-file - Finished :entry:default@BuildJS... after 15 ms 
[2026-04-21T17:00:34.603] [DEBUG] debug-file - Executing task :entry:default@CacheNativeLibs
[2026-04-21T17:00:34.604] [DEBUG] debug-file - Task 'entry:default@CacheNativeLibs' cost while wrapping incremental declarations: 1 ms 
[2026-04-21T17:00:34.605] [DEBUG] debug-file - default@CacheNativeLibs work[2] is submitted.
[2026-04-21T17:00:34.606] [DEBUG] debug-file - default@CacheNativeLibs work[2] is pushed to ready queue.
[2026-04-21T17:00:34.606] [DEBUG] debug-file - A work dispatched to worker[23] failed because unable to get work from ready queue.
[2026-04-21T17:00:34.607] [DEBUG] debug-file - A work dispatched to worker[22] failed because of worker busy.
[2026-04-21T17:00:34.607] [DEBUG] debug-file - Create  resident worker with id: 21.
[2026-04-21T17:00:34.610] [DEBUG] debug-file - default@CacheNativeLibs work[2] has been dispatched to worker[21].
[2026-04-21T17:00:34.610] [DEBUG] debug-file - default@CacheNativeLibs work[2] is dispatched.
[2026-04-21T17:00:34.610] [DEBUG] debug-file - entry : default@CacheNativeLibs cost memory 0.15660858154296875
[2026-04-21T17:00:37.111] [DEBUG] debug-file - worker[22] has one work done.
[2026-04-21T17:00:37.113] [DEBUG] debug-file - CopyResources is end, endTime: 1681258907100
[2026-04-21T17:00:37.114] [DEBUG] debug-file - default@CompileArkTS work[1] done.
[2026-04-21T17:00:37.116] [DEBUG] debug-file - A work dispatched to worker[22] failed because unable to get work from ready queue.
[2026-04-21T17:00:37.446] [DEBUG] debug-file - worker[21] has one work done.
[2026-04-21T17:00:37.447] [DEBUG] debug-file - default@CacheNativeLibs work[2] done.
[2026-04-21T17:00:37.447] [DEBUG] debug-file - A work dispatched to worker[21] failed because unable to get work from ready queue.
[2026-04-21T17:00:37.448] [INFO] debug-file - Finished :entry:default@CacheNativeLibs... after 35 ms 
[2026-04-21T17:01:21.056] [WARN] debug-file - [33mWARN: [33m[33mArkTS:WARN File: C:/Users/lzf/Desktop/health_-service_-kit_-sample-code-master/health_-service_-kit_-sample-code-master/entry/src/main/ets/pages/MainIndex.ets:15:16
 'pushUrl' has been deprecated.
[39m[39m
[33mWARN: [33m[33mArkTS:WARN File: C:/Users/lzf/Desktop/health_-service_-kit_-sample-code-master/health_-service_-kit_-sample-code-master/entry/src/main/ets/pages/MainIndex.ets:20:16
 'pushUrl' has been deprecated.
[39m[39m
[33mWARN: [33m[33mArkTS:WARN File: C:/Users/lzf/Desktop/health_-service_-kit_-sample-code-master/health_-service_-kit_-sample-code-master/entry/src/main/ets/pages/MainIndex.ets:25:16
 'pushUrl' has been deprecated.
[39m[39m
[33mWARN: [33m[33mArkTS:WARN File: C:/Users/lzf/Desktop/health_-service_-kit_-sample-code-master/health_-service_-kit_-sample-code-master/entry/src/main/ets/pages/MainIndex.ets:30:16
 'pushUrl' has been deprecated.
[39m[39m
[33mWARN: [33m[33mArkTS:WARN File: C:/Users/lzf/Desktop/health_-service_-kit_-sample-code-master/health_-service_-kit_-sample-code-master/entry/src/main/ets/pages/MainIndex.ets:35:16
 'pushUrl' has been deprecated.
[39m[39m
[33mWARN: [33m[33mArkTS:WARN File: C:/Users/lzf/Desktop/health_-service_-kit_-sample-code-master/health_-service_-kit_-sample-code-master/entry/src/main/ets/pages/MainIndex.ets:40:16
 'pushUrl' has been deprecated.
[39m[39m
[33mWARN: [33m[33mArkTS:WARN File: C:/Users/lzf/Desktop/health_-service_-kit_-sample-code-master/health_-service_-kit_-sample-code-master/entry/src/main/ets/pages/AuthIndex.ets:19:48
 'getContext' has been deprecated.
[39m[39m

[2026-04-21T17:01:21.057] [DEBUG] debug-file - Ark compile task finished.finished time is 1725203106300
[2026-04-21T17:01:21.064] [DEBUG] debug-file - worker[4] has one work done.
[2026-04-21T17:01:21.194] [DEBUG] debug-file - default@CompileArkTS work[0] done.
[2026-04-21T17:01:21.195] [DEBUG] debug-file - A work dispatched to worker[4] failed because unable to get work from ready queue.
[2026-04-21T17:01:21.199] [INFO] debug-file - Finished :entry:default@CompileArkTS... after 40 s 788 ms 
[2026-04-21T17:01:21.201] [DEBUG] debug-file - Executing task :entry:default@GeneratePkgModuleJson
[2026-04-21T17:01:21.202] [DEBUG] debug-file - File: 'C:\Users\lzf\Desktop\health_-service_-kit_-sample-code-master\health_-service_-kit_-sample-code-master\entry\build\default\intermediates\preload\default\preload.json' from 'preloadSoJsonPath' is not exists, just ignore.
[2026-04-21T17:01:21.203] [DEBUG] debug-file - Error occurs while handling @Input 'shouldDeduplicateHar': The "data" argument must be of type string or an instance of Buffer, TypedArray, or DataView. Received undefined
[2026-04-21T17:01:21.204] [DEBUG] debug-file - Task 'entry:default@GeneratePkgModuleJson' cost while wrapping incremental declarations: 3 ms 
[2026-04-21T17:01:21.221] [DEBUG] debug-file - entry : default@GeneratePkgModuleJson cost memory 0.16765594482421875
[2026-04-21T17:01:21.221] [DEBUG] debug-file - runTaskFromQueue task cost before running: 1 min 352 ms 
[2026-04-21T17:01:21.222] [INFO] debug-file - Finished :entry:default@GeneratePkgModuleJson... after 20 ms 
[2026-04-21T17:01:21.224] [DEBUG] debug-file - Executing task :entry:default@ProcessCompiledResources
[2026-04-21T17:01:21.224] [DEBUG] debug-file - File: 'C:\Users\lzf\Desktop\health_-service_-kit_-sample-code-master\health_-service_-kit_-sample-code-master\entry\build\default\intermediates\preload\default\preload.json' from 'preloadSoJsonPath' is not exists, just ignore.
[2026-04-21T17:01:21.224] [DEBUG] debug-file - Task 'entry:default@ProcessCompiledResources' cost while wrapping incremental declarations: 1 ms 
[2026-04-21T17:01:21.225] [DEBUG] debug-file - entry : default@ProcessCompiledResources cost memory 0.06435394287109375
[2026-04-21T17:01:21.225] [DEBUG] debug-file - runTaskFromQueue task cost before running: 1 min 356 ms 
[2026-04-21T17:01:21.226] [INFO] debug-file - Finished :entry:default@ProcessCompiledResources... after 2 ms 
[2026-04-21T17:01:21.232] [DEBUG] debug-file - Executing task :entry:default@PackageHap
[2026-04-21T17:01:21.252] [DEBUG] debug-file - Use tool [D:\DevEco Studio\sdk\default\openharmony\toolchains\lib\app_packing_tool.jar]
 [
  'java',
  '-Dfile.encoding=GBK',
  '-jar',
  'D:\\DevEco Studio\\sdk\\default\\openharmony\\toolchains\\lib\\app_packing_tool.jar',
  '--mode',
  'hap',
  '--force',
  'true',
  '--lib-path',
  'C:\\Users\\lzf\\Desktop\\health_-service_-kit_-sample-code-master\\health_-service_-kit_-sample-code-master\\entry\\build\\default\\intermediates\\stripped_native_libs\\default',
  '--json-path',
  'C:\\Users\\lzf\\Desktop\\health_-service_-kit_-sample-code-master\\health_-service_-kit_-sample-code-master\\entry\\build\\default\\intermediates\\package\\default\\module.json',
  '--resources-path',
  'C:\\Users\\lzf\\Desktop\\health_-service_-kit_-sample-code-master\\health_-service_-kit_-sample-code-master\\entry\\build\\default\\intermediates\\res\\default\\resources',
  '--index-path',
  'C:\\Users\\lzf\\Desktop\\health_-service_-kit_-sample-code-master\\health_-service_-kit_-sample-code-master\\entry\\build\\default\\intermediates\\res\\default\\resources.index',
  '--pack-info-path',
  'C:\\Users\\lzf\\Desktop\\health_-service_-kit_-sample-code-master\\health_-service_-kit_-sample-code-master\\entry\\build\\default\\outputs\\default\\pack.info',
  '--out-path',
  'C:\\Users\\lzf\\Desktop\\health_-service_-kit_-sample-code-master\\health_-service_-kit_-sample-code-master\\entry\\build\\default\\outputs\\default\\entry-default-unsigned.hap',
  '--ets-path',
  'C:\\Users\\lzf\\Desktop\\health_-service_-kit_-sample-code-master\\health_-service_-kit_-sample-code-master\\entry\\build\\default\\intermediates\\loader_out\\default\\ets'
]
[2026-04-21T17:01:25.452] [DEBUG] debug-file - java daemon socket received message:{"code":0,"message":"pack success"}
[2026-04-21T17:01:25.522] [DEBUG] debug-file - entry : default@PackageHap cost memory 0.5396881103515625
[2026-04-21T17:01:25.523] [DEBUG] debug-file - runTaskFromQueue task cost before running: 1 min 4 s 654 ms 
[2026-04-21T17:01:25.525] [INFO] debug-file - Finished :entry:default@PackageHap... after 4 s 291 ms 
[2026-04-21T17:01:25.528] [DEBUG] debug-file - Executing task :entry:default@PackingCheck
[2026-04-21T17:01:25.548] [DEBUG] debug-file - entry : default@PackingCheck cost memory -0.23412322998046875
[2026-04-21T17:01:25.548] [DEBUG] debug-file - runTaskFromQueue task cost before running: 1 min 4 s 679 ms 
[2026-04-21T17:01:25.549] [INFO] debug-file - Finished :entry:default@PackingCheck... after 21 ms 
[2026-04-21T17:01:25.552] [DEBUG] debug-file - Executing task :entry:default@SignHap
[2026-04-21T17:01:25.553] [WARN] debug-file - Will skip sign 'hos_hap'. No signingConfigs profile is configured in current project.
             If needed, configure the signingConfigs in C:\Users\lzf\Desktop\health_-service_-kit_-sample-code-master\health_-service_-kit_-sample-code-master\build-profile.json5.
[2026-04-21T17:01:25.556] [DEBUG] debug-file - entry : default@SignHap cost memory 0.07163238525390625
[2026-04-21T17:01:25.556] [DEBUG] debug-file - runTaskFromQueue task cost before running: 1 min 4 s 687 ms 
[2026-04-21T17:01:25.557] [INFO] debug-file - Finished :entry:default@SignHap... after 4 ms 
[2026-04-21T17:01:25.559] [DEBUG] debug-file - Executing task :entry:default@CollectDebugSymbol
[2026-04-21T17:01:25.562] [DEBUG] debug-file - entry : default@CollectDebugSymbol cost memory 0.1220245361328125
[2026-04-21T17:01:25.569] [DEBUG] debug-file - runTaskFromQueue task cost before running: 1 min 4 s 700 ms 
[2026-04-21T17:01:25.574] [INFO] debug-file - Finished :entry:default@CollectDebugSymbol... after 10 ms 
[2026-04-21T17:01:25.577] [DEBUG] debug-file - Executing task :entry:assembleHap
[2026-04-21T17:01:25.578] [DEBUG] debug-file - entry : assembleHap cost memory 0.0128326416015625
[2026-04-21T17:01:25.578] [DEBUG] debug-file - runTaskFromQueue task cost before running: 1 min 4 s 709 ms 
[2026-04-21T17:01:25.578] [INFO] debug-file - Finished :entry:assembleHap... after 1 ms 
[2026-04-21T17:01:25.599] [INFO] debug-file - BUILD SUCCESSFUL in 1 min 4 s 730 ms 
[2026-04-21T17:01:25.602] [DEBUG] debug-file - Update task entry:default@PreBuild input file:C:\Users\lzf\Desktop\health_-service_-kit_-sample-code-master\health_-service_-kit_-sample-code-master\AppScope\app.json5 cache by regenerate.
[2026-04-21T17:01:25.605] [DEBUG] debug-file - Update task entry:default@PreBuild input file:C:\Users\lzf\Desktop\health_-service_-kit_-sample-code-master\health_-service_-kit_-sample-code-master\entry\src\main\module.json5 cache by regenerate.
[2026-04-21T17:01:25.606] [DEBUG] debug-file - Update task entry:default@PreBuild input file:C:\Users\lzf\Desktop\health_-service_-kit_-sample-code-master\health_-service_-kit_-sample-code-master\build-profile.json5 cache by regenerate.
[2026-04-21T17:01:25.607] [DEBUG] debug-file - Update task entry:default@PreBuild input file:C:\Users\lzf\Desktop\health_-service_-kit_-sample-code-master\health_-service_-kit_-sample-code-master\entry\build-profile.json5 cache by regenerate.
[2026-04-21T17:01:25.607] [DEBUG] debug-file - Update task entry:default@PreBuild input file:C:\Users\lzf\Desktop\health_-service_-kit_-sample-code-master\health_-service_-kit_-sample-code-master\entry\src\main\resources\base\profile\main_pages.json cache by regenerate.
[2026-04-21T17:01:25.607] [DEBUG] debug-file - Update task entry:default@PreBuild input file:C:\Users\lzf\Desktop\health_-service_-kit_-sample-code-master\health_-service_-kit_-sample-code-master\hvigor\hvigor-config.json5 cache by regenerate.
[2026-04-21T17:01:25.608] [DEBUG] debug-file - Update task entry:default@PreBuild input file:C:\Users\lzf\Desktop\health_-service_-kit_-sample-code-master\health_-service_-kit_-sample-code-master\entry\oh-package.json5 cache by regenerate.
[2026-04-21T17:01:25.608] [DEBUG] debug-file - Update task entry:default@PreBuild input file:C:\Users\lzf\Desktop\health_-service_-kit_-sample-code-master\health_-service_-kit_-sample-code-master\oh-package.json5 cache by regenerate.
[2026-04-21T17:01:25.609] [DEBUG] debug-file - Incremental task entry:default@PreBuild post-execution cost:9 ms .
[2026-04-21T17:01:25.610] [DEBUG] debug-file - Update task entry:default@CreateModuleInfo output file:C:\Users\lzf\Desktop\health_-service_-kit_-sample-code-master\health_-service_-kit_-sample-code-master\entry\build\default\generated\profile\default\ModuleInfo.ts cache.
[2026-04-21T17:01:25.611] [DEBUG] debug-file - Incremental task entry:default@CreateModuleInfo post-execution cost:2 ms .
[2026-04-21T17:01:25.611] [DEBUG] debug-file - Update task entry:default@GenerateMetadata input file:C:\Users\lzf\Desktop\health_-service_-kit_-sample-code-master\health_-service_-kit_-sample-code-master\entry\src\main\module.json5 cache by regenerate.
[2026-04-21T17:01:25.612] [DEBUG] debug-file - Update task entry:default@GenerateMetadata output file:C:\Users\lzf\Desktop\health_-service_-kit_-sample-code-master\health_-service_-kit_-sample-code-master\entry\build\default\intermediates\hap_metadata\default\output_metadata.json cache.
[2026-04-21T17:01:25.613] [DEBUG] debug-file - Incremental task entry:default@GenerateMetadata post-execution cost:2 ms .
[2026-04-21T17:01:25.613] [DEBUG] debug-file - Update task entry:default@MergeProfile input file:C:\Users\lzf\Desktop\health_-service_-kit_-sample-code-master\health_-service_-kit_-sample-code-master\AppScope\app.json5 cache by regenerate.
[2026-04-21T17:01:25.614] [DEBUG] debug-file - Update task entry:default@MergeProfile input file:C:\Users\lzf\Desktop\health_-service_-kit_-sample-code-master\health_-service_-kit_-sample-code-master\build-profile.json5 cache by regenerate.
[2026-04-21T17:01:25.614] [DEBUG] debug-file - Update task entry:default@MergeProfile input file:C:\Users\lzf\Desktop\health_-service_-kit_-sample-code-master\health_-service_-kit_-sample-code-master\entry\src\main\module.json5 cache by regenerate.
[2026-04-21T17:01:25.615] [DEBUG] debug-file - Update task entry:default@MergeProfile output file:C:\Users\lzf\Desktop\health_-service_-kit_-sample-code-master\health_-service_-kit_-sample-code-master\entry\build\default\intermediates\merge_profile\default\module.json cache.
[2026-04-21T17:01:25.616] [DEBUG] debug-file - Incremental task entry:default@MergeProfile post-execution cost:3 ms .
[2026-04-21T17:01:25.616] [DEBUG] debug-file - Update task entry:default@CreateBuildProfile input file:C:\Users\lzf\Desktop\health_-service_-kit_-sample-code-master\health_-service_-kit_-sample-code-master\AppScope\app.json5 cache by regenerate.
[2026-04-21T17:01:25.616] [DEBUG] debug-file - Update task entry:default@CreateBuildProfile input file:C:\Users\lzf\Desktop\health_-service_-kit_-sample-code-master\health_-service_-kit_-sample-code-master\build-profile.json5 cache by regenerate.
[2026-04-21T17:01:25.617] [DEBUG] debug-file - Update task entry:default@CreateBuildProfile output file:C:\Users\lzf\Desktop\health_-service_-kit_-sample-code-master\health_-service_-kit_-sample-code-master\entry\build\default\generated\profile\default\BuildProfile.ets cache.
[2026-04-21T17:01:25.618] [DEBUG] debug-file - Incremental task entry:default@CreateBuildProfile post-execution cost:2 ms .
[2026-04-21T17:01:25.618] [DEBUG] debug-file - Update task entry:default@GeneratePkgContextInfo output file:C:\Users\lzf\Desktop\health_-service_-kit_-sample-code-master\health_-service_-kit_-sample-code-master\entry\build\default\intermediates\loader\default\pkgContextInfo.json cache.
[2026-04-21T17:01:25.618] [DEBUG] debug-file - Incremental task entry:default@GeneratePkgContextInfo post-execution cost:1 ms .
[2026-04-21T17:01:25.619] [DEBUG] debug-file - Update task entry:default@ProcessIntegratedHsp output file:C:\Users\lzf\Desktop\health_-service_-kit_-sample-code-master\health_-service_-kit_-sample-code-master\build\cache\default\integrated_hsp\integratedHspCache.json cache.
[2026-04-21T17:01:25.619] [DEBUG] debug-file - Incremental task entry:default@ProcessIntegratedHsp post-execution cost:1 ms .
[2026-04-21T17:01:25.619] [DEBUG] debug-file - Update task entry:default@MakePackInfo input file:C:\Users\lzf\Desktop\health_-service_-kit_-sample-code-master\health_-service_-kit_-sample-code-master\AppScope\app.json5 cache by regenerate.
[2026-04-21T17:01:25.620] [DEBUG] debug-file - Update task entry:default@MakePackInfo input file:C:\Users\lzf\Desktop\health_-service_-kit_-sample-code-master\health_-service_-kit_-sample-code-master\entry\src\main\module.json5 cache by regenerate.
[2026-04-21T17:01:25.620] [DEBUG] debug-file - Update task entry:default@MakePackInfo input file:C:\Users\lzf\Desktop\health_-service_-kit_-sample-code-master\health_-service_-kit_-sample-code-master\build-profile.json5 cache by regenerate.
[2026-04-21T17:01:25.621] [DEBUG] debug-file - Update task entry:default@MakePackInfo output file:C:\Users\lzf\Desktop\health_-service_-kit_-sample-code-master\health_-service_-kit_-sample-code-master\entry\build\default\outputs\default\pack.info cache.
[2026-04-21T17:01:25.621] [DEBUG] debug-file - Incremental task entry:default@MakePackInfo post-execution cost:2 ms .
[2026-04-21T17:01:25.621] [DEBUG] debug-file - Update task entry:default@SyscapTransform input file:D:\DevEco Studio\sdk\default\openharmony\toolchains\syscap_tool.exe cache by regenerate.
[2026-04-21T17:01:25.622] [DEBUG] debug-file - Update task entry:default@SyscapTransform input file:D:\DevEco Studio\sdk\default\openharmony\ets\api\device-define cache by regenerate.
[2026-04-21T17:01:25.626] [DEBUG] debug-file - Update task entry:default@SyscapTransform output file:C:\Users\lzf\Desktop\health_-service_-kit_-sample-code-master\health_-service_-kit_-sample-code-master\entry\build\default\intermediates\syscap\default\rpcid.sc cache.
[2026-04-21T17:01:25.627] [DEBUG] debug-file - Incremental task entry:default@SyscapTransform post-execution cost:6 ms .
[2026-04-21T17:01:25.627] [DEBUG] debug-file - Update task entry:default@ProcessProfile input file:C:\Users\lzf\Desktop\health_-service_-kit_-sample-code-master\health_-service_-kit_-sample-code-master\entry\build\default\intermediates\merge_profile\default\module.json cache by regenerate.
[2026-04-21T17:01:25.628] [DEBUG] debug-file - Update task entry:default@ProcessProfile output file:C:\Users\lzf\Desktop\health_-service_-kit_-sample-code-master\health_-service_-kit_-sample-code-master\entry\build\default\intermediates\process_profile\default\module.json cache.
[2026-04-21T17:01:25.629] [DEBUG] debug-file - Incremental task entry:default@ProcessProfile post-execution cost:2 ms .
[2026-04-21T17:01:25.630] [DEBUG] debug-file - Update task entry:default@ProcessRouterMap input file:C:\Users\lzf\Desktop\health_-service_-kit_-sample-code-master\health_-service_-kit_-sample-code-master\entry\oh-package.json5 cache by regenerate.
[2026-04-21T17:01:25.631] [DEBUG] debug-file - Update task entry:default@ProcessRouterMap input file:C:\Users\lzf\Desktop\health_-service_-kit_-sample-code-master\health_-service_-kit_-sample-code-master\oh-package.json5 cache by regenerate.
[2026-04-21T17:01:25.632] [DEBUG] debug-file - Update task entry:default@ProcessRouterMap input file:C:\Users\lzf\Desktop\health_-service_-kit_-sample-code-master\health_-service_-kit_-sample-code-master\entry\src\main\module.json5 cache by regenerate.
[2026-04-21T17:01:25.632] [DEBUG] debug-file - Update task entry:default@ProcessRouterMap output file:C:\Users\lzf\Desktop\health_-service_-kit_-sample-code-master\health_-service_-kit_-sample-code-master\entry\build\default\intermediates\router_map\default\temp-router-map.json cache.
[2026-04-21T17:01:25.633] [DEBUG] debug-file - Update task entry:default@ProcessRouterMap output file:C:\Users\lzf\Desktop\health_-service_-kit_-sample-code-master\health_-service_-kit_-sample-code-master\entry\build\default\intermediates\router_map\default\loader-router-map.json cache.
[2026-04-21T17:01:25.633] [DEBUG] debug-file - Incremental task entry:default@ProcessRouterMap post-execution cost:4 ms .
[2026-04-21T17:01:25.634] [DEBUG] debug-file - Update task entry:default@ProcessShareConfig input file:C:\Users\lzf\Desktop\health_-service_-kit_-sample-code-master\health_-service_-kit_-sample-code-master\entry\oh-package.json5 cache by regenerate.
[2026-04-21T17:01:25.637] [DEBUG] debug-file - Update task entry:default@ProcessShareConfig input file:C:\Users\lzf\Desktop\health_-service_-kit_-sample-code-master\health_-service_-kit_-sample-code-master\oh-package.json5 cache by regenerate.
[2026-04-21T17:01:25.638] [DEBUG] debug-file - Update task entry:default@ProcessShareConfig input file:C:\Users\lzf\Desktop\health_-service_-kit_-sample-code-master\health_-service_-kit_-sample-code-master\entry\src\main\module.json5 cache by regenerate.
[2026-04-21T17:01:25.640] [DEBUG] debug-file - Update task entry:default@ProcessShareConfig output file:C:\Users\lzf\Desktop\health_-service_-kit_-sample-code-master\health_-service_-kit_-sample-code-master\entry\build\default\intermediates\share_config\default\temp-share-config.json cache.
[2026-04-21T17:01:25.641] [DEBUG] debug-file - Incremental task entry:default@ProcessShareConfig post-execution cost:8 ms .
[2026-04-21T17:01:25.642] [DEBUG] debug-file - Update task entry:default@ProcessStartupConfig output file:C:\Users\lzf\Desktop\health_-service_-kit_-sample-code-master\health_-service_-kit_-sample-code-master\entry\build\default\intermediates\startup\default\startup_config.json cache.
[2026-04-21T17:01:25.642] [DEBUG] debug-file - Incremental task entry:default@ProcessStartupConfig post-execution cost:1 ms .
[2026-04-21T17:01:25.643] [DEBUG] debug-file - Update task entry:default@ProcessResource output file:C:\Users\lzf\Desktop\health_-service_-kit_-sample-code-master\health_-service_-kit_-sample-code-master\entry\build\default\intermediates\res\default\resConfig.json cache.
[2026-04-21T17:01:25.643] [DEBUG] debug-file - Update task entry:default@ProcessResource output file:C:\Users\lzf\Desktop\health_-service_-kit_-sample-code-master\health_-service_-kit_-sample-code-master\entry\build\default\intermediates\res\default\opt-compression.json cache.
[2026-04-21T17:01:25.644] [DEBUG] debug-file - Incremental task entry:default@ProcessResource post-execution cost:2 ms .
[2026-04-21T17:01:25.646] [DEBUG] debug-file - Update task entry:default@GenerateLoaderJson input file:C:\Users\lzf\Desktop\health_-service_-kit_-sample-code-master\health_-service_-kit_-sample-code-master\entry\build\default\intermediates\router_map\default\temp-router-map.json cache by regenerate.
[2026-04-21T17:01:25.647] [DEBUG] debug-file - Update task entry:default@GenerateLoaderJson output file:C:\Users\lzf\Desktop\health_-service_-kit_-sample-code-master\health_-service_-kit_-sample-code-master\entry\build\default\intermediates\loader\default\loader.json cache.
[2026-04-21T17:01:25.647] [DEBUG] debug-file - Incremental task entry:default@GenerateLoaderJson post-execution cost:3 ms .
[2026-04-21T17:01:25.648] [DEBUG] debug-file - Update task entry:default@ProcessLibs input file:C:\Users\lzf\Desktop\health_-service_-kit_-sample-code-master\health_-service_-kit_-sample-code-master\build-profile.json5 cache by regenerate.
[2026-04-21T17:01:25.649] [DEBUG] debug-file - Update task entry:default@ProcessLibs input file:C:\Users\lzf\Desktop\health_-service_-kit_-sample-code-master\health_-service_-kit_-sample-code-master\entry\build-profile.json5 cache by regenerate.
[2026-04-21T17:01:25.650] [DEBUG] debug-file - Update task entry:default@ProcessLibs output file:C:\Users\lzf\Desktop\health_-service_-kit_-sample-code-master\health_-service_-kit_-sample-code-master\entry\build\default\intermediates\libs\default cache.
[2026-04-21T17:01:25.652] [DEBUG] debug-file - Incremental task entry:default@ProcessLibs post-execution cost:5 ms .
[2026-04-21T17:01:25.655] [DEBUG] debug-file - Update task entry:default@CompileResource input file:C:\Users\lzf\Desktop\health_-service_-kit_-sample-code-master\health_-service_-kit_-sample-code-master\entry\src\main\resources cache by regenerate.
[2026-04-21T17:01:25.760] [DEBUG] debug-file - Update task entry:default@CompileResource input file:C:\Users\lzf\Desktop\health_-service_-kit_-sample-code-master\health_-service_-kit_-sample-code-master\AppScope\resources cache by regenerate.
[2026-04-21T17:01:25.779] [DEBUG] debug-file - Update task entry:default@CompileResource input file:C:\Users\lzf\Desktop\health_-service_-kit_-sample-code-master\health_-service_-kit_-sample-code-master\entry\build\default\intermediates\process_profile\default\module.json cache by regenerate.
[2026-04-21T17:01:25.779] [DEBUG] debug-file - Update task entry:default@CompileResource input file:C:\Users\lzf\Desktop\health_-service_-kit_-sample-code-master\health_-service_-kit_-sample-code-master\entry\build\default\intermediates\res\default\resConfig.json cache by regenerate.
[2026-04-21T17:01:25.780] [DEBUG] debug-file - Update task entry:default@CompileResource output file:C:\Users\lzf\Desktop\health_-service_-kit_-sample-code-master\health_-service_-kit_-sample-code-master\entry\build\default\intermediates\res\default cache.
[2026-04-21T17:01:25.788] [DEBUG] debug-file - Update task entry:default@CompileResource output file:C:\Users\lzf\Desktop\health_-service_-kit_-sample-code-master\health_-service_-kit_-sample-code-master\entry\build\default\generated\r\default\ResourceTable.h cache.
[2026-04-21T17:01:25.789] [DEBUG] debug-file - Update task entry:default@CompileResource output file:C:\Users\lzf\Desktop\health_-service_-kit_-sample-code-master\health_-service_-kit_-sample-code-master\entry\build\default\generated\r\default cache.
[2026-04-21T17:01:25.790] [DEBUG] debug-file - Incremental task entry:default@CompileResource post-execution cost:138 ms .
[2026-04-21T17:01:25.790] [DEBUG] debug-file - Update task entry:default@DoNativeStrip input file:C:\Users\lzf\Desktop\health_-service_-kit_-sample-code-master\health_-service_-kit_-sample-code-master\entry\build\default\intermediates\libs\default cache by regenerate.
[2026-04-21T17:01:25.791] [DEBUG] debug-file - Update task entry:default@DoNativeStrip output file:C:\Users\lzf\Desktop\health_-service_-kit_-sample-code-master\health_-service_-kit_-sample-code-master\entry\build\default\intermediates\stripped_native_libs\default cache.
[2026-04-21T17:01:25.791] [DEBUG] debug-file - Incremental task entry:default@DoNativeStrip post-execution cost:2 ms .
[2026-04-21T17:01:25.795] [DEBUG] debug-file - Update task entry:default@CompileArkTS input file:C:\Users\lzf\Desktop\health_-service_-kit_-sample-code-master\health_-service_-kit_-sample-code-master\entry\build\default\intermediates\loader\default cache by regenerate.
[2026-04-21T17:01:25.796] [DEBUG] debug-file - Update task entry:default@CompileArkTS input file:C:\Users\lzf\Desktop\health_-service_-kit_-sample-code-master\health_-service_-kit_-sample-code-master\entry\build\default\intermediates\res\default\ResourceTable.txt cache by regenerate.
[2026-04-21T17:01:25.797] [DEBUG] debug-file - Update task entry:default@CompileArkTS input file:C:\Users\lzf\Desktop\health_-service_-kit_-sample-code-master\health_-service_-kit_-sample-code-master\entry\build\default\intermediates\res\default\ark_module.json cache by regenerate.
[2026-04-21T17:01:25.797] [DEBUG] debug-file - Update task entry:default@CompileArkTS input file:C:\Users\lzf\Desktop\health_-service_-kit_-sample-code-master\health_-service_-kit_-sample-code-master\entry\build\default\intermediates\res\default\resources\base\profile cache by regenerate.
[2026-04-21T17:01:25.798] [DEBUG] debug-file - Update task entry:default@CompileArkTS input file:C:\Users\lzf\Desktop\health_-service_-kit_-sample-code-master\health_-service_-kit_-sample-code-master\entry\src\main\ets cache by regenerate.
[2026-04-21T17:01:25.805] [DEBUG] debug-file - Update task entry:default@CompileArkTS input file:C:\Users\lzf\Desktop\health_-service_-kit_-sample-code-master\health_-service_-kit_-sample-code-master\entry\build\default\generated\profile\default\BuildProfile.ets cache by regenerate.
[2026-04-21T17:01:25.805] [DEBUG] debug-file - Update task entry:default@CompileArkTS output file:C:\Users\lzf\Desktop\health_-service_-kit_-sample-code-master\health_-service_-kit_-sample-code-master\entry\build\default\intermediates\loader_out\default\ets cache.
[2026-04-21T17:01:25.807] [DEBUG] debug-file - Incremental task entry:default@CompileArkTS post-execution cost:16 ms .
[2026-04-21T17:01:25.809] [DEBUG] debug-file - Update task entry:default@BuildJS input file:C:\Users\lzf\Desktop\health_-service_-kit_-sample-code-master\health_-service_-kit_-sample-code-master\entry\build\default\intermediates\loader\default cache by regenerate.
[2026-04-21T17:01:25.810] [DEBUG] debug-file - Update task entry:default@BuildJS input file:C:\Users\lzf\Desktop\health_-service_-kit_-sample-code-master\health_-service_-kit_-sample-code-master\entry\build\default\intermediates\res\default\ResourceTable.txt cache by regenerate.
[2026-04-21T17:01:25.810] [DEBUG] debug-file - Update task entry:default@BuildJS input file:C:\Users\lzf\Desktop\health_-service_-kit_-sample-code-master\health_-service_-kit_-sample-code-master\entry\build\default\intermediates\res\default\ark_module.json cache by regenerate.
[2026-04-21T17:01:25.811] [DEBUG] debug-file - Update task entry:default@BuildJS input file:C:\Users\lzf\Desktop\health_-service_-kit_-sample-code-master\health_-service_-kit_-sample-code-master\entry\build\default\intermediates\res\default\resources\base\profile cache by regenerate.
[2026-04-21T17:01:25.812] [DEBUG] debug-file - Update task entry:default@BuildJS output file:C:\Users\lzf\Desktop\health_-service_-kit_-sample-code-master\health_-service_-kit_-sample-code-master\entry\build\default\intermediates\loader_out\default\js cache.
[2026-04-21T17:01:25.812] [DEBUG] debug-file - Incremental task entry:default@BuildJS post-execution cost:6 ms .
[2026-04-21T17:01:25.812] [DEBUG] debug-file - Update task entry:default@CacheNativeLibs input file:C:\Users\lzf\Desktop\health_-service_-kit_-sample-code-master\health_-service_-kit_-sample-code-master\entry\build\default\intermediates\stripped_native_libs\default cache by regenerate.
[2026-04-21T17:01:25.813] [DEBUG] debug-file - Update task entry:default@CacheNativeLibs input file:C:\Users\lzf\Desktop\health_-service_-kit_-sample-code-master\health_-service_-kit_-sample-code-master\entry\build\default\intermediates\libs\default cache by regenerate.
[2026-04-21T17:01:25.815] [DEBUG] debug-file - Update task entry:default@CacheNativeLibs output file:C:\Users\lzf\Desktop\health_-service_-kit_-sample-code-master\health_-service_-kit_-sample-code-master\entry\build\default\intermediates\patch\default\base_native_libs.json cache.
[2026-04-21T17:01:25.815] [DEBUG] debug-file - Incremental task entry:default@CacheNativeLibs post-execution cost:4 ms .
[2026-04-21T17:01:25.816] [DEBUG] debug-file - Update task entry:default@GeneratePkgModuleJson input file:C:\Users\lzf\Desktop\health_-service_-kit_-sample-code-master\health_-service_-kit_-sample-code-master\entry\build\default\intermediates\res\default\module.json cache by regenerate.
[2026-04-21T17:01:25.816] [DEBUG] debug-file - Update task entry:default@GeneratePkgModuleJson output file:C:\Users\lzf\Desktop\health_-service_-kit_-sample-code-master\health_-service_-kit_-sample-code-master\entry\build\default\intermediates\package\default\module.json cache.
[2026-04-21T17:01:25.817] [DEBUG] debug-file - Incremental task entry:default@GeneratePkgModuleJson post-execution cost:1 ms .
[2026-04-21T17:01:25.817] [DEBUG] debug-file - Incremental task entry:default@ProcessCompiledResources post-execution cost:1 ms .
[2026-04-21T17:01:25.818] [DEBUG] debug-file - Update task entry:default@PackageHap input file:C:\Users\lzf\Desktop\health_-service_-kit_-sample-code-master\health_-service_-kit_-sample-code-master\entry\build\default\intermediates\stripped_native_libs\default cache by regenerate.
[2026-04-21T17:01:25.819] [DEBUG] debug-file - Update task entry:default@PackageHap input file:C:\Users\lzf\Desktop\health_-service_-kit_-sample-code-master\health_-service_-kit_-sample-code-master\entry\build\default\intermediates\res\default\module.json cache by regenerate.
[2026-04-21T17:01:25.819] [DEBUG] debug-file - Update task entry:default@PackageHap input file:C:\Users\lzf\Desktop\health_-service_-kit_-sample-code-master\health_-service_-kit_-sample-code-master\entry\build\default\intermediates\res\default\resources cache by regenerate.
[2026-04-21T17:01:25.824] [DEBUG] debug-file - Update task entry:default@PackageHap input file:C:\Users\lzf\Desktop\health_-service_-kit_-sample-code-master\health_-service_-kit_-sample-code-master\entry\build\default\intermediates\res\default\resources.index cache by regenerate.
[2026-04-21T17:01:25.831] [DEBUG] debug-file - Update task entry:default@PackageHap input file:C:\Users\lzf\Desktop\health_-service_-kit_-sample-code-master\health_-service_-kit_-sample-code-master\entry\build\default\outputs\default\pack.info cache by regenerate.
[2026-04-21T17:01:25.832] [DEBUG] debug-file - Update task entry:default@PackageHap input file:C:\Users\lzf\Desktop\health_-service_-kit_-sample-code-master\health_-service_-kit_-sample-code-master\entry\build\default\intermediates\loader_out\default\ets cache by regenerate.
[2026-04-21T17:01:25.833] [DEBUG] debug-file - Update task entry:default@PackageHap input file:C:\Users\lzf\Desktop\health_-service_-kit_-sample-code-master\health_-service_-kit_-sample-code-master\entry\build\default\intermediates\loader_out\default\ets\sourceMaps.map cache by regenerate.
[2026-04-21T17:01:25.834] [DEBUG] debug-file - Update task entry:default@PackageHap input file:C:\Users\lzf\Desktop\health_-service_-kit_-sample-code-master\health_-service_-kit_-sample-code-master\entry\build\default\generated\profile\default\BuildProfile.ets cache by regenerate.
[2026-04-21T17:01:25.834] [DEBUG] debug-file - Update task entry:default@PackageHap output file:C:\Users\lzf\Desktop\health_-service_-kit_-sample-code-master\health_-service_-kit_-sample-code-master\entry\build\default\outputs\default\entry-default-unsigned.hap cache.
[2026-04-21T17:01:25.835] [DEBUG] debug-file - Update task entry:default@PackageHap output file:C:\Users\lzf\Desktop\health_-service_-kit_-sample-code-master\health_-service_-kit_-sample-code-master\entry\build\default\intermediates\source_map\default\sourceMaps.map cache.
[2026-04-21T17:01:25.835] [DEBUG] debug-file - Update task entry:default@PackageHap output file:C:\Users\lzf\Desktop\health_-service_-kit_-sample-code-master\health_-service_-kit_-sample-code-master\entry\build\default\outputs\default\mapping\sourceMaps.map cache.
[2026-04-21T17:01:25.836] [DEBUG] debug-file - Incremental task entry:default@PackageHap post-execution cost:19 ms .
[2026-04-21T17:01:25.836] [DEBUG] debug-file - Update task entry:default@SignHap input file:C:\Users\lzf\Desktop\health_-service_-kit_-sample-code-master\health_-service_-kit_-sample-code-master\entry\build\default\outputs\default\entry-default-unsigned.hap cache by regenerate.
[2026-04-21T17:01:25.837] [DEBUG] debug-file - Update task entry:default@SignHap output file:C:\Users\lzf\Desktop\health_-service_-kit_-sample-code-master\health_-service_-kit_-sample-code-master\entry\build\default\outputs\default\entry-default-signed.hap cache.
[2026-04-21T17:01:25.838] [DEBUG] debug-file - Incremental task entry:default@SignHap post-execution cost:2 ms .
[2026-04-21T17:01:25.839] [DEBUG] debug-file - Update task entry:default@CollectDebugSymbol input file:C:\Users\lzf\Desktop\health_-service_-kit_-sample-code-master\health_-service_-kit_-sample-code-master\entry\build\default\intermediates\loader_out\default\ets\sourceMaps.map cache by regenerate.
[2026-04-21T17:01:25.839] [DEBUG] debug-file - Update task entry:default@CollectDebugSymbol input file:C:\Users\lzf\Desktop\health_-service_-kit_-sample-code-master\health_-service_-kit_-sample-code-master\entry\build\default\intermediates\libs\default cache by regenerate.
[2026-04-21T17:01:25.840] [DEBUG] debug-file - Update task entry:default@CollectDebugSymbol output file:C:\Users\lzf\Desktop\health_-service_-kit_-sample-code-master\health_-service_-kit_-sample-code-master\entry\build\default\outputs\default\symbol cache.
[2026-04-21T17:01:25.841] [DEBUG] debug-file - Incremental task entry:default@CollectDebugSymbol post-execution cost:3 ms .
[2026-04-21T17:01:26.016] [DEBUG] debug-file - Cleanup worker 0.
[2026-04-21T17:01:26.028] [DEBUG] debug-file - Worker 0 has been cleaned up.
[2026-04-21T17:01:26.045] [DEBUG] debug-file - session manager: send message to worker process.
[2026-04-21T17:01:26.046] [DEBUG] debug-file - session manager: send message to worker process.
[2026-04-21T17:01:26.037] [DEBUG] debug-file - Current idle worker size: 4.
[2026-04-21T17:01:26.045] [DEBUG] debug-file - Current resident worker size: 5.
[2026-04-21T17:01:26.047] [DEBUG] debug-file - Cleanup worker 1.
[2026-04-21T17:01:26.048] [DEBUG] debug-file - Worker 1 has been cleaned up.
[2026-04-21T17:01:26.048] [DEBUG] debug-file - Current idle worker size: 3.
[2026-04-21T17:01:26.048] [DEBUG] debug-file - Current resident worker size: 5.
[2026-04-21T17:01:26.048] [DEBUG] debug-file - Cleanup worker 22.
[2026-04-21T17:01:26.048] [DEBUG] debug-file - Worker 22 has been cleaned up.
[2026-04-21T17:01:26.048] [DEBUG] debug-file - Current idle worker size: 2.
[2026-04-21T17:01:26.048] [DEBUG] debug-file - Current resident worker size: 5.
[2026-04-21T17:01:26.049] [DEBUG] debug-file - Cleanup worker 21.
[2026-04-21T17:01:26.050] [DEBUG] debug-file - Worker 21 has been cleaned up.
[2026-04-21T17:01:26.050] [DEBUG] debug-file - Current idle worker size: 1.
[2026-04-21T17:01:26.051] [DEBUG] debug-file - Current resident worker size: 5.
[2026-04-21T17:01:26.053] [DEBUG] debug-file - hvigor build process will be closed.
[2026-04-21T17:01:26.055] [DEBUG] debug-file - java daemon socket close code:1000 reason:close by user
[2026-04-21T17:01:26.057] [DEBUG] debug-file - worker[0] exits with exit code 1.
[2026-04-21T17:01:26.059] [DEBUG] debug-file - watch worker: worker id should be larger than 0. Nothing will be sent to any worker thread.
[2026-04-21T17:01:26.084] [DEBUG] debug-file - watch worker: worker id should be larger than 0. Nothing will be sent to any worker thread.
[2026-04-21T17:01:26.090] [DEBUG] debug-file - worker[1] exits with exit code 1.
[2026-04-21T17:01:26.091] [DEBUG] debug-file - worker[22] exits with exit code 1.
[2026-04-21T17:01:26.108] [DEBUG] debug-file - worker[21] exits with exit code 1.
[2026-04-21T17:02:28.443] [DEBUG] debug-file - session manager: set active socket. socketId=xS1y363e1mK9tzQVAAAD
[2026-04-21T17:02:28.452] [DEBUG] debug-file - watch worker: worker id should be larger than 0. Nothing will be sent to any worker thread.
[2026-04-21T17:02:28.458] [DEBUG] debug-file - Workers' log level updated to INFO
[2026-04-21T17:02:28.463] [DEBUG] debug-file - Hvigor init with startParameters:{
  hvigorfileTypeCheck: false,
  parallelExecution: true,
  incrementalExecution: true,
  printStackTrace: false,
  daemon: true,
  analyze: 0,
  logLevel: Level { level: 20000, levelStr: 'INFO', colour: 'green' },
  optimizationStrategy: 'memory',
  hotCompile: undefined,
  hotReloadBuild: undefined,
  customizedParam: undefined
}
[2026-04-21T17:02:28.470] [DEBUG] debug-file - Cache service initialization finished in 7 ms 
[2026-04-21T17:02:28.471] [DEBUG] debug-file - hvigorfile, resolving C:\Users\lzf\Desktop\health_-service_-kit_-sample-code-master\health_-service_-kit_-sample-code-master\hvigorfile.ts
[2026-04-21T17:02:28.480] [DEBUG] debug-file - hvigorfile, require result:  { default: { plugins: [] } }
[2026-04-21T17:02:28.480] [DEBUG] debug-file - hvigorfile, binding system plugins null
[2026-04-21T17:02:28.481] [DEBUG] debug-file - Starting plugin build process
[2026-04-21T17:02:28.481] [DEBUG] debug-file - App plugin prepare start...
[2026-04-21T17:02:28.481] [DEBUG] debug-file - App plugin prepare end...
[2026-04-21T17:02:28.481] [DEBUG] debug-file - App plugin creating...
[2026-04-21T17:02:28.489] [DEBUG] debug-file - App plugin register hook start...
[2026-04-21T17:02:28.489] [DEBUG] debug-file - App plugin register hook end...
[2026-04-21T17:02:28.489] [DEBUG] debug-file - Plugin build process completed
[2026-04-21T17:02:28.490] [DEBUG] debug-file - Start initialize project's product build option map with build mode debug.
[2026-04-21T17:02:28.490] [DEBUG] debug-file - Picking option from product 'default' with build mode 'debug'.
[2026-04-21T17:02:28.490] [DEBUG] debug-file - Product 'default' build option initialized
[2026-04-21T17:02:28.490] [DEBUG] debug-file - End initialize project's product build option map with build mode 'debug'.
[2026-04-21T17:02:28.491] [DEBUG] debug-file - Obtain build option for product 'default'in this build.
[2026-04-21T17:02:28.493] [DEBUG] debug-file - No signingConfig found, initRemoteHspCache failed.
[2026-04-21T17:02:28.497] [DEBUG] debug-file - Start recording SDK configuration permission data.
[2026-04-21T17:02:28.547] [DEBUG] debug-file - Sdk init in 53 ms 
[2026-04-21T17:02:28.551] [DEBUG] debug-file - Project task initialization takes 4 ms 
[2026-04-21T17:02:28.551] [DEBUG] debug-file - hvigorfile, binding custom plugins []
[2026-04-21T17:02:28.551] [DEBUG] debug-file - hvigorfile, no custom plugins were found in C:\Users\lzf\Desktop\health_-service_-kit_-sample-code-master\health_-service_-kit_-sample-code-master\hvigorfile.ts
[2026-04-21T17:02:28.551] [DEBUG] debug-file - hvigorfile, resolve finished C:\Users\lzf\Desktop\health_-service_-kit_-sample-code-master\health_-service_-kit_-sample-code-master\hvigorfile.ts
[2026-04-21T17:02:28.552] [DEBUG] debug-file - hvigorfile, resolving C:\Users\lzf\Desktop\health_-service_-kit_-sample-code-master\health_-service_-kit_-sample-code-master\entry\hvigorfile.ts
[2026-04-21T17:02:28.558] [DEBUG] debug-file - hvigorfile, require result:  { default: { plugins: [] } }
[2026-04-21T17:02:28.558] [DEBUG] debug-file - hvigorfile, binding system plugins null
[2026-04-21T17:02:28.558] [DEBUG] debug-file - Starting plugin build process
[2026-04-21T17:02:28.558] [DEBUG] debug-file - Hap plugin creating...
[2026-04-21T17:02:28.559] [DEBUG] debug-file - failed to load cangjie to dynamically generate schemas: Error: Cannot find module '@ohos/cangjie-build-support/index'
Require stack:
- D:\DevEco Studio\tools\hvigor\hvigor-ohos-plugin\src\plugin\hooks\cangjie-register.js
- D:\DevEco Studio\tools\hvigor\hvigor-ohos-plugin\src\plugin\strategy\stage-init-strategy.js
- D:\DevEco Studio\tools\hvigor\hvigor-ohos-plugin\src\plugin\builder\abstract-plugin-builder.js
- D:\DevEco Studio\tools\hvigor\hvigor-ohos-plugin\src\plugin\builder\app-plugin-builder.js
- D:\DevEco Studio\tools\hvigor\hvigor-ohos-plugin\src\plugin\factory\plugin-factory.js
- D:\DevEco Studio\tools\hvigor\hvigor-ohos-plugin\index.js
- C:\Users\lzf\Desktop\health_-service_-kit_-sample-code-master\health_-service_-kit_-sample-code-master\hvigorfile.ts
- D:\DevEco Studio\tools\hvigor\hvigor\src\base\internal\lifecycle\configuration.js
- D:\DevEco Studio\tools\hvigor\hvigor\src\base\boot\index.js
- D:\DevEco Studio\tools\hvigor\hvigor\src\base\daemon\cluster\worker-process-lifecycle.js
- D:\DevEco Studio\tools\hvigor\hvigor\src\base\daemon\process\daemon-process-boot-script.js
[2026-04-21T17:02:28.568] [DEBUG] debug-file - Start initialize module-target build option map, moduleName=entry, buildMode=debug
[2026-04-21T17:02:28.568] [DEBUG] debug-file - Target 'default' config initialized
[2026-04-21T17:02:28.568] [DEBUG] debug-file - Target 'ohosTest' config initialized
[2026-04-21T17:02:28.569] [DEBUG] debug-file - Module 'entry' target 'default' build option initialized
[2026-04-21T17:02:28.569] [DEBUG] debug-file - Module 'entry' target 'ohosTest' build option initialized
[2026-04-21T17:02:28.569] [DEBUG] debug-file - End initialize module-target build option map, moduleName=entry
[2026-04-21T17:02:28.570] [DEBUG] debug-file - Start initialize module-target build option map, moduleName=entry, buildMode=release
[2026-04-21T17:02:28.570] [DEBUG] debug-file - Target 'default' config initialized
[2026-04-21T17:02:28.570] [DEBUG] debug-file - Target 'ohosTest' config initialized
[2026-04-21T17:02:28.570] [DEBUG] debug-file - Module 'entry' target 'default' build option initialized
[2026-04-21T17:02:28.571] [DEBUG] debug-file - Module 'entry' target 'ohosTest' build option initialized
[2026-04-21T17:02:28.571] [DEBUG] debug-file - End initialize module-target build option map, moduleName=entry
[2026-04-21T17:02:28.571] [DEBUG] debug-file - Start initialize module-target build option map, moduleName=entry, buildMode=debug
[2026-04-21T17:02:28.571] [DEBUG] debug-file - Target 'default' config initialized
[2026-04-21T17:02:28.571] [DEBUG] debug-file - Target 'ohosTest' config initialized
[2026-04-21T17:02:28.571] [DEBUG] debug-file - Module 'entry' target 'default' build option initialized
[2026-04-21T17:02:28.571] [DEBUG] debug-file - Module 'entry' target 'ohosTest' build option initialized
[2026-04-21T17:02:28.571] [DEBUG] debug-file - End initialize module-target build option map, moduleName=entry
[2026-04-21T17:02:28.571] [DEBUG] debug-file - Obtain build option for module 'entry' target 'default'in this build.
[2026-04-21T17:02:28.573] [DEBUG] debug-file - Module entry task initialization takes 1 ms 
[2026-04-21T17:02:28.573] [DEBUG] debug-file - Hap plugin register hook start...
[2026-04-21T17:02:28.573] [DEBUG] debug-file - Hap plugin register hook end...
[2026-04-21T17:02:28.573] [DEBUG] debug-file - Plugin build process completed
[2026-04-21T17:02:28.573] [DEBUG] debug-file - hvigorfile, binding custom plugins []
[2026-04-21T17:02:28.573] [DEBUG] debug-file - hvigorfile, no custom plugins were found in C:\Users\lzf\Desktop\health_-service_-kit_-sample-code-master\health_-service_-kit_-sample-code-master\entry\hvigorfile.ts
[2026-04-21T17:02:28.573] [DEBUG] debug-file - hvigorfile, resolve finished C:\Users\lzf\Desktop\health_-service_-kit_-sample-code-master\health_-service_-kit_-sample-code-master\entry\hvigorfile.ts
[2026-04-21T17:02:28.600] [DEBUG] debug-file - hvigorfile, resolve hvigorfile dependencies in 26 ms 
[2026-04-21T17:02:28.600] [DEBUG] debug-file - project has submodules:entry
[2026-04-21T17:02:28.601] [DEBUG] debug-file - start to load updatedOhPackageInfo to the disk
[2026-04-21T17:02:28.620] [DEBUG] debug-file - load to the disk finished
[2026-04-21T17:02:28.621] [DEBUG] debug-file - Start to initialize dependency information.
[2026-04-21T17:02:28.625] [DEBUG] debug-file - Module health_-service_-kit_-sample-code-master Collected Dependency: 
[2026-04-21T17:02:28.626] [DEBUG] debug-file - Module health_-service_-kit_-sample-code-master's total dependency: 0
[2026-04-21T17:02:28.626] [DEBUG] debug-file - Start to initialize dependency information.
[2026-04-21T17:02:28.629] [DEBUG] debug-file - Module entry Collected Dependency: 
[2026-04-21T17:02:28.629] [DEBUG] debug-file - Module entry's total dependency: 0
[2026-04-21T17:02:28.633] [DEBUG] debug-file - Configuration phase cost:164 ms 
[2026-04-21T17:02:28.635] [DEBUG] debug-file - Configuration task cost before running: 177 ms 
[2026-04-21T17:02:28.641] [DEBUG] debug-file - Executing task :entry:default@PreBuild
[2026-04-21T17:02:28.641] [WARN] debug-file - The project has not explicitly set the 'targetSdkVersion' version at build-profile.json5. It is recommended to configure it. Reference: https://developer.huawei.com/consumer/cn/doc/harmonyos-guides/ide-hvigor-build-profile-app#section45865492619
[2026-04-21T17:02:28.642] [DEBUG] debug-file - Task 'entry:default@PreBuild' cost while wrapping incremental declarations: 1 ms 
[2026-04-21T17:02:28.654] [DEBUG] debug-file - Incremental task entry:default@PreBuild pre-execution cost: 9 ms .
[2026-04-21T17:02:28.654] [DEBUG] debug-file - entry : default@PreBuild cost memory 0.3727264404296875
[2026-04-21T17:02:28.657] [INFO] debug-file - UP-TO-DATE :entry:default@PreBuild...  
[2026-04-21T17:02:28.659] [DEBUG] debug-file - Executing task :entry:default@CreateModuleInfo
[2026-04-21T17:02:28.659] [DEBUG] debug-file - Task 'entry:default@CreateModuleInfo' cost while wrapping incremental declarations: 1 ms 
[2026-04-21T17:02:28.660] [DEBUG] debug-file - entry : default@CreateModuleInfo cost memory 0.04254913330078125
[2026-04-21T17:02:28.660] [DEBUG] debug-file - runTaskFromQueue task cost before running: 202 ms 
[2026-04-21T17:02:28.660] [INFO] debug-file - Finished :entry:default@CreateModuleInfo... after 2 ms 
[2026-04-21T17:02:28.662] [DEBUG] debug-file - Executing task :entry:default@GenerateMetadata
[2026-04-21T17:02:28.664] [DEBUG] debug-file - Task 'entry:default@GenerateMetadata' cost while wrapping incremental declarations: 2 ms 
[2026-04-21T17:02:28.666] [DEBUG] debug-file - Incremental task entry:default@GenerateMetadata pre-execution cost: 2 ms .
[2026-04-21T17:02:28.666] [DEBUG] debug-file - entry : default@GenerateMetadata cost memory -1.621246337890625
[2026-04-21T17:02:28.666] [INFO] debug-file - UP-TO-DATE :entry:default@GenerateMetadata...  
[2026-04-21T17:02:28.667] [DEBUG] debug-file - Executing task :entry:default@ConfigureCmake
[2026-04-21T17:02:28.667] [DEBUG] debug-file - entry : default@ConfigureCmake cost memory 0.0146484375
[2026-04-21T17:02:28.667] [DEBUG] debug-file - runTaskFromQueue task cost before running: 209 ms 
[2026-04-21T17:02:28.667] [INFO] debug-file - Finished :entry:default@ConfigureCmake... after 1 ms 
[2026-04-21T17:02:28.669] [DEBUG] debug-file - Executing task :entry:default@MergeProfile
[2026-04-21T17:02:28.669] [DEBUG] debug-file - Task 'entry:default@MergeProfile' cost while wrapping incremental declarations: 1 ms 
[2026-04-21T17:02:28.671] [DEBUG] debug-file - Incremental task entry:default@MergeProfile pre-execution cost: 2 ms .
[2026-04-21T17:02:28.671] [DEBUG] debug-file - entry : default@MergeProfile cost memory 0.13138580322265625
[2026-04-21T17:02:28.672] [INFO] debug-file - UP-TO-DATE :entry:default@MergeProfile...  
[2026-04-21T17:02:28.673] [DEBUG] debug-file - Executing task :entry:default@CreateBuildProfile
[2026-04-21T17:02:28.673] [DEBUG] debug-file - Task 'entry:default@CreateBuildProfile' cost while wrapping incremental declarations: 1 ms 
[2026-04-21T17:02:28.674] [DEBUG] debug-file - Incremental task entry:default@CreateBuildProfile pre-execution cost: 1 ms .
[2026-04-21T17:02:28.675] [DEBUG] debug-file - entry : default@CreateBuildProfile cost memory 0.09991455078125
[2026-04-21T17:02:28.675] [INFO] debug-file - UP-TO-DATE :entry:default@CreateBuildProfile...  
[2026-04-21T17:02:28.676] [DEBUG] debug-file - Executing task :entry:default@PreCheckSyscap
[2026-04-21T17:02:28.676] [DEBUG] debug-file - entry : default@PreCheckSyscap cost memory 0.01479339599609375
[2026-04-21T17:02:28.676] [DEBUG] debug-file - runTaskFromQueue task cost before running: 218 ms 
[2026-04-21T17:02:28.676] [INFO] debug-file - Finished :entry:default@PreCheckSyscap... after 1 ms 
[2026-04-21T17:02:28.678] [DEBUG] debug-file - Executing task :entry:default@GeneratePkgContextInfo
[2026-04-21T17:02:28.682] [DEBUG] debug-file - Task 'entry:default@GeneratePkgContextInfo' cost while wrapping incremental declarations: 1 ms 
[2026-04-21T17:02:28.683] [DEBUG] debug-file - entry : default@GeneratePkgContextInfo cost memory 0.2003936767578125
[2026-04-21T17:02:28.683] [DEBUG] debug-file - runTaskFromQueue task cost before running: 225 ms 
[2026-04-21T17:02:28.683] [INFO] debug-file - Finished :entry:default@GeneratePkgContextInfo... after 5 ms 
[2026-04-21T17:02:28.687] [DEBUG] debug-file - Executing task :entry:default@ProcessIntegratedHsp
[2026-04-21T17:02:28.687] [DEBUG] debug-file - entry:default@ProcessIntegratedHsp is not up-to-date, since the output file 'C:\Users\lzf\Desktop\health_-service_-kit_-sample-code-master\health_-service_-kit_-sample-code-master\build\cache\default\integrated_hsp\integratedHspCache.json' does not exist.
[2026-04-21T17:02:28.687] [DEBUG] debug-file - Incremental task entry:default@ProcessIntegratedHsp pre-execution cost: 1 ms .
[2026-04-21T17:02:28.687] [DEBUG] debug-file - entry : default@ProcessIntegratedHsp cost memory 0.0614776611328125
[2026-04-21T17:02:28.687] [DEBUG] debug-file - runTaskFromQueue task cost before running: 229 ms 
[2026-04-21T17:02:28.688] [INFO] debug-file - Finished :entry:default@ProcessIntegratedHsp... after 1 ms 
[2026-04-21T17:02:28.689] [DEBUG] debug-file - Executing task :entry:default@BuildNativeWithCmake
[2026-04-21T17:02:28.690] [DEBUG] debug-file - entry : default@BuildNativeWithCmake cost memory 0.0145721435546875
[2026-04-21T17:02:28.690] [DEBUG] debug-file - runTaskFromQueue task cost before running: 231 ms 
[2026-04-21T17:02:28.690] [INFO] debug-file - Finished :entry:default@BuildNativeWithCmake... after 1 ms 
[2026-04-21T17:02:28.691] [DEBUG] debug-file - Executing task :entry:default@MakePackInfo
[2026-04-21T17:02:28.693] [DEBUG] debug-file - Incremental task entry:default@MakePackInfo pre-execution cost: 2 ms .
[2026-04-21T17:02:28.693] [DEBUG] debug-file - entry : default@MakePackInfo cost memory 0.117034912109375
[2026-04-21T17:02:28.695] [INFO] debug-file - UP-TO-DATE :entry:default@MakePackInfo...  
[2026-04-21T17:02:28.696] [DEBUG] debug-file - Executing task :entry:default@SyscapTransform
[2026-04-21T17:02:28.696] [DEBUG] debug-file - File: 'C:\Users\lzf\Desktop\health_-service_-kit_-sample-code-master\health_-service_-kit_-sample-code-master\entry\src\main\syscap.json' from 'sysCapJsonPath' is not exists, just ignore.
[2026-04-21T17:02:28.697] [DEBUG] debug-file - Task 'entry:default@SyscapTransform' cost while wrapping incremental declarations: 1 ms 
[2026-04-21T17:02:28.699] [DEBUG] debug-file - entry:default@SyscapTransform is not up-to-date, since the output file 'C:\Users\lzf\Desktop\health_-service_-kit_-sample-code-master\health_-service_-kit_-sample-code-master\entry\build\default\intermediates\syscap\default\rpcid.sc' does not exist.
[2026-04-21T17:02:28.699] [DEBUG] debug-file - Incremental task entry:default@SyscapTransform pre-execution cost: 2 ms .
[2026-04-21T17:02:28.699] [DEBUG] debug-file - entry : default@SyscapTransform cost memory 0.19556427001953125
[2026-04-21T17:02:28.699] [DEBUG] debug-file - runTaskFromQueue task cost before running: 241 ms 
[2026-04-21T17:02:28.699] [INFO] debug-file - Finished :entry:default@SyscapTransform... after 4 ms 
[2026-04-21T17:02:28.701] [DEBUG] debug-file - Executing task :entry:default@ProcessProfile
[2026-04-21T17:02:28.702] [DEBUG] debug-file - Task 'entry:default@ProcessProfile' cost while wrapping incremental declarations: 1 ms 
[2026-04-21T17:02:28.703] [DEBUG] debug-file - Incremental task entry:default@ProcessProfile pre-execution cost: 2 ms .
[2026-04-21T17:02:28.703] [DEBUG] debug-file - entry : default@ProcessProfile cost memory 0.1340179443359375
[2026-04-21T17:02:28.703] [INFO] debug-file - UP-TO-DATE :entry:default@ProcessProfile...  
[2026-04-21T17:02:28.704] [DEBUG] debug-file - Executing task :entry:default@ProcessRouterMap
[2026-04-21T17:02:28.707] [DEBUG] debug-file - Incremental task entry:default@ProcessRouterMap pre-execution cost: 2 ms .
[2026-04-21T17:02:28.707] [DEBUG] debug-file - entry : default@ProcessRouterMap cost memory 0.1572418212890625
[2026-04-21T17:02:28.708] [INFO] debug-file - UP-TO-DATE :entry:default@ProcessRouterMap...  
[2026-04-21T17:02:28.709] [DEBUG] debug-file - Executing task :entry:default@ProcessShareConfig
[2026-04-21T17:02:28.711] [DEBUG] debug-file - Incremental task entry:default@ProcessShareConfig pre-execution cost: 2 ms .
[2026-04-21T17:02:28.711] [DEBUG] debug-file - entry : default@ProcessShareConfig cost memory 0.13059234619140625
[2026-04-21T17:02:28.712] [INFO] debug-file - UP-TO-DATE :entry:default@ProcessShareConfig...  
[2026-04-21T17:02:28.713] [DEBUG] debug-file - Executing task :entry:default@ProcessStartupConfig
[2026-04-21T17:02:28.713] [DEBUG] debug-file - Task 'entry:default@ProcessStartupConfig' cost while wrapping incremental declarations: 1 ms 
[2026-04-21T17:02:28.714] [DEBUG] debug-file - entry:default@ProcessStartupConfig is not up-to-date, since the output file 'C:\Users\lzf\Desktop\health_-service_-kit_-sample-code-master\health_-service_-kit_-sample-code-master\entry\build\default\intermediates\startup\default\startup_config.json' does not exist.
[2026-04-21T17:02:28.714] [DEBUG] debug-file - Incremental task entry:default@ProcessStartupConfig pre-execution cost: 1 ms .
[2026-04-21T17:02:28.714] [DEBUG] debug-file - entry : default@ProcessStartupConfig cost memory 0.10605621337890625
[2026-04-21T17:02:28.714] [DEBUG] debug-file - runTaskFromQueue task cost before running: 256 ms 
[2026-04-21T17:02:28.715] [INFO] debug-file - Finished :entry:default@ProcessStartupConfig... after 2 ms 
[2026-04-21T17:02:28.716] [DEBUG] debug-file - Executing task :entry:default@BuildNativeWithNinja
[2026-04-21T17:02:28.716] [DEBUG] debug-file - entry : default@BuildNativeWithNinja cost memory 0.02318572998046875
[2026-04-21T17:02:28.716] [DEBUG] debug-file - runTaskFromQueue task cost before running: 258 ms 
[2026-04-21T17:02:28.717] [INFO] debug-file - Finished :entry:default@BuildNativeWithNinja... after 1 ms 
[2026-04-21T17:02:28.718] [DEBUG] debug-file - restool module names: entry; moduleName=entry, taskName=default@ProcessResource
[2026-04-21T17:02:28.720] [DEBUG] debug-file - Executing task :entry:default@ProcessResource
[2026-04-21T17:02:28.720] [DEBUG] debug-file - Task 'entry:default@ProcessResource' cost while wrapping incremental declarations: 1 ms 
[2026-04-21T17:02:28.722] [DEBUG] debug-file - Incremental task entry:default@ProcessResource pre-execution cost: 2 ms .
[2026-04-21T17:02:28.722] [DEBUG] debug-file - entry : default@ProcessResource cost memory 0.15071868896484375
[2026-04-21T17:02:28.724] [INFO] debug-file - UP-TO-DATE :entry:default@ProcessResource...  
[2026-04-21T17:02:28.726] [DEBUG] debug-file - Executing task :entry:default@GenerateLoaderJson
[2026-04-21T17:02:28.726] [DEBUG] debug-file - Task 'entry:default@GenerateLoaderJson' cost while wrapping incremental declarations: 1 ms 
[2026-04-21T17:02:28.735] [DEBUG] debug-file - Incremental task entry:default@GenerateLoaderJson pre-execution cost: 6 ms .
[2026-04-21T17:02:28.735] [DEBUG] debug-file - entry : default@GenerateLoaderJson cost memory 0.5817108154296875
[2026-04-21T17:02:28.739] [INFO] debug-file - UP-TO-DATE :entry:default@GenerateLoaderJson...  
[2026-04-21T17:02:28.740] [DEBUG] debug-file - Executing task :entry:default@ProcessLibs
[2026-04-21T17:02:28.742] [DEBUG] debug-file - Incremental task entry:default@ProcessLibs pre-execution cost: 2 ms .
[2026-04-21T17:02:28.742] [DEBUG] debug-file - entry : default@ProcessLibs cost memory 0.1269378662109375
[2026-04-21T17:02:28.743] [INFO] debug-file - UP-TO-DATE :entry:default@ProcessLibs...  
[2026-04-21T17:02:28.744] [DEBUG] debug-file - restool module names: entry; moduleName=entry, taskName=default@CompileResource
[2026-04-21T17:02:28.745] [DEBUG] debug-file - Executing task :entry:default@CompileResource
[2026-04-21T17:02:28.760] [DEBUG] debug-file - Incremental task entry:default@CompileResource pre-execution cost: 14 ms .
[2026-04-21T17:02:28.760] [DEBUG] debug-file - entry : default@CompileResource cost memory -0.9879837036132812
[2026-04-21T17:02:28.762] [INFO] debug-file - UP-TO-DATE :entry:default@CompileResource...  
[2026-04-21T17:02:28.763] [DEBUG] debug-file - Executing task :entry:default@DoNativeStrip
[2026-04-21T17:02:28.764] [DEBUG] debug-file - Task 'entry:default@DoNativeStrip' cost while wrapping incremental declarations: 1 ms 
[2026-04-21T17:02:28.765] [DEBUG] debug-file - Incremental task entry:default@DoNativeStrip pre-execution cost: 2 ms .
[2026-04-21T17:02:28.765] [DEBUG] debug-file - entry : default@DoNativeStrip cost memory 0.0875091552734375
[2026-04-21T17:02:28.765] [INFO] debug-file - UP-TO-DATE :entry:default@DoNativeStrip...  
[2026-04-21T17:02:28.767] [DEBUG] debug-file - Executing task :entry:default@CompileArkTS
[2026-04-21T17:02:28.768] [DEBUG] debug-file - obfuscationOptions: undefined
[2026-04-21T17:02:28.769] [DEBUG] debug-file - Task 'entry:default@CompileArkTS' cost while wrapping incremental declarations: 1 ms 
[2026-04-21T17:02:28.783] [DEBUG] debug-file - Incremental task entry:default@CompileArkTS pre-execution cost: 11 ms .
[2026-04-21T17:02:28.783] [DEBUG] debug-file - entry : default@CompileArkTS cost memory 0.7204666137695312
[2026-04-21T17:02:28.785] [INFO] debug-file - UP-TO-DATE :entry:default@CompileArkTS...  
[2026-04-21T17:02:28.787] [DEBUG] debug-file - Executing task :entry:default@BuildJS
[2026-04-21T17:02:28.787] [DEBUG] debug-file - Task 'entry:default@BuildJS' cost while wrapping incremental declarations: 1 ms 
[2026-04-21T17:02:28.791] [DEBUG] debug-file - entry : default@BuildJS cost memory -1.5884933471679688
[2026-04-21T17:02:28.791] [DEBUG] debug-file - runTaskFromQueue task cost before running: 333 ms 
[2026-04-21T17:02:28.791] [INFO] debug-file - Finished :entry:default@BuildJS... after 5 ms 
[2026-04-21T17:02:28.793] [DEBUG] debug-file - Executing task :entry:default@CacheNativeLibs
[2026-04-21T17:02:28.793] [DEBUG] debug-file - Task 'entry:default@CacheNativeLibs' cost while wrapping incremental declarations: 1 ms 
[2026-04-21T17:02:28.794] [DEBUG] debug-file - Incremental task entry:default@CacheNativeLibs pre-execution cost: 1 ms .
[2026-04-21T17:02:28.794] [DEBUG] debug-file - entry : default@CacheNativeLibs cost memory 0.1012115478515625
[2026-04-21T17:02:28.795] [INFO] debug-file - UP-TO-DATE :entry:default@CacheNativeLibs...  
[2026-04-21T17:02:28.795] [DEBUG] debug-file - Executing task :entry:default@GeneratePkgModuleJson
[2026-04-21T17:02:28.796] [DEBUG] debug-file - File: 'C:\Users\lzf\Desktop\health_-service_-kit_-sample-code-master\health_-service_-kit_-sample-code-master\entry\build\default\intermediates\preload\default\preload.json' from 'preloadSoJsonPath' is not exists, just ignore.
[2026-04-21T17:02:28.796] [DEBUG] debug-file - Error occurs while handling @Input 'shouldDeduplicateHar': The "data" argument must be of type string or an instance of Buffer, TypedArray, or DataView. Received undefined
[2026-04-21T17:02:28.796] [DEBUG] debug-file - Task 'entry:default@GeneratePkgModuleJson' cost while wrapping incremental declarations: 1 ms 
[2026-04-21T17:02:28.797] [DEBUG] debug-file - Incremental task entry:default@GeneratePkgModuleJson pre-execution cost: 1 ms .
[2026-04-21T17:02:28.797] [DEBUG] debug-file - entry : default@GeneratePkgModuleJson cost memory 0.11112213134765625
[2026-04-21T17:02:28.797] [INFO] debug-file - UP-TO-DATE :entry:default@GeneratePkgModuleJson...  
[2026-04-21T17:02:28.798] [DEBUG] debug-file - Executing task :entry:default@ProcessCompiledResources
[2026-04-21T17:02:28.798] [DEBUG] debug-file - File: 'C:\Users\lzf\Desktop\health_-service_-kit_-sample-code-master\health_-service_-kit_-sample-code-master\entry\build\default\intermediates\preload\default\preload.json' from 'preloadSoJsonPath' is not exists, just ignore.
[2026-04-21T17:02:28.798] [DEBUG] debug-file - Task 'entry:default@ProcessCompiledResources' cost while wrapping incremental declarations: 1 ms 
[2026-04-21T17:02:28.799] [DEBUG] debug-file - entry : default@ProcessCompiledResources cost memory 0.06394195556640625
[2026-04-21T17:02:28.799] [DEBUG] debug-file - runTaskFromQueue task cost before running: 341 ms 
[2026-04-21T17:02:28.799] [INFO] debug-file - Finished :entry:default@ProcessCompiledResources... after 1 ms 
[2026-04-21T17:02:28.802] [DEBUG] debug-file - Executing task :entry:default@PackageHap
[2026-04-21T17:02:28.808] [DEBUG] debug-file - Incremental task entry:default@PackageHap pre-execution cost: 6 ms .
[2026-04-21T17:02:28.809] [DEBUG] debug-file - entry : default@PackageHap cost memory 0.46649932861328125
[2026-04-21T17:02:28.809] [INFO] debug-file - UP-TO-DATE :entry:default@PackageHap...  
[2026-04-21T17:02:28.811] [DEBUG] debug-file - Executing task :entry:default@PackingCheck
[2026-04-21T17:02:28.817] [DEBUG] debug-file - entry : default@PackingCheck cost memory 0.571990966796875
[2026-04-21T17:02:28.818] [DEBUG] debug-file - runTaskFromQueue task cost before running: 360 ms 
[2026-04-21T17:02:28.819] [INFO] debug-file - Finished :entry:default@PackingCheck... after 8 ms 
[2026-04-21T17:02:28.820] [DEBUG] debug-file - Executing task :entry:default@SignHap
[2026-04-21T17:02:28.821] [WARN] debug-file - Will skip sign 'hos_hap'. No signingConfigs profile is configured in current project.
             If needed, configure the signingConfigs in C:\Users\lzf\Desktop\health_-service_-kit_-sample-code-master\health_-service_-kit_-sample-code-master\build-profile.json5.
[2026-04-21T17:02:28.822] [DEBUG] debug-file - entry:default@SignHap is not up-to-date, since the output file 'C:\Users\lzf\Desktop\health_-service_-kit_-sample-code-master\health_-service_-kit_-sample-code-master\entry\build\default\outputs\default\entry-default-signed.hap' does not exist.
[2026-04-21T17:02:28.822] [DEBUG] debug-file - Incremental task entry:default@SignHap pre-execution cost: 1 ms .
[2026-04-21T17:02:28.822] [DEBUG] debug-file - entry : default@SignHap cost memory 0.0994415283203125
[2026-04-21T17:02:28.822] [DEBUG] debug-file - runTaskFromQueue task cost before running: 364 ms 
[2026-04-21T17:02:28.823] [INFO] debug-file - Finished :entry:default@SignHap... after 2 ms 
[2026-04-21T17:02:28.824] [DEBUG] debug-file - Executing task :entry:default@CollectDebugSymbol
[2026-04-21T17:02:28.825] [DEBUG] debug-file - entry : default@CollectDebugSymbol cost memory 0.11310577392578125
[2026-04-21T17:02:28.825] [DEBUG] debug-file - runTaskFromQueue task cost before running: 367 ms 
[2026-04-21T17:02:28.825] [INFO] debug-file - Finished :entry:default@CollectDebugSymbol... after 2 ms 
[2026-04-21T17:02:28.826] [DEBUG] debug-file - Executing task :entry:assembleHap
[2026-04-21T17:02:28.826] [DEBUG] debug-file - entry : assembleHap cost memory 0.0126800537109375
[2026-04-21T17:02:28.826] [DEBUG] debug-file - runTaskFromQueue task cost before running: 368 ms 
[2026-04-21T17:02:28.826] [INFO] debug-file - Finished :entry:assembleHap... after 1 ms 
[2026-04-21T17:02:28.836] [INFO] debug-file - BUILD SUCCESSFUL in 377 ms 
[2026-04-21T17:02:28.836] [DEBUG] debug-file - There is no need to refresh cache, since the incremental task entry:default@PreBuild is up-to-date.
[2026-04-21T17:02:28.836] [DEBUG] debug-file - Update task entry:default@CreateModuleInfo output file:C:\Users\lzf\Desktop\health_-service_-kit_-sample-code-master\health_-service_-kit_-sample-code-master\entry\build\default\generated\profile\default\ModuleInfo.ts cache.
[2026-04-21T17:02:28.836] [DEBUG] debug-file - Incremental task entry:default@CreateModuleInfo post-execution cost:1 ms .
[2026-04-21T17:02:28.836] [DEBUG] debug-file - There is no need to refresh cache, since the incremental task entry:default@GenerateMetadata is up-to-date.
[2026-04-21T17:02:28.836] [DEBUG] debug-file - There is no need to refresh cache, since the incremental task entry:default@MergeProfile is up-to-date.
[2026-04-21T17:02:28.836] [DEBUG] debug-file - There is no need to refresh cache, since the incremental task entry:default@CreateBuildProfile is up-to-date.
[2026-04-21T17:02:28.837] [DEBUG] debug-file - Update task entry:default@GeneratePkgContextInfo output file:C:\Users\lzf\Desktop\health_-service_-kit_-sample-code-master\health_-service_-kit_-sample-code-master\entry\build\default\intermediates\loader\default\pkgContextInfo.json cache.
[2026-04-21T17:02:28.837] [DEBUG] debug-file - Incremental task entry:default@GeneratePkgContextInfo post-execution cost:1 ms .
[2026-04-21T17:02:28.837] [DEBUG] debug-file - Update task entry:default@ProcessIntegratedHsp output file:C:\Users\lzf\Desktop\health_-service_-kit_-sample-code-master\health_-service_-kit_-sample-code-master\build\cache\default\integrated_hsp\integratedHspCache.json cache.
[2026-04-21T17:02:28.838] [DEBUG] debug-file - Incremental task entry:default@ProcessIntegratedHsp post-execution cost:1 ms .
[2026-04-21T17:02:28.838] [DEBUG] debug-file - There is no need to refresh cache, since the incremental task entry:default@MakePackInfo is up-to-date.
[2026-04-21T17:02:28.838] [DEBUG] debug-file - Update task entry:default@SyscapTransform input file:D:\DevEco Studio\sdk\default\openharmony\toolchains\syscap_tool.exe cache by regenerate.
[2026-04-21T17:02:28.838] [DEBUG] debug-file - Update task entry:default@SyscapTransform input file:D:\DevEco Studio\sdk\default\openharmony\ets\api\device-define cache by regenerate.
[2026-04-21T17:02:28.839] [DEBUG] debug-file - Update task entry:default@SyscapTransform output file:C:\Users\lzf\Desktop\health_-service_-kit_-sample-code-master\health_-service_-kit_-sample-code-master\entry\build\default\intermediates\syscap\default\rpcid.sc cache.
[2026-04-21T17:02:28.840] [DEBUG] debug-file - Incremental task entry:default@SyscapTransform post-execution cost:2 ms .
[2026-04-21T17:02:28.840] [DEBUG] debug-file - There is no need to refresh cache, since the incremental task entry:default@ProcessProfile is up-to-date.
[2026-04-21T17:02:28.840] [DEBUG] debug-file - There is no need to refresh cache, since the incremental task entry:default@ProcessRouterMap is up-to-date.
[2026-04-21T17:02:28.840] [DEBUG] debug-file - There is no need to refresh cache, since the incremental task entry:default@ProcessShareConfig is up-to-date.
[2026-04-21T17:02:28.840] [DEBUG] debug-file - Update task entry:default@ProcessStartupConfig output file:C:\Users\lzf\Desktop\health_-service_-kit_-sample-code-master\health_-service_-kit_-sample-code-master\entry\build\default\intermediates\startup\default\startup_config.json cache.
[2026-04-21T17:02:28.840] [DEBUG] debug-file - Incremental task entry:default@ProcessStartupConfig post-execution cost:1 ms .
[2026-04-21T17:02:28.840] [DEBUG] debug-file - There is no need to refresh cache, since the incremental task entry:default@ProcessResource is up-to-date.
[2026-04-21T17:02:28.841] [DEBUG] debug-file - There is no need to refresh cache, since the incremental task entry:default@GenerateLoaderJson is up-to-date.
[2026-04-21T17:02:28.841] [DEBUG] debug-file - There is no need to refresh cache, since the incremental task entry:default@ProcessLibs is up-to-date.
[2026-04-21T17:02:28.841] [DEBUG] debug-file - There is no need to refresh cache, since the incremental task entry:default@CompileResource is up-to-date.
[2026-04-21T17:02:28.841] [DEBUG] debug-file - There is no need to refresh cache, since the incremental task entry:default@DoNativeStrip is up-to-date.
[2026-04-21T17:02:28.841] [DEBUG] debug-file - There is no need to refresh cache, since the incremental task entry:default@CompileArkTS is up-to-date.
[2026-04-21T17:02:28.842] [DEBUG] debug-file - Update task entry:default@BuildJS input file:C:\Users\lzf\Desktop\health_-service_-kit_-sample-code-master\health_-service_-kit_-sample-code-master\entry\build\default\intermediates\loader\default cache by regenerate.
[2026-04-21T17:02:28.843] [DEBUG] debug-file - Update task entry:default@BuildJS input file:C:\Users\lzf\Desktop\health_-service_-kit_-sample-code-master\health_-service_-kit_-sample-code-master\entry\build\default\intermediates\res\default\ResourceTable.txt cache by regenerate.
[2026-04-21T17:02:28.843] [DEBUG] debug-file - Update task entry:default@BuildJS input file:C:\Users\lzf\Desktop\health_-service_-kit_-sample-code-master\health_-service_-kit_-sample-code-master\entry\build\default\intermediates\res\default\ark_module.json cache by regenerate.
[2026-04-21T17:02:28.844] [DEBUG] debug-file - Update task entry:default@BuildJS input file:C:\Users\lzf\Desktop\health_-service_-kit_-sample-code-master\health_-service_-kit_-sample-code-master\entry\build\default\intermediates\res\default\resources\base\profile cache by regenerate.
[2026-04-21T17:02:28.844] [DEBUG] debug-file - Update task entry:default@BuildJS output file:C:\Users\lzf\Desktop\health_-service_-kit_-sample-code-master\health_-service_-kit_-sample-code-master\entry\build\default\intermediates\loader_out\default\js cache.
[2026-04-21T17:02:28.844] [DEBUG] debug-file - Incremental task entry:default@BuildJS post-execution cost:4 ms .
[2026-04-21T17:02:28.844] [DEBUG] debug-file - There is no need to refresh cache, since the incremental task entry:default@CacheNativeLibs is up-to-date.
[2026-04-21T17:02:28.845] [DEBUG] debug-file - There is no need to refresh cache, since the incremental task entry:default@GeneratePkgModuleJson is up-to-date.
[2026-04-21T17:02:28.845] [DEBUG] debug-file - Incremental task entry:default@ProcessCompiledResources post-execution cost:1 ms .
[2026-04-21T17:02:28.845] [DEBUG] debug-file - There is no need to refresh cache, since the incremental task entry:default@PackageHap is up-to-date.
[2026-04-21T17:02:28.845] [DEBUG] debug-file - Update task entry:default@SignHap input file:C:\Users\lzf\Desktop\health_-service_-kit_-sample-code-master\health_-service_-kit_-sample-code-master\entry\build\default\outputs\default\entry-default-unsigned.hap cache by regenerate.
[2026-04-21T17:02:28.846] [DEBUG] debug-file - Update task entry:default@SignHap output file:C:\Users\lzf\Desktop\health_-service_-kit_-sample-code-master\health_-service_-kit_-sample-code-master\entry\build\default\outputs\default\entry-default-signed.hap cache.
[2026-04-21T17:02:28.846] [DEBUG] debug-file - Incremental task entry:default@SignHap post-execution cost:1 ms .
[2026-04-21T17:02:28.846] [DEBUG] debug-file - Update task entry:default@CollectDebugSymbol input file:C:\Users\lzf\Desktop\health_-service_-kit_-sample-code-master\health_-service_-kit_-sample-code-master\entry\build\default\intermediates\loader_out\default\ets\sourceMaps.map cache by regenerate.
[2026-04-21T17:02:28.847] [DEBUG] debug-file - Update task entry:default@CollectDebugSymbol input file:C:\Users\lzf\Desktop\health_-service_-kit_-sample-code-master\health_-service_-kit_-sample-code-master\entry\build\default\intermediates\libs\default cache by regenerate.
[2026-04-21T17:02:28.847] [DEBUG] debug-file - Update task entry:default@CollectDebugSymbol output file:C:\Users\lzf\Desktop\health_-service_-kit_-sample-code-master\health_-service_-kit_-sample-code-master\entry\build\default\outputs\default\symbol cache.
[2026-04-21T17:02:28.847] [DEBUG] debug-file - Incremental task entry:default@CollectDebugSymbol post-execution cost:2 ms .
[2026-04-21T17:02:28.872] [DEBUG] debug-file - hvigor build process will be closed.
[2026-04-21T17:02:28.883] [DEBUG] debug-file - session manager: send message to worker process.
[2026-04-21T17:02:28.884] [DEBUG] debug-file - session manager: send message to worker process.
[2026-04-21T17:02:28.884] [DEBUG] debug-file - watch worker: worker id should be larger than 0. Nothing will be sent to any worker thread.
[2026-04-21T17:02:28.884] [DEBUG] debug-file - watch worker: worker id should be larger than 0. Nothing will be sent to any worker thread.
[2026-04-21T17:31:33.471] [DEBUG] debug-file - session manager: set active socket. socketId=5U5o_M-_rWLCEWp1AAAF
[2026-04-21T17:31:33.487] [DEBUG] debug-file - watch worker: worker id should be larger than 0. Nothing will be sent to any worker thread.
[2026-04-21T17:31:33.501] [DEBUG] debug-file - Workers' log level updated to INFO
[2026-04-21T17:31:33.509] [DEBUG] debug-file - Hvigor init with startParameters:{
  hvigorfileTypeCheck: false,
  parallelExecution: true,
  incrementalExecution: true,
  printStackTrace: false,
  daemon: true,
  analyze: 0,
  logLevel: Level { level: 20000, levelStr: 'INFO', colour: 'green' },
  optimizationStrategy: 'memory',
  hotCompile: undefined,
  hotReloadBuild: undefined,
  customizedParam: undefined
}
[2026-04-21T17:31:33.520] [DEBUG] debug-file - Cache service initialization finished in 11 ms 
[2026-04-21T17:31:33.521] [DEBUG] debug-file - hvigorfile, resolving C:\Users\lzf\Desktop\health_-service_-kit_-sample-code-master\health_-service_-kit_-sample-code-master\hvigorfile.ts
[2026-04-21T17:31:33.538] [DEBUG] debug-file - hvigorfile, require result:  { default: { plugins: [] } }
[2026-04-21T17:31:33.538] [DEBUG] debug-file - hvigorfile, binding system plugins null
[2026-04-21T17:31:33.539] [DEBUG] debug-file - Starting plugin build process
[2026-04-21T17:31:33.540] [DEBUG] debug-file - App plugin prepare start...
[2026-04-21T17:31:33.540] [DEBUG] debug-file - App plugin prepare end...
[2026-04-21T17:31:33.540] [DEBUG] debug-file - App plugin creating...
[2026-04-21T17:31:33.552] [DEBUG] debug-file - App plugin register hook start...
[2026-04-21T17:31:33.553] [DEBUG] debug-file - App plugin register hook end...
[2026-04-21T17:31:33.553] [DEBUG] debug-file - Plugin build process completed
[2026-04-21T17:31:33.554] [DEBUG] debug-file - Start initialize project's product build option map with build mode debug.
[2026-04-21T17:31:33.554] [DEBUG] debug-file - Picking option from product 'default' with build mode 'debug'.
[2026-04-21T17:31:33.554] [DEBUG] debug-file - Product 'default' build option initialized
[2026-04-21T17:31:33.554] [DEBUG] debug-file - End initialize project's product build option map with build mode 'debug'.
[2026-04-21T17:31:33.555] [DEBUG] debug-file - Obtain build option for product 'default'in this build.
[2026-04-21T17:31:33.558] [DEBUG] debug-file - No signingConfig found, initRemoteHspCache failed.
[2026-04-21T17:31:33.562] [DEBUG] debug-file - Start recording SDK configuration permission data.
[2026-04-21T17:31:33.598] [DEBUG] debug-file - Sdk init in 39 ms 
[2026-04-21T17:31:33.603] [DEBUG] debug-file - Project task initialization takes 5 ms 
[2026-04-21T17:31:33.603] [DEBUG] debug-file - hvigorfile, binding custom plugins []
[2026-04-21T17:31:33.603] [DEBUG] debug-file - hvigorfile, no custom plugins were found in C:\Users\lzf\Desktop\health_-service_-kit_-sample-code-master\health_-service_-kit_-sample-code-master\hvigorfile.ts
[2026-04-21T17:31:33.603] [DEBUG] debug-file - hvigorfile, resolve finished C:\Users\lzf\Desktop\health_-service_-kit_-sample-code-master\health_-service_-kit_-sample-code-master\hvigorfile.ts
[2026-04-21T17:31:33.604] [DEBUG] debug-file - hvigorfile, resolving C:\Users\lzf\Desktop\health_-service_-kit_-sample-code-master\health_-service_-kit_-sample-code-master\entry\hvigorfile.ts
[2026-04-21T17:31:33.609] [DEBUG] debug-file - hvigorfile, require result:  { default: { plugins: [] } }
[2026-04-21T17:31:33.609] [DEBUG] debug-file - hvigorfile, binding system plugins null
[2026-04-21T17:31:33.609] [DEBUG] debug-file - Starting plugin build process
[2026-04-21T17:31:33.609] [DEBUG] debug-file - Hap plugin creating...
[2026-04-21T17:31:33.611] [DEBUG] debug-file - failed to load cangjie to dynamically generate schemas: Error: Cannot find module '@ohos/cangjie-build-support/index'
Require stack:
- D:\DevEco Studio\tools\hvigor\hvigor-ohos-plugin\src\plugin\hooks\cangjie-register.js
- D:\DevEco Studio\tools\hvigor\hvigor-ohos-plugin\src\plugin\strategy\stage-init-strategy.js
- D:\DevEco Studio\tools\hvigor\hvigor-ohos-plugin\src\plugin\builder\abstract-plugin-builder.js
- D:\DevEco Studio\tools\hvigor\hvigor-ohos-plugin\src\plugin\builder\app-plugin-builder.js
- D:\DevEco Studio\tools\hvigor\hvigor-ohos-plugin\src\plugin\factory\plugin-factory.js
- D:\DevEco Studio\tools\hvigor\hvigor-ohos-plugin\index.js
- C:\Users\lzf\Desktop\health_-service_-kit_-sample-code-master\health_-service_-kit_-sample-code-master\hvigorfile.ts
- D:\DevEco Studio\tools\hvigor\hvigor\src\base\internal\lifecycle\configuration.js
- D:\DevEco Studio\tools\hvigor\hvigor\src\base\boot\index.js
- D:\DevEco Studio\tools\hvigor\hvigor\src\base\daemon\cluster\worker-process-lifecycle.js
- D:\DevEco Studio\tools\hvigor\hvigor\src\base\daemon\process\daemon-process-boot-script.js
[2026-04-21T17:31:33.614] [DEBUG] debug-file - Start initialize module-target build option map, moduleName=entry, buildMode=debug
[2026-04-21T17:31:33.614] [DEBUG] debug-file - Target 'default' config initialized
[2026-04-21T17:31:33.615] [DEBUG] debug-file - Target 'ohosTest' config initialized
[2026-04-21T17:31:33.615] [DEBUG] debug-file - Module 'entry' target 'default' build option initialized
[2026-04-21T17:31:33.615] [DEBUG] debug-file - Module 'entry' target 'ohosTest' build option initialized
[2026-04-21T17:31:33.616] [DEBUG] debug-file - End initialize module-target build option map, moduleName=entry
[2026-04-21T17:31:33.616] [DEBUG] debug-file - Start initialize module-target build option map, moduleName=entry, buildMode=release
[2026-04-21T17:31:33.616] [DEBUG] debug-file - Target 'default' config initialized
[2026-04-21T17:31:33.616] [DEBUG] debug-file - Target 'ohosTest' config initialized
[2026-04-21T17:31:33.616] [DEBUG] debug-file - Module 'entry' target 'default' build option initialized
[2026-04-21T17:31:33.616] [DEBUG] debug-file - Module 'entry' target 'ohosTest' build option initialized
[2026-04-21T17:31:33.616] [DEBUG] debug-file - End initialize module-target build option map, moduleName=entry
[2026-04-21T17:31:33.617] [DEBUG] debug-file - Start initialize module-target build option map, moduleName=entry, buildMode=debug
[2026-04-21T17:31:33.617] [DEBUG] debug-file - Target 'default' config initialized
[2026-04-21T17:31:33.617] [DEBUG] debug-file - Target 'ohosTest' config initialized
[2026-04-21T17:31:33.617] [DEBUG] debug-file - Module 'entry' target 'default' build option initialized
[2026-04-21T17:31:33.617] [DEBUG] debug-file - Module 'entry' target 'ohosTest' build option initialized
[2026-04-21T17:31:33.617] [DEBUG] debug-file - End initialize module-target build option map, moduleName=entry
[2026-04-21T17:31:33.617] [DEBUG] debug-file - Obtain build option for module 'entry' target 'default'in this build.
[2026-04-21T17:31:33.619] [DEBUG] debug-file - Module entry task initialization takes 2 ms 
[2026-04-21T17:31:33.619] [DEBUG] debug-file - Hap plugin register hook start...
[2026-04-21T17:31:33.619] [DEBUG] debug-file - Hap plugin register hook end...
[2026-04-21T17:31:33.619] [DEBUG] debug-file - Plugin build process completed
[2026-04-21T17:31:33.619] [DEBUG] debug-file - hvigorfile, binding custom plugins []
[2026-04-21T17:31:33.619] [DEBUG] debug-file - hvigorfile, no custom plugins were found in C:\Users\lzf\Desktop\health_-service_-kit_-sample-code-master\health_-service_-kit_-sample-code-master\entry\hvigorfile.ts
[2026-04-21T17:31:33.619] [DEBUG] debug-file - hvigorfile, resolve finished C:\Users\lzf\Desktop\health_-service_-kit_-sample-code-master\health_-service_-kit_-sample-code-master\entry\hvigorfile.ts
[2026-04-21T17:31:33.651] [DEBUG] debug-file - hvigorfile, resolve hvigorfile dependencies in 31 ms 
[2026-04-21T17:31:33.651] [DEBUG] debug-file - project has submodules:entry
[2026-04-21T17:31:33.653] [DEBUG] debug-file - start to load updatedOhPackageInfo to the disk
[2026-04-21T17:31:33.663] [DEBUG] debug-file - load to the disk finished
[2026-04-21T17:31:33.664] [DEBUG] debug-file - Start to initialize dependency information.
[2026-04-21T17:31:33.668] [DEBUG] debug-file - Module health_-service_-kit_-sample-code-master Collected Dependency: 
[2026-04-21T17:31:33.668] [DEBUG] debug-file - Module health_-service_-kit_-sample-code-master's total dependency: 0
[2026-04-21T17:31:33.669] [DEBUG] debug-file - Start to initialize dependency information.
[2026-04-21T17:31:33.670] [DEBUG] debug-file - Module entry Collected Dependency: 
[2026-04-21T17:31:33.671] [DEBUG] debug-file - Module entry's total dependency: 0
[2026-04-21T17:31:33.673] [DEBUG] debug-file - Configuration phase cost:154 ms 
[2026-04-21T17:31:33.675] [DEBUG] debug-file - Configuration task cost before running: 173 ms 
[2026-04-21T17:31:33.680] [DEBUG] debug-file - Executing task :entry:default@PreBuild
[2026-04-21T17:31:33.681] [WARN] debug-file - The project has not explicitly set the 'targetSdkVersion' version at build-profile.json5. It is recommended to configure it. Reference: https://developer.huawei.com/consumer/cn/doc/harmonyos-guides/ide-hvigor-build-profile-app#section45865492619
[2026-04-21T17:31:33.682] [DEBUG] debug-file - Task 'entry:default@PreBuild' cost while wrapping incremental declarations: 1 ms 
[2026-04-21T17:31:33.690] [DEBUG] debug-file - Incremental task entry:default@PreBuild pre-execution cost: 6 ms .
[2026-04-21T17:31:33.690] [DEBUG] debug-file - entry : default@PreBuild cost memory 0.362548828125
[2026-04-21T17:31:33.692] [INFO] debug-file - UP-TO-DATE :entry:default@PreBuild...  
[2026-04-21T17:31:33.693] [DEBUG] debug-file - Executing task :entry:default@CreateModuleInfo
[2026-04-21T17:31:33.694] [DEBUG] debug-file - Task 'entry:default@CreateModuleInfo' cost while wrapping incremental declarations: 1 ms 
[2026-04-21T17:31:33.694] [DEBUG] debug-file - entry : default@CreateModuleInfo cost memory 0.0423736572265625
[2026-04-21T17:31:33.694] [DEBUG] debug-file - runTaskFromQueue task cost before running: 192 ms 
[2026-04-21T17:31:33.694] [INFO] debug-file - Finished :entry:default@CreateModuleInfo... after 1 ms 
[2026-04-21T17:31:33.696] [DEBUG] debug-file - Executing task :entry:default@GenerateMetadata
[2026-04-21T17:31:33.697] [DEBUG] debug-file - Task 'entry:default@GenerateMetadata' cost while wrapping incremental declarations: 1 ms 
[2026-04-21T17:31:33.698] [DEBUG] debug-file - Incremental task entry:default@GenerateMetadata pre-execution cost: 2 ms .
[2026-04-21T17:31:33.699] [DEBUG] debug-file - entry : default@GenerateMetadata cost memory 0.0931396484375
[2026-04-21T17:31:33.699] [INFO] debug-file - UP-TO-DATE :entry:default@GenerateMetadata...  
[2026-04-21T17:31:33.700] [DEBUG] debug-file - Executing task :entry:default@ConfigureCmake
[2026-04-21T17:31:33.701] [DEBUG] debug-file - entry : default@ConfigureCmake cost memory 0.0145721435546875
[2026-04-21T17:31:33.701] [DEBUG] debug-file - runTaskFromQueue task cost before running: 199 ms 
[2026-04-21T17:31:33.701] [INFO] debug-file - Finished :entry:default@ConfigureCmake... after 1 ms 
[2026-04-21T17:31:33.702] [DEBUG] debug-file - Executing task :entry:default@MergeProfile
[2026-04-21T17:31:33.703] [DEBUG] debug-file - Task 'entry:default@MergeProfile' cost while wrapping incremental declarations: 1 ms 
[2026-04-21T17:31:33.705] [DEBUG] debug-file - Incremental task entry:default@MergeProfile pre-execution cost: 2 ms .
[2026-04-21T17:31:33.705] [DEBUG] debug-file - entry : default@MergeProfile cost memory 0.36328887939453125
[2026-04-21T17:31:33.705] [INFO] debug-file - UP-TO-DATE :entry:default@MergeProfile...  
[2026-04-21T17:31:33.707] [DEBUG] debug-file - Executing task :entry:default@CreateBuildProfile
[2026-04-21T17:31:33.707] [DEBUG] debug-file - Task 'entry:default@CreateBuildProfile' cost while wrapping incremental declarations: 1 ms 
[2026-04-21T17:31:33.708] [DEBUG] debug-file - Incremental task entry:default@CreateBuildProfile pre-execution cost: 2 ms .
[2026-04-21T17:31:33.709] [DEBUG] debug-file - entry : default@CreateBuildProfile cost memory 0.10288238525390625
[2026-04-21T17:31:33.709] [INFO] debug-file - UP-TO-DATE :entry:default@CreateBuildProfile...  
[2026-04-21T17:31:33.710] [DEBUG] debug-file - Executing task :entry:default@PreCheckSyscap
[2026-04-21T17:31:33.710] [DEBUG] debug-file - entry : default@PreCheckSyscap cost memory 0.01479339599609375
[2026-04-21T17:31:33.710] [DEBUG] debug-file - runTaskFromQueue task cost before running: 208 ms 
[2026-04-21T17:31:33.710] [INFO] debug-file - Finished :entry:default@PreCheckSyscap... after 1 ms 
[2026-04-21T17:31:33.712] [DEBUG] debug-file - Executing task :entry:default@GeneratePkgContextInfo
[2026-04-21T17:31:33.716] [DEBUG] debug-file - Task 'entry:default@GeneratePkgContextInfo' cost while wrapping incremental declarations: 1 ms 
[2026-04-21T17:31:33.717] [DEBUG] debug-file - entry : default@GeneratePkgContextInfo cost memory 0.20726776123046875
[2026-04-21T17:31:33.717] [DEBUG] debug-file - runTaskFromQueue task cost before running: 215 ms 
[2026-04-21T17:31:33.717] [INFO] debug-file - Finished :entry:default@GeneratePkgContextInfo... after 5 ms 
[2026-04-21T17:31:33.722] [DEBUG] debug-file - Executing task :entry:default@ProcessIntegratedHsp
[2026-04-21T17:31:33.723] [DEBUG] debug-file - entry:default@ProcessIntegratedHsp is not up-to-date, since the output file 'C:\Users\lzf\Desktop\health_-service_-kit_-sample-code-master\health_-service_-kit_-sample-code-master\build\cache\default\integrated_hsp\integratedHspCache.json' does not exist.
[2026-04-21T17:31:33.723] [DEBUG] debug-file - Incremental task entry:default@ProcessIntegratedHsp pre-execution cost: 1 ms .
[2026-04-21T17:31:33.723] [DEBUG] debug-file - entry : default@ProcessIntegratedHsp cost memory 0.06137847900390625
[2026-04-21T17:31:33.723] [DEBUG] debug-file - runTaskFromQueue task cost before running: 221 ms 
[2026-04-21T17:31:33.724] [INFO] debug-file - Finished :entry:default@ProcessIntegratedHsp... after 2 ms 
[2026-04-21T17:31:33.725] [DEBUG] debug-file - Executing task :entry:default@BuildNativeWithCmake
[2026-04-21T17:31:33.725] [DEBUG] debug-file - entry : default@BuildNativeWithCmake cost memory 0.0145721435546875
[2026-04-21T17:31:33.725] [DEBUG] debug-file - runTaskFromQueue task cost before running: 223 ms 
[2026-04-21T17:31:33.725] [INFO] debug-file - Finished :entry:default@BuildNativeWithCmake... after 1 ms 
[2026-04-21T17:31:33.727] [DEBUG] debug-file - Executing task :entry:default@MakePackInfo
[2026-04-21T17:31:33.730] [DEBUG] debug-file - Incremental task entry:default@MakePackInfo pre-execution cost: 2 ms .
[2026-04-21T17:31:33.730] [DEBUG] debug-file - entry : default@MakePackInfo cost memory 0.11711883544921875
[2026-04-21T17:31:33.730] [INFO] debug-file - UP-TO-DATE :entry:default@MakePackInfo...  
[2026-04-21T17:31:33.731] [DEBUG] debug-file - Executing task :entry:default@SyscapTransform
[2026-04-21T17:31:33.732] [DEBUG] debug-file - File: 'C:\Users\lzf\Desktop\health_-service_-kit_-sample-code-master\health_-service_-kit_-sample-code-master\entry\src\main\syscap.json' from 'sysCapJsonPath' is not exists, just ignore.
[2026-04-21T17:31:33.732] [DEBUG] debug-file - Task 'entry:default@SyscapTransform' cost while wrapping incremental declarations: 1 ms 
[2026-04-21T17:31:33.734] [DEBUG] debug-file - entry:default@SyscapTransform is not up-to-date, since the output file 'C:\Users\lzf\Desktop\health_-service_-kit_-sample-code-master\health_-service_-kit_-sample-code-master\entry\build\default\intermediates\syscap\default\rpcid.sc' does not exist.
[2026-04-21T17:31:33.734] [DEBUG] debug-file - Incremental task entry:default@SyscapTransform pre-execution cost: 2 ms .
[2026-04-21T17:31:33.734] [DEBUG] debug-file - entry : default@SyscapTransform cost memory 0.14935302734375
[2026-04-21T17:31:33.734] [DEBUG] debug-file - runTaskFromQueue task cost before running: 232 ms 
[2026-04-21T17:31:33.734] [INFO] debug-file - Finished :entry:default@SyscapTransform... after 3 ms 
[2026-04-21T17:31:33.735] [DEBUG] debug-file - Executing task :entry:default@ProcessProfile
[2026-04-21T17:31:33.737] [DEBUG] debug-file - Task 'entry:default@ProcessProfile' cost while wrapping incremental declarations: 1 ms 
[2026-04-21T17:31:33.738] [DEBUG] debug-file - Incremental task entry:default@ProcessProfile pre-execution cost: 2 ms .
[2026-04-21T17:31:33.739] [DEBUG] debug-file - entry : default@ProcessProfile cost memory 0.1338043212890625
[2026-04-21T17:31:33.739] [INFO] debug-file - UP-TO-DATE :entry:default@ProcessProfile...  
[2026-04-21T17:31:33.740] [DEBUG] debug-file - Executing task :entry:default@ProcessRouterMap
[2026-04-21T17:31:33.744] [DEBUG] debug-file - Incremental task entry:default@ProcessRouterMap pre-execution cost: 3 ms .
[2026-04-21T17:31:33.744] [DEBUG] debug-file - entry : default@ProcessRouterMap cost memory 0.1572418212890625
[2026-04-21T17:31:33.745] [INFO] debug-file - UP-TO-DATE :entry:default@ProcessRouterMap...  
[2026-04-21T17:31:33.747] [DEBUG] debug-file - Executing task :entry:default@ProcessShareConfig
[2026-04-21T17:31:33.749] [DEBUG] debug-file - Incremental task entry:default@ProcessShareConfig pre-execution cost: 2 ms .
[2026-04-21T17:31:33.749] [DEBUG] debug-file - entry : default@ProcessShareConfig cost memory 0.1307830810546875
[2026-04-21T17:31:33.750] [INFO] debug-file - UP-TO-DATE :entry:default@ProcessShareConfig...  
[2026-04-21T17:31:33.752] [DEBUG] debug-file - Executing task :entry:default@ProcessStartupConfig
[2026-04-21T17:31:33.752] [DEBUG] debug-file - Task 'entry:default@ProcessStartupConfig' cost while wrapping incremental declarations: 1 ms 
[2026-04-21T17:31:33.753] [DEBUG] debug-file - entry:default@ProcessStartupConfig is not up-to-date, since the output file 'C:\Users\lzf\Desktop\health_-service_-kit_-sample-code-master\health_-service_-kit_-sample-code-master\entry\build\default\intermediates\startup\default\startup_config.json' does not exist.
[2026-04-21T17:31:33.753] [DEBUG] debug-file - Incremental task entry:default@ProcessStartupConfig pre-execution cost: 1 ms .
[2026-04-21T17:31:33.753] [DEBUG] debug-file - entry : default@ProcessStartupConfig cost memory 0.106201171875
[2026-04-21T17:31:33.753] [DEBUG] debug-file - runTaskFromQueue task cost before running: 251 ms 
[2026-04-21T17:31:33.754] [INFO] debug-file - Finished :entry:default@ProcessStartupConfig... after 2 ms 
[2026-04-21T17:31:33.756] [DEBUG] debug-file - Executing task :entry:default@BuildNativeWithNinja
[2026-04-21T17:31:33.756] [DEBUG] debug-file - entry : default@BuildNativeWithNinja cost memory 0.02318572998046875
[2026-04-21T17:31:33.756] [DEBUG] debug-file - runTaskFromQueue task cost before running: 254 ms 
[2026-04-21T17:31:33.757] [INFO] debug-file - Finished :entry:default@BuildNativeWithNinja... after 1 ms 
[2026-04-21T17:31:33.758] [DEBUG] debug-file - restool module names: entry; moduleName=entry, taskName=default@ProcessResource
[2026-04-21T17:31:33.760] [DEBUG] debug-file - Executing task :entry:default@ProcessResource
[2026-04-21T17:31:33.760] [DEBUG] debug-file - Task 'entry:default@ProcessResource' cost while wrapping incremental declarations: 1 ms 
[2026-04-21T17:31:33.762] [DEBUG] debug-file - Incremental task entry:default@ProcessResource pre-execution cost: 2 ms .
[2026-04-21T17:31:33.762] [DEBUG] debug-file - entry : default@ProcessResource cost memory 0.15021514892578125
[2026-04-21T17:31:33.764] [INFO] debug-file - UP-TO-DATE :entry:default@ProcessResource...  
[2026-04-21T17:31:33.766] [DEBUG] debug-file - Executing task :entry:default@GenerateLoaderJson
[2026-04-21T17:31:33.766] [DEBUG] debug-file - Task 'entry:default@GenerateLoaderJson' cost while wrapping incremental declarations: 1 ms 
[2026-04-21T17:31:33.774] [DEBUG] debug-file - Incremental task entry:default@GenerateLoaderJson pre-execution cost: 5 ms .
[2026-04-21T17:31:33.775] [DEBUG] debug-file - entry : default@GenerateLoaderJson cost memory 0.5786361694335938
[2026-04-21T17:31:33.779] [INFO] debug-file - UP-TO-DATE :entry:default@GenerateLoaderJson...  
[2026-04-21T17:31:33.780] [DEBUG] debug-file - Executing task :entry:default@ProcessLibs
[2026-04-21T17:31:33.784] [DEBUG] debug-file - Incremental task entry:default@ProcessLibs pre-execution cost: 3 ms .
[2026-04-21T17:31:33.784] [DEBUG] debug-file - entry : default@ProcessLibs cost memory -1.56268310546875
[2026-04-21T17:31:33.786] [INFO] debug-file - UP-TO-DATE :entry:default@ProcessLibs...  
[2026-04-21T17:31:33.787] [DEBUG] debug-file - restool module names: entry; moduleName=entry, taskName=default@CompileResource
[2026-04-21T17:31:33.788] [DEBUG] debug-file - Executing task :entry:default@CompileResource
[2026-04-21T17:31:33.806] [DEBUG] debug-file - Incremental task entry:default@CompileResource pre-execution cost: 17 ms .
[2026-04-21T17:31:33.806] [DEBUG] debug-file - entry : default@CompileResource cost memory 0.707977294921875
[2026-04-21T17:31:33.808] [INFO] debug-file - UP-TO-DATE :entry:default@CompileResource...  
[2026-04-21T17:31:33.809] [DEBUG] debug-file - Executing task :entry:default@DoNativeStrip
[2026-04-21T17:31:33.809] [DEBUG] debug-file - Task 'entry:default@DoNativeStrip' cost while wrapping incremental declarations: 1 ms 
[2026-04-21T17:31:33.810] [DEBUG] debug-file - Incremental task entry:default@DoNativeStrip pre-execution cost: 1 ms .
[2026-04-21T17:31:33.811] [DEBUG] debug-file - entry : default@DoNativeStrip cost memory 0.08396148681640625
[2026-04-21T17:31:33.811] [INFO] debug-file - UP-TO-DATE :entry:default@DoNativeStrip...  
[2026-04-21T17:31:33.812] [DEBUG] debug-file - Executing task :entry:default@CompileArkTS
[2026-04-21T17:31:33.813] [DEBUG] debug-file - obfuscationOptions: undefined
[2026-04-21T17:31:33.814] [DEBUG] debug-file - Task 'entry:default@CompileArkTS' cost while wrapping incremental declarations: 1 ms 
[2026-04-21T17:31:33.829] [DEBUG] debug-file - entry:default@CompileArkTS is not up-to-date, since the input file 'C:\Users\lzf\Desktop\health_-service_-kit_-sample-code-master\health_-service_-kit_-sample-code-master\entry\src\main\ets' has been changed.
[2026-04-21T17:31:33.829] [DEBUG] debug-file - Incremental task entry:default@CompileArkTS pre-execution cost: 13 ms .
[2026-04-21T17:31:33.844] [DEBUG] debug-file - build config:
[2026-04-21T17:31:33.844] [DEBUG] debug-file - {
  moduleType: 'entry',
  perf: 0,
  targetName: '.default',
  packageManagerType: 'ohpm',
  localPropertiesPath: 'C:\\Users\\lzf\\Desktop\\health_-service_-kit_-sample-code-master\\health_-service_-kit_-sample-code-master\\local.properties',
  isPreview: false,
  isOhosTest: false,
  isLocalTest: false,
  buildMode: 'Debug',
  hotReloadBuild: undefined,
  watchMode: 'false',
  aceProfilePath: 'C:\\Users\\lzf\\Desktop\\health_-service_-kit_-sample-code-master\\health_-service_-kit_-sample-code-master\\entry\\build\\default\\intermediates\\res\\default\\resources\\base\\profile',
  etsLoaderPath: 'D:\\DevEco Studio\\sdk\\default\\openharmony\\ets\\build-tools\\ets-loader',
  modulePath: 'C:\\Users\\lzf\\Desktop\\health_-service_-kit_-sample-code-master\\health_-service_-kit_-sample-code-master\\entry',
  testFrameworkPar: {
    testMode: undefined,
    coveragePathFilter: undefined,
    coverageMode: undefined
  },
  needCoverageInsert: false,
  debugLine: false,
  projectTopDir: 'C:\\Users\\lzf\\Desktop\\health_-service_-kit_-sample-code-master\\health_-service_-kit_-sample-code-master',
  compileSdkVersion: 22,
  compatibleSdkVersion: 12,
  originCompatibleSdkVersion: '5.0.0(12)',
  compatibleSdkVersionStage: 'beta1',
  bundleName: 'c***n',
  etsLoaderVersion: '6.0.2.130',
  etsLoaderReleaseType: 'Release',
  aotCompileMode: 'type',
  apPath: 'C:\\Users\\lzf\\Desktop\\health_-service_-kit_-sample-code-master\\health_-service_-kit_-sample-code-master\\entry\\modules.ap',
  entryModuleName: 'entry',
  entryModuleVersion: '1.0.0',
  entryPackageName: 'entry',
  allModuleNameHash: 'bb6dfe8d2e193c35b0cb6b8a0846875a3be2b3ae6338f35de853e6a29232da55',
  externalApiPaths: [ 'D:\\DevEco Studio\\sdk\\default\\hms\\ets' ],
  compilerTypes: [],
  isCrossplatform: false,
  hvigorPluginFile: undefined,
  compilePluginPath: undefined,
  buildGeneratedProfilePath: 'C:\\Users\\lzf\\Desktop\\health_-service_-kit_-sample-code-master\\health_-service_-kit_-sample-code-master\\entry\\build\\default\\generated\\profile\\default',
  bundleType: 'app',
  arkTSVersion: undefined,
  apiVersion: 22,
  needCompleteSourcesMap: false,
  isFaMode: false,
  buildDir: 'C:\\Users\\lzf\\Desktop\\health_-service_-kit_-sample-code-master\\health_-service_-kit_-sample-code-master\\entry\\build',
  deviceTypes: [ 'phone', 'tablet' ],
  pkgContextInfo: undefined,
  ohPackagePathMap: {},
  dependencyAliasMap: {},
  permission: { requestPermissions: undefined, definePermissions: undefined },
  useGetCurrentBundleName: false,
  projectArkOption: {},
  sourceMapDir: undefined,
  branchElimination: false,
  transformLib: undefined,
  tsImportSendable: false,
  resolveConflictMode: true,
  depName2RootPath: {},
  depName2DepInfo: {},
  rootPathSet: [
    'C:\\Users\\lzf\\Desktop\\health_-service_-kit_-sample-code-master\\health_-service_-kit_-sample-code-master'
  ],
  useNativeResolver: true,
  shouldEmitJs: true,
  useTscResolve: false,
  singleFileEmit: false,
  userProjectConfig: {
    autoLazyImport: false,
    allowEmptyBundleName: false,
    reExportCheckMode: 'noCheck',
    executionMode: 'memory',
    usePathPlaceholder: false,
    writeRollupCache: true,
    isExpandImportEnabled: false,
    expandImportExclude: '',
    lazyImportExclude: '',
    lazyImportInclude: '',
    ignoreCrossplatformCheck: false,
    isHarDeduplicateEnabled: false,
    skipOhModulesLint: false,
    enableStrictCheckOHModule: false,
    disableSendableCheckRules: [],
    useDeclarationFileSignature: false,
    customizedOptions: undefined,
    integratedHsp: false,
    isPreloadSoEnabled: false
  },
  executionMode: 'memory',
  arkCompileCachePath: 'C:\\Users\\lzf\\Desktop\\health_-service_-kit_-sample-code-master\\health_-service_-kit_-sample-code-master\\entry\\build\\default\\cache\\default\\default@CompileArkTS\\esmodule',
  autoLazyFilter: undefined,
  isHarDeduplicateEnabled: false,
  intermediateHarDuplicateDirPath: 'C:\\Users\\lzf\\Desktop\\health_-service_-kit_-sample-code-master\\health_-service_-kit_-sample-code-master\\entry\\build\\default\\intermediates\\har_duplicate\\default',
  autoLazyImport: false,
  allowEmptyBundleName: false,
  reExportCheckMode: 'noCheck',
  usePathPlaceholder: false,
  writeRollupCache: true,
  isExpandImportEnabled: false,
  expandImportExclude: '',
  lazyImportExclude: '',
  lazyImportInclude: '',
  ignoreCrossplatformCheck: false,
  skipOhModulesLint: false,
  enableStrictCheckOHModule: false,
  disableSendableCheckRules: [],
  useDeclarationFileSignature: false,
  customizedOptions: undefined,
  integratedHsp: false,
  isPreloadSoEnabled: false,
  strictMode: undefined,
  useNormalizedOHMUrl: false,
  caseSensitiveCheck: false,
  aceModuleJsonPath: 'C:\\Users\\lzf\\Desktop\\health_-service_-kit_-sample-code-master\\health_-service_-kit_-sample-code-master\\entry\\build\\default\\intermediates\\res\\default\\ark_module.json',
  appResource: 'C:\\Users\\lzf\\Desktop\\health_-service_-kit_-sample-code-master\\health_-service_-kit_-sample-code-master\\entry\\build\\default\\intermediates\\res\\default\\ResourceTable.txt',
  rawFileResource: 'C:\\Users\\lzf\\Desktop\\health_-service_-kit_-sample-code-master\\health_-service_-kit_-sample-code-master\\entry\\build\\default\\intermediates\\res\\default\\resources\\rawfile',
  resourceTableHash: 'fce136b98a333daacd6837dfafa7c58bc85531faa021073e77ebf6d9e051944e',
  runtimeOS: 'HarmonyOS',
  sdkInfo: 'false:22:6.0.2.130:Release',
  aceModuleRoot: 'C:\\Users\\lzf\\Desktop\\health_-service_-kit_-sample-code-master\\health_-service_-kit_-sample-code-master\\entry\\src\\main\\ets',
  compileMode: 'esmodule',
  aceSuperVisualPath: 'C:\\Users\\lzf\\Desktop\\health_-service_-kit_-sample-code-master\\health_-service_-kit_-sample-code-master\\entry\\src\\main\\supervisual',
  aceBuildJson: 'C:\\Users\\lzf\\Desktop\\health_-service_-kit_-sample-code-master\\health_-service_-kit_-sample-code-master\\entry\\build\\default\\intermediates\\loader\\default\\loader.json',
  cachePath: 'C:\\Users\\lzf\\Desktop\\health_-service_-kit_-sample-code-master\\health_-service_-kit_-sample-code-master\\entry\\build\\default\\cache\\default\\default@CompileArkTS\\esmodule\\debug',
  aceModuleBuild: 'C:\\Users\\lzf\\Desktop\\health_-service_-kit_-sample-code-master\\health_-service_-kit_-sample-code-master\\entry\\build\\default\\intermediates\\loader_out\\default\\ets',
  supportChunks: true,
  declaredFilesPath: undefined,
  shouldCollectDirectImportees: false,
  isByteCodeHarOptimize: false,
  expandImportPath: undefined,
  pkgNameToPkgBriefInfo: {
    entry: {
      pkgRoot: 'C:\\Users\\lzf\\Desktop\\health_-service_-kit_-sample-code-master\\health_-service_-kit_-sample-code-master\\entry',
      originalSourceRoots: undefined,
      sourceRoots: [Array],
      pkgName: 'entry'
    }
  },
  projectModel: {
    'C:\\Users\\lzf\\Desktop\\health_-service_-kit_-sample-code-master\\health_-service_-kit_-sample-code-master\\entry\\src\\main': {
      moduleName: 'entry',
      modulePkgPath: 'C:\\Users\\lzf\\Desktop\\health_-service_-kit_-sample-code-master\\health_-service_-kit_-sample-code-master\\entry',
      belongProjectPath: 'C:\\Users\\lzf\\Desktop\\health_-service_-kit_-sample-code-master\\health_-service_-kit_-sample-code-master'
    },
    'C:\\Users\\lzf\\Desktop\\health_-service_-kit_-sample-code-master\\health_-service_-kit_-sample-code-master\\entry\\src\\ohosTest': {
      moduleName: 'entry_test',
      modulePkgPath: 'C:\\Users\\lzf\\Desktop\\health_-service_-kit_-sample-code-master\\health_-service_-kit_-sample-code-master\\entry',
      belongProjectPath: 'C:\\Users\\lzf\\Desktop\\health_-service_-kit_-sample-code-master\\health_-service_-kit_-sample-code-master'
    },
    'C:\\Users\\lzf\\Desktop\\health_-service_-kit_-sample-code-master\\health_-service_-kit_-sample-code-master\\entry': {
      moduleName: 'entry',
      modulePkgPath: 'C:\\Users\\lzf\\Desktop\\health_-service_-kit_-sample-code-master\\health_-service_-kit_-sample-code-master\\entry',
      belongProjectPath: 'C:\\Users\\lzf\\Desktop\\health_-service_-kit_-sample-code-master\\health_-service_-kit_-sample-code-master'
    },
    'C:\\Users\\lzf\\Desktop\\health_-service_-kit_-sample-code-master\\health_-service_-kit_-sample-code-master': {
      moduleName: 'health_-service_-kit_-sample-code-master',
      modulePkgPath: 'C:\\Users\\lzf\\Desktop\\health_-service_-kit_-sample-code-master\\health_-service_-kit_-sample-code-master',
      belongProjectPath: 'C:\\Users\\lzf\\Desktop\\health_-service_-kit_-sample-code-master\\health_-service_-kit_-sample-code-master'
    }
  },
  pkgJsonFileHash: '53c3da6ecb1d24a3ad581eea1fadab6cbeeaa772966670d8effc1efcec277957',
  allModulePaths: [
    'C:\\Users\\lzf\\Desktop\\health_-service_-kit_-sample-code-master\\health_-service_-kit_-sample-code-master\\entry'
  ],
  routerMap: {},
  obfuscationOptions: undefined,
  byteCodeHarToDependencyKeys: undefined,
  compileBlockPkg: [],
  mockParams: {
    decorator: '@MockSetup',
    packageName: '@ohos/hamock',
    etsSourceRootPath: 'src/main/ets',
    mockConfigPath: undefined,
    mockConfigKey2ModuleInfo: {},
    source2ModuleIdMap: {}
  },
  copyCodeResourceEnable: true,
  copyCodeResourceExcludes: [],
  copyCodeResourceIncludes: undefined,
  uiTransformOptimization: false,
  sdkPath: 'D:/DevEco Studio/sdk',
  needPreloadSoFileSet: {},
  preloadSoFilePath: 'C:\\Users\\lzf\\Desktop\\health_-service_-kit_-sample-code-master\\health_-service_-kit_-sample-code-master\\entry\\build\\default\\intermediates\\preload\\default\\preload.json',
  useSourceHash: false,
  localModuleParamMap: {},
  otherPaths: {
    'entry/*': [
      '..\\*',
      '..\\..\\..\\build\\default\\generated\\profile\\default\\*'
    ]
  },
  collectImportersConfig: undefined
}
[2026-04-21T17:31:33.845] [DEBUG] debug-file - Compile arkts with external api path: D:\DevEco Studio\sdk\default\hms\ets
[2026-04-21T17:31:33.846] [DEBUG] debug-file - default@CompileArkTS work[3] is submitted.
[2026-04-21T17:31:33.846] [DEBUG] debug-file - default@CompileArkTS work[3] is pushed to ready queue.
[2026-04-21T17:31:33.847] [DEBUG] debug-file - A work dispatched to worker[23] failed because unable to get work from ready queue.
[2026-04-21T17:31:33.847] [DEBUG] debug-file - A work dispatched to worker[22] failed because unable to get work from ready queue.
[2026-04-21T17:31:33.847] [DEBUG] debug-file - A work dispatched to worker[21] failed because unable to get work from ready queue.
[2026-04-21T17:31:33.847] [DEBUG] debug-file - A work dispatched to worker[20] failed because unable to get work from ready queue.
[2026-04-21T17:31:33.847] [DEBUG] debug-file - A work dispatched to worker[19] failed because unable to get work from ready queue.
[2026-04-21T17:31:33.847] [DEBUG] debug-file - A work dispatched to worker[18] failed because unable to get work from ready queue.
[2026-04-21T17:31:33.847] [DEBUG] debug-file - A work dispatched to worker[17] failed because unable to get work from ready queue.
[2026-04-21T17:31:33.847] [DEBUG] debug-file - A work dispatched to worker[16] failed because unable to get work from ready queue.
[2026-04-21T17:31:33.847] [DEBUG] debug-file - A work dispatched to worker[15] failed because unable to get work from ready queue.
[2026-04-21T17:31:33.847] [DEBUG] debug-file - A work dispatched to worker[14] failed because unable to get work from ready queue.
[2026-04-21T17:31:33.847] [DEBUG] debug-file - A work dispatched to worker[13] failed because unable to get work from ready queue.
[2026-04-21T17:31:33.847] [DEBUG] debug-file - A work dispatched to worker[12] failed because unable to get work from ready queue.
[2026-04-21T17:31:33.847] [DEBUG] debug-file - A work dispatched to worker[11] failed because unable to get work from ready queue.
[2026-04-21T17:31:33.847] [DEBUG] debug-file - A work dispatched to worker[10] failed because unable to get work from ready queue.
[2026-04-21T17:31:33.847] [DEBUG] debug-file - A work dispatched to worker[9] failed because unable to get work from ready queue.
[2026-04-21T17:31:33.847] [DEBUG] debug-file - A work dispatched to worker[8] failed because unable to get work from ready queue.
[2026-04-21T17:31:33.847] [DEBUG] debug-file - A work dispatched to worker[7] failed because unable to get work from ready queue.
[2026-04-21T17:31:33.847] [DEBUG] debug-file - A work dispatched to worker[6] failed because unable to get work from ready queue.
[2026-04-21T17:31:33.847] [DEBUG] debug-file - A work dispatched to worker[5] failed because unable to get work from ready queue.
[2026-04-21T17:31:33.848] [DEBUG] debug-file - default@CompileArkTS work[3] has been dispatched to worker[4].
[2026-04-21T17:31:33.848] [DEBUG] debug-file - default@CompileArkTS work[3] is dispatched.
[2026-04-21T17:31:33.848] [DEBUG] debug-file - CopyResources startTime: 3537993435700
[2026-04-21T17:31:33.848] [DEBUG] debug-file - default@CompileArkTS work[4] is submitted.
[2026-04-21T17:31:33.848] [DEBUG] debug-file - default@CompileArkTS work[4] is pushed to ready queue.
[2026-04-21T17:31:33.848] [DEBUG] debug-file - A work dispatched to worker[23] failed because unable to get work from ready queue.
[2026-04-21T17:31:33.848] [DEBUG] debug-file - Create  resident worker with id: 22.
[2026-04-21T17:31:33.850] [DEBUG] debug-file - default@CompileArkTS work[4] has been dispatched to worker[22].
[2026-04-21T17:31:33.850] [DEBUG] debug-file - default@CompileArkTS work[4] is dispatched.
[2026-04-21T17:31:33.850] [DEBUG] debug-file - entry : default@CompileArkTS cost memory 0.0346832275390625
[2026-04-21T17:31:33.852] [DEBUG] debug-file - Executing task :entry:default@BuildJS
[2026-04-21T17:31:33.852] [DEBUG] debug-file - Task 'entry:default@BuildJS' cost while wrapping incremental declarations: 1 ms 
[2026-04-21T17:31:33.855] [DEBUG] debug-file - entry : default@BuildJS cost memory 0.16820526123046875
[2026-04-21T17:31:33.855] [DEBUG] debug-file - runTaskFromQueue task cost before running: 353 ms 
[2026-04-21T17:31:33.856] [INFO] debug-file - Finished :entry:default@BuildJS... after 4 ms 
[2026-04-21T17:31:33.857] [DEBUG] debug-file - Executing task :entry:default@CacheNativeLibs
[2026-04-21T17:31:33.858] [DEBUG] debug-file - Task 'entry:default@CacheNativeLibs' cost while wrapping incremental declarations: 1 ms 
[2026-04-21T17:31:33.860] [DEBUG] debug-file - Incremental task entry:default@CacheNativeLibs pre-execution cost: 2 ms .
[2026-04-21T17:31:33.860] [DEBUG] debug-file - entry : default@CacheNativeLibs cost memory -1.6148223876953125
[2026-04-21T17:31:33.860] [INFO] debug-file - UP-TO-DATE :entry:default@CacheNativeLibs...  
[2026-04-21T17:31:35.206] [DEBUG] debug-file - worker[22] has one work done.
[2026-04-21T17:31:35.206] [DEBUG] debug-file - CopyResources is end, endTime: 3539351882900
[2026-04-21T17:31:35.207] [DEBUG] debug-file - default@CompileArkTS work[4] done.
[2026-04-21T17:31:35.207] [DEBUG] debug-file - A work dispatched to worker[22] failed because unable to get work from ready queue.
[2026-04-21T17:31:36.273] [DEBUG] debug-file - worker[4] has one work error.
[2026-04-21T17:31:36.274] [DEBUG] debug-file - default@CompileArkTS work[3] failed.
[2026-04-21T17:31:36.273] [DEBUG] debug-file - Ark compile task finished.finished time is 3540418389700
[2026-04-21T17:31:36.274] [ERROR] debug-file - Failed :entry:default@CompileArkTS... 
[2026-04-21T17:31:36.274] [WARN] debug-file - 
[33m1 WARN: [33m[33mArkTS:WARN: For details about ArkTS syntax errors, see FAQs[39m[39m
[33m2 WARN: [33m[33mArkTS:WARN File: C:/Users/lzf/Desktop/health_-service_-kit_-sample-code-master/health_-service_-kit_-sample-code-master/entry/src/main/ets/pages/AuthIndex.ets:19:48
 'getContext' has been deprecated.
[39m[39m
[2026-04-21T17:31:36.274] [DEBUG] debug-file - hvigor build process will be closed with an error.
[2026-04-21T17:31:36.276] [DEBUG] debug-file - ERROR: stacktrace = Error: ArkTS Compiler Error
[31m1 ERROR: [31m10605008 ArkTS Compiler Error
Error Message: Use explicit types instead of "any", "unknown" (arkts-no-any-unknown) At File: C:/Users/lzf/Desktop/health_-service_-kit_-sample-code-master/health_-service_-kit_-sample-code-master/entry/src/main/ets/pages/MainIndex.ets:133:33
[39m
[39m
[31m2 ERROR: [31m10505001 ArkTS Compiler Error
Error Message: ';' expected. At File: C:/Users/lzf/Desktop/health_-service_-kit_-sample-code-master/health_-service_-kit_-sample-code-master/entry/src/main/ets/pages/MainIndex.ets:103:55
[39m
[39m
[31m3 ERROR: [31m10505001 ArkTS Compiler Error
Error Message: Declaration or statement expected. At File: C:/Users/lzf/Desktop/health_-service_-kit_-sample-code-master/health_-service_-kit_-sample-code-master/entry/src/main/ets/pages/MainIndex.ets:112:9
[39m
[39m
[31m4 ERROR: [31m10505001 ArkTS Compiler Error
Error Message: No overload matches this call.
  Overload 1 of 2, '(options?: ColumnOptions): ColumnAttribute', gave the following error.
    Argument of type '{ space: number; align: ItemAlign; }' is not assignable to parameter of type 'ColumnOptions'.
      Object literal may only specify known properties, and 'align' does not exist in type 'ColumnOptions'.
  Overload 2 of 2, '(options?: ColumnOptions | ColumnOptionsV2): ColumnAttribute', gave the following error.
    Argument of type '{ space: number; align: ItemAlign; }' is not assignable to parameter of type 'ColumnOptions | ColumnOptionsV2'.
      Object literal may only specify known properties, and 'align' does not exist in type 'ColumnOptions | ColumnOptionsV2'. At File: C:/Users/lzf/Desktop/health_-service_-kit_-sample-code-master/health_-service_-kit_-sample-code-master/entry/src/main/ets/pages/MainIndex.ets:70:26
[39m
[39m
[31m5 ERROR: [31m10505001 ArkTS Compiler Error
Error Message: Argument of type '{ horizontal: number; vertical: number; }' is not assignable to parameter of type 'Length | Padding | LocalizedPadding'.
  Object literal may only specify known properties, and 'horizontal' does not exist in type 'Resource | Padding | LocalizedPadding'. At File: C:/Users/lzf/Desktop/health_-service_-kit_-sample-code-master/health_-service_-kit_-sample-code-master/entry/src/main/ets/pages/MainIndex.ets:85:20
[39m
[39m
[31m6 ERROR: [31m10505001 ArkTS Compiler Error
Error Message: No overload matches this call.
  Overload 1 of 2, '(options?: ColumnOptions): ColumnAttribute', gave the following error.
    Argument of type '{ space: number; align: ItemAlign; }' is not assignable to parameter of type 'ColumnOptions'.
      Object literal may only specify known properties, and 'align' does not exist in type 'ColumnOptions'.
  Overload 2 of 2, '(options?: ColumnOptions | ColumnOptionsV2): ColumnAttribute', gave the following error.
    Argument of type '{ space: number; align: ItemAlign; }' is not assignable to parameter of type 'ColumnOptions | ColumnOptionsV2'.
      Object literal may only specify known properties, and 'align' does not exist in type 'ColumnOptions | ColumnOptionsV2'. At File: C:/Users/lzf/Desktop/health_-service_-kit_-sample-code-master/health_-service_-kit_-sample-code-master/entry/src/main/ets/pages/MainIndex.ets:103:28
[39m
[39m
[31m7 ERROR: [31m10505001 ArkTS Compiler Error
Error Message: Cannot find name 'flexGrow'. Did you mean the instance member 'this.flexGrow'? At File: C:/Users/lzf/Desktop/health_-service_-kit_-sample-code-master/health_-service_-kit_-sample-code-master/entry/src/main/ets/pages/MainIndex.ets:112:10
[39m
[39m
[31m8 ERROR: [31m10505001 ArkTS Compiler Error
Error Message: No overload matches this call.
  Overload 1 of 2, '(options?: RowOptions): RowAttribute', gave the following error.
    Argument of type '{ space: number; align: ItemAlign; }' is not assignable to parameter of type 'RowOptions'.
      Object literal may only specify known properties, and 'align' does not exist in type 'RowOptions'.
  Overload 2 of 2, '(options?: RowOptions | RowOptionsV2): RowAttribute', gave the following error.
    Argument of type '{ space: number; align: ItemAlign; }' is not assignable to parameter of type 'RowOptions | RowOptionsV2'.
      Object literal may only specify known properties, and 'align' does not exist in type 'RowOptions | RowOptionsV2'. At File: C:/Users/lzf/Desktop/health_-service_-kit_-sample-code-master/health_-service_-kit_-sample-code-master/entry/src/main/ets/pages/MainIndex.ets:132:23
[39m
[39m
[31m9 ERROR: [31m10505001 ArkTS Compiler Error
Error Message: No overload matches this call.
  Overload 1 of 2, '(options?: ColumnOptions): ColumnAttribute', gave the following error.
    Argument of type '{ space: number; align: ItemAlign; }' is not assignable to parameter of type 'ColumnOptions'.
      Object literal may only specify known properties, and 'align' does not exist in type 'ColumnOptions'.
  Overload 2 of 2, '(options?: ColumnOptions | ColumnOptionsV2): ColumnAttribute', gave the following error.
    Argument of type '{ space: number; align: ItemAlign; }' is not assignable to parameter of type 'ColumnOptions | ColumnOptionsV2'.
      Object literal may only specify known properties, and 'align' does not exist in type 'ColumnOptions | ColumnOptionsV2'. At File: C:/Users/lzf/Desktop/health_-service_-kit_-sample-code-master/health_-service_-kit_-sample-code-master/entry/src/main/ets/pages/MainIndex.ets:134:30
[39m
[39m
[31m10 ERROR: [31m10505001 ArkTS Compiler Error
Error Message: No overload matches this call.
  Overload 1 of 2, '(options?: ColumnOptions): ColumnAttribute', gave the following error.
    Argument of type '{ space: number; align: ItemAlign; }' is not assignable to parameter of type 'ColumnOptions'.
      Object literal may only specify known properties, and 'align' does not exist in type 'ColumnOptions'.
  Overload 2 of 2, '(options?: ColumnOptions | ColumnOptionsV2): ColumnAttribute', gave the following error.
    Argument of type '{ space: number; align: ItemAlign; }' is not assignable to parameter of type 'ColumnOptions | ColumnOptionsV2'.
      Object literal may only specify known properties, and 'align' does not exist in type 'ColumnOptions | ColumnOptionsV2'. At File: C:/Users/lzf/Desktop/health_-service_-kit_-sample-code-master/health_-service_-kit_-sample-code-master/entry/src/main/ets/pages/MainIndex.ets:179:26
[39m
[39m
[31m11 ERROR: [31m10505001 ArkTS Compiler Error
Error Message: No overload matches this call.
  Overload 1 of 2, '(value: ScaleOptions): RowAttribute', gave the following error.
    Argument of type '{ duration: number; hover: number; press: number; }' is not assignable to parameter of type 'ScaleOptions'.
      Object literal may only specify known properties, and 'duration' does not exist in type 'ScaleOptions'.
  Overload 2 of 2, '(options: ScaleOptions): RowAttribute', gave the following error.
    Argument of type '{ duration: number; hover: number; press: number; }' is not assignable to parameter of type 'ScaleOptions'.
      Object literal may only specify known properties, and 'duration' does not exist in type 'ScaleOptions'. At File: C:/Users/lzf/Desktop/health_-service_-kit_-sample-code-master/health_-service_-kit_-sample-code-master/entry/src/main/ets/pages/MainIndex.ets:200:14
[39m
[39m
[31m12 ERROR: [31m10905204 ArkTS Compiler Error
Error Message: '['步数', '心率', '睡眠', '卡路里'].forEach((label, index) => {
        let data = ['8753', '72', '7.8h', '365']
        Column({ space: 6, align: ItemAlign.Center }) {
          Text(data[index])
            .fontSize(18)
            .fontWeight(FontWeight.Bold)
            .fontColor(this.isDark ? Color.White : Color.Black)
          Text(label)
            .fontSize(11)
            .fontColor(this.isDark ? '#999' : '#777')
        }
        .flexGrow(1)
        .padding({ vertical: 14 })
      })' does not meet UI component syntax. At File: C:/Users/lzf/Desktop/health_-service_-kit_-sample-code-master/health_-service_-kit_-sample-code-master/entry/src/main/ets/pages/MainIndex.ets:101:7
[39m
[39m
[31m13 ERROR: [31m10903329 ArkTS Compiler Error
Error Message: Unknown resource name 'ic_public_arrow_right'. At File: C:/Users/lzf/Desktop/health_-service_-kit_-sample-code-master/health_-service_-kit_-sample-code-master/entry/src/main/ets/pages/MainIndex.ets:190:16
[39m
[39m
[31mCOMPILE RESULT:FAIL {ERROR:14 WARN:2}[39m
    at runArkPack (D:\DevEco Studio\tools\hvigor\hvigor-ohos-plugin\node_modules\@ohos\hvigor-arkts-compose\dist\src\arkts-pack.js:1:5860)
ArkTSCompilerError: ArkTS Compiler Error
    at throwArkTsCompilerError (D:\DevEco Studio\tools\hvigor\hvigor-ohos-plugin\node_modules\@ohos\hvigor-arkts-compose\dist\src\data\compose-error.js:1:423)
    at throwErrorIfHasErrorInfo (D:\DevEco Studio\tools\hvigor\hvigor-ohos-plugin\node_modules\@ohos\hvigor-arkts-compose\dist\src\plugins\common-plugin.js:1:4478)
    at Object.handler (D:\DevEco Studio\tools\hvigor\hvigor-ohos-plugin\node_modules\@ohos\hvigor-arkts-compose\dist\src\plugins\common-plugin.js:1:2547)
    at D:\DevEco Studio\tools\hvigor\hvigor-ohos-plugin\node_modules\@ohos\hvigor-arkts-base\node_modules\rollup\dist\shared\rollup.js:27765:40
[2026-04-21T17:31:36.276] [ERROR] debug-file - Error: ArkTS Compiler Error
[31m1 ERROR: [31m10605008 ArkTS Compiler Error
Error Message: Use explicit types instead of "any", "unknown" (arkts-no-any-unknown) At File: C:/Users/lzf/Desktop/health_-service_-kit_-sample-code-master/health_-service_-kit_-sample-code-master/entry/src/main/ets/pages/MainIndex.ets:133:33
[39m
[39m
[31m2 ERROR: [31m10505001 ArkTS Compiler Error
Error Message: ';' expected. At File: C:/Users/lzf/Desktop/health_-service_-kit_-sample-code-master/health_-service_-kit_-sample-code-master/entry/src/main/ets/pages/MainIndex.ets:103:55
[39m
[39m
[31m3 ERROR: [31m10505001 ArkTS Compiler Error
Error Message: Declaration or statement expected. At File: C:/Users/lzf/Desktop/health_-service_-kit_-sample-code-master/health_-service_-kit_-sample-code-master/entry/src/main/ets/pages/MainIndex.ets:112:9
[39m
[39m
[31m4 ERROR: [31m10505001 ArkTS Compiler Error
Error Message: No overload matches this call.
  Overload 1 of 2, '(options?: ColumnOptions): ColumnAttribute', gave the following error.
    Argument of type '{ space: number; align: ItemAlign; }' is not assignable to parameter of type 'ColumnOptions'.
      Object literal may only specify known properties, and 'align' does not exist in type 'ColumnOptions'.
  Overload 2 of 2, '(options?: ColumnOptions | ColumnOptionsV2): ColumnAttribute', gave the following error.
    Argument of type '{ space: number; align: ItemAlign; }' is not assignable to parameter of type 'ColumnOptions | ColumnOptionsV2'.
      Object literal may only specify known properties, and 'align' does not exist in type 'ColumnOptions | ColumnOptionsV2'. At File: C:/Users/lzf/Desktop/health_-service_-kit_-sample-code-master/health_-service_-kit_-sample-code-master/entry/src/main/ets/pages/MainIndex.ets:70:26
[39m
[39m
[31m5 ERROR: [31m10505001 ArkTS Compiler Error
Error Message: Argument of type '{ horizontal: number; vertical: number; }' is not assignable to parameter of type 'Length | Padding | LocalizedPadding'.
  Object literal may only specify known properties, and 'horizontal' does not exist in type 'Resource | Padding | LocalizedPadding'. At File: C:/Users/lzf/Desktop/health_-service_-kit_-sample-code-master/health_-service_-kit_-sample-code-master/entry/src/main/ets/pages/MainIndex.ets:85:20
[39m
[39m
[31m6 ERROR: [31m10505001 ArkTS Compiler Error
Error Message: No overload matches this call.
  Overload 1 of 2, '(options?: ColumnOptions): ColumnAttribute', gave the following error.
    Argument of type '{ space: number; align: ItemAlign; }' is not assignable to parameter of type 'ColumnOptions'.
      Object literal may only specify known properties, and 'align' does not exist in type 'ColumnOptions'.
  Overload 2 of 2, '(options?: ColumnOptions | ColumnOptionsV2): ColumnAttribute', gave the following error.
    Argument of type '{ space: number; align: ItemAlign; }' is not assignable to parameter of type 'ColumnOptions | ColumnOptionsV2'.
      Object literal may only specify known properties, and 'align' does not exist in type 'ColumnOptions | ColumnOptionsV2'. At File: C:/Users/lzf/Desktop/health_-service_-kit_-sample-code-master/health_-service_-kit_-sample-code-master/entry/src/main/ets/pages/MainIndex.ets:103:28
[39m
[39m
[31m7 ERROR: [31m10505001 ArkTS Compiler Error
Error Message: Cannot find name 'flexGrow'. Did you mean the instance member 'this.flexGrow'? At File: C:/Users/lzf/Desktop/health_-service_-kit_-sample-code-master/health_-service_-kit_-sample-code-master/entry/src/main/ets/pages/MainIndex.ets:112:10
[39m
[39m
[31m8 ERROR: [31m10505001 ArkTS Compiler Error
Error Message: No overload matches this call.
  Overload 1 of 2, '(options?: RowOptions): RowAttribute', gave the following error.
    Argument of type '{ space: number; align: ItemAlign; }' is not assignable to parameter of type 'RowOptions'.
      Object literal may only specify known properties, and 'align' does not exist in type 'RowOptions'.
  Overload 2 of 2, '(options?: RowOptions | RowOptionsV2): RowAttribute', gave the following error.
    Argument of type '{ space: number; align: ItemAlign; }' is not assignable to parameter of type 'RowOptions | RowOptionsV2'.
      Object literal may only specify known properties, and 'align' does not exist in type 'RowOptions | RowOptionsV2'. At File: C:/Users/lzf/Desktop/health_-service_-kit_-sample-code-master/health_-service_-kit_-sample-code-master/entry/src/main/ets/pages/MainIndex.ets:132:23
[39m
[39m
[31m9 ERROR: [31m10505001 ArkTS Compiler Error
Error Message: No overload matches this call.
  Overload 1 of 2, '(options?: ColumnOptions): ColumnAttribute', gave the following error.
    Argument of type '{ space: number; align: ItemAlign; }' is not assignable to parameter of type 'ColumnOptions'.
      Object literal may only specify known properties, and 'align' does not exist in type 'ColumnOptions'.
  Overload 2 of 2, '(options?: ColumnOptions | ColumnOptionsV2): ColumnAttribute', gave the following error.
    Argument of type '{ space: number; align: ItemAlign; }' is not assignable to parameter of type 'ColumnOptions | ColumnOptionsV2'.
      Object literal may only specify known properties, and 'align' does not exist in type 'ColumnOptions | ColumnOptionsV2'. At File: C:/Users/lzf/Desktop/health_-service_-kit_-sample-code-master/health_-service_-kit_-sample-code-master/entry/src/main/ets/pages/MainIndex.ets:134:30
[39m
[39m
[31m10 ERROR: [31m10505001 ArkTS Compiler Error
Error Message: No overload matches this call.
  Overload 1 of 2, '(options?: ColumnOptions): ColumnAttribute', gave the following error.
    Argument of type '{ space: number; align: ItemAlign; }' is not assignable to parameter of type 'ColumnOptions'.
      Object literal may only specify known properties, and 'align' does not exist in type 'ColumnOptions'.
  Overload 2 of 2, '(options?: ColumnOptions | ColumnOptionsV2): ColumnAttribute', gave the following error.
    Argument of type '{ space: number; align: ItemAlign; }' is not assignable to parameter of type 'ColumnOptions | ColumnOptionsV2'.
      Object literal may only specify known properties, and 'align' does not exist in type 'ColumnOptions | ColumnOptionsV2'. At File: C:/Users/lzf/Desktop/health_-service_-kit_-sample-code-master/health_-service_-kit_-sample-code-master/entry/src/main/ets/pages/MainIndex.ets:179:26
[39m
[39m
[31m11 ERROR: [31m10505001 ArkTS Compiler Error
Error Message: No overload matches this call.
  Overload 1 of 2, '(value: ScaleOptions): RowAttribute', gave the following error.
    Argument of type '{ duration: number; hover: number; press: number; }' is not assignable to parameter of type 'ScaleOptions'.
      Object literal may only specify known properties, and 'duration' does not exist in type 'ScaleOptions'.
  Overload 2 of 2, '(options: ScaleOptions): RowAttribute', gave the following error.
    Argument of type '{ duration: number; hover: number; press: number; }' is not assignable to parameter of type 'ScaleOptions'.
      Object literal may only specify known properties, and 'duration' does not exist in type 'ScaleOptions'. At File: C:/Users/lzf/Desktop/health_-service_-kit_-sample-code-master/health_-service_-kit_-sample-code-master/entry/src/main/ets/pages/MainIndex.ets:200:14
[39m
[39m
[31m12 ERROR: [31m10905204 ArkTS Compiler Error
Error Message: '['步数', '心率', '睡眠', '卡路里'].forEach((label, index) => {
        let data = ['8753', '72', '7.8h', '365']
        Column({ space: 6, align: ItemAlign.Center }) {
          Text(data[index])
            .fontSize(18)
            .fontWeight(FontWeight.Bold)
            .fontColor(this.isDark ? Color.White : Color.Black)
          Text(label)
            .fontSize(11)
            .fontColor(this.isDark ? '#999' : '#777')
        }
        .flexGrow(1)
        .padding({ vertical: 14 })
      })' does not meet UI component syntax. At File: C:/Users/lzf/Desktop/health_-service_-kit_-sample-code-master/health_-service_-kit_-sample-code-master/entry/src/main/ets/pages/MainIndex.ets:101:7
[39m
[39m
[31m13 ERROR: [31m10903329 ArkTS Compiler Error
Error Message: Unknown resource name 'ic_public_arrow_right'. At File: C:/Users/lzf/Desktop/health_-service_-kit_-sample-code-master/health_-service_-kit_-sample-code-master/entry/src/main/ets/pages/MainIndex.ets:190:16
[39m
[39m
[31mCOMPILE RESULT:FAIL {ERROR:14 WARN:2}[39m
    at runArkPack (D:\DevEco Studio\tools\hvigor\hvigor-ohos-plugin\node_modules\@ohos\hvigor-arkts-compose\dist\src\arkts-pack.js:1:5860)
ArkTSCompilerError: ArkTS Compiler Error
    at throwArkTsCompilerError (D:\DevEco Studio\tools\hvigor\hvigor-ohos-plugin\node_modules\@ohos\hvigor-arkts-compose\dist\src\data\compose-error.js:1:423)
    at throwErrorIfHasErrorInfo (D:\DevEco Studio\tools\hvigor\hvigor-ohos-plugin\node_modules\@ohos\hvigor-arkts-compose\dist\src\plugins\common-plugin.js:1:4478)
    at Object.handler (D:\DevEco Studio\tools\hvigor\hvigor-ohos-plugin\node_modules\@ohos\hvigor-arkts-compose\dist\src\plugins\common-plugin.js:1:2547)
    at D:\DevEco Studio\tools\hvigor\hvigor-ohos-plugin\node_modules\@ohos\hvigor-arkts-base\node_modules\rollup\dist\shared\rollup.js:27765:40
[2026-04-21T17:31:36.285] [ERROR] debug-file - BUILD FAILED in 2 s 783 ms 
[2026-04-21T17:31:36.286] [DEBUG] debug-file - There is no need to refresh cache, since the incremental task entry:default@PreBuild is up-to-date.
[2026-04-21T17:31:36.286] [DEBUG] debug-file - Update task entry:default@CreateModuleInfo output file:C:\Users\lzf\Desktop\health_-service_-kit_-sample-code-master\health_-service_-kit_-sample-code-master\entry\build\default\generated\profile\default\ModuleInfo.ts cache.
[2026-04-21T17:31:36.286] [DEBUG] debug-file - Incremental task entry:default@CreateModuleInfo post-execution cost:1 ms .
[2026-04-21T17:31:36.286] [DEBUG] debug-file - There is no need to refresh cache, since the incremental task entry:default@GenerateMetadata is up-to-date.
[2026-04-21T17:31:36.286] [DEBUG] debug-file - There is no need to refresh cache, since the incremental task entry:default@MergeProfile is up-to-date.
[2026-04-21T17:31:36.286] [DEBUG] debug-file - There is no need to refresh cache, since the incremental task entry:default@CreateBuildProfile is up-to-date.
[2026-04-21T17:31:36.286] [DEBUG] debug-file - Update task entry:default@GeneratePkgContextInfo output file:C:\Users\lzf\Desktop\health_-service_-kit_-sample-code-master\health_-service_-kit_-sample-code-master\entry\build\default\intermediates\loader\default\pkgContextInfo.json cache.
[2026-04-21T17:31:36.286] [DEBUG] debug-file - Incremental task entry:default@GeneratePkgContextInfo post-execution cost:1 ms .
[2026-04-21T17:31:36.286] [DEBUG] debug-file - Update task entry:default@ProcessIntegratedHsp output file:C:\Users\lzf\Desktop\health_-service_-kit_-sample-code-master\health_-service_-kit_-sample-code-master\build\cache\default\integrated_hsp\integratedHspCache.json cache.
[2026-04-21T17:31:36.287] [DEBUG] debug-file - Incremental task entry:default@ProcessIntegratedHsp post-execution cost:1 ms .
[2026-04-21T17:31:36.287] [DEBUG] debug-file - There is no need to refresh cache, since the incremental task entry:default@MakePackInfo is up-to-date.
[2026-04-21T17:31:36.287] [DEBUG] debug-file - Update task entry:default@SyscapTransform input file:D:\DevEco Studio\sdk\default\openharmony\toolchains\syscap_tool.exe cache by regenerate.
[2026-04-21T17:31:36.287] [DEBUG] debug-file - Update task entry:default@SyscapTransform input file:D:\DevEco Studio\sdk\default\openharmony\ets\api\device-define cache by regenerate.
[2026-04-21T17:31:36.288] [DEBUG] debug-file - Update task entry:default@SyscapTransform output file:C:\Users\lzf\Desktop\health_-service_-kit_-sample-code-master\health_-service_-kit_-sample-code-master\entry\build\default\intermediates\syscap\default\rpcid.sc cache.
[2026-04-21T17:31:36.288] [DEBUG] debug-file - Incremental task entry:default@SyscapTransform post-execution cost:2 ms .
[2026-04-21T17:31:36.288] [DEBUG] debug-file - There is no need to refresh cache, since the incremental task entry:default@ProcessProfile is up-to-date.
[2026-04-21T17:31:36.288] [DEBUG] debug-file - There is no need to refresh cache, since the incremental task entry:default@ProcessRouterMap is up-to-date.
[2026-04-21T17:31:36.288] [DEBUG] debug-file - There is no need to refresh cache, since the incremental task entry:default@ProcessShareConfig is up-to-date.
[2026-04-21T17:31:36.289] [DEBUG] debug-file - Update task entry:default@ProcessStartupConfig output file:C:\Users\lzf\Desktop\health_-service_-kit_-sample-code-master\health_-service_-kit_-sample-code-master\entry\build\default\intermediates\startup\default\startup_config.json cache.
[2026-04-21T17:31:36.289] [DEBUG] debug-file - Incremental task entry:default@ProcessStartupConfig post-execution cost:1 ms .
[2026-04-21T17:31:36.289] [DEBUG] debug-file - There is no need to refresh cache, since the incremental task entry:default@ProcessResource is up-to-date.
[2026-04-21T17:31:36.289] [DEBUG] debug-file - There is no need to refresh cache, since the incremental task entry:default@GenerateLoaderJson is up-to-date.
[2026-04-21T17:31:36.289] [DEBUG] debug-file - There is no need to refresh cache, since the incremental task entry:default@ProcessLibs is up-to-date.
[2026-04-21T17:31:36.289] [DEBUG] debug-file - There is no need to refresh cache, since the incremental task entry:default@CompileResource is up-to-date.
[2026-04-21T17:31:36.289] [DEBUG] debug-file - There is no need to refresh cache, since the incremental task entry:default@DoNativeStrip is up-to-date.
[2026-04-21T17:31:36.291] [DEBUG] debug-file - Update task entry:default@CompileArkTS input file:C:\Users\lzf\Desktop\health_-service_-kit_-sample-code-master\health_-service_-kit_-sample-code-master\entry\build\default\intermediates\loader\default cache by regenerate.
[2026-04-21T17:31:36.292] [DEBUG] debug-file - Update task entry:default@CompileArkTS input file:C:\Users\lzf\Desktop\health_-service_-kit_-sample-code-master\health_-service_-kit_-sample-code-master\entry\build\default\intermediates\res\default\ResourceTable.txt cache by regenerate.
[2026-04-21T17:31:36.292] [DEBUG] debug-file - Update task entry:default@CompileArkTS input file:C:\Users\lzf\Desktop\health_-service_-kit_-sample-code-master\health_-service_-kit_-sample-code-master\entry\build\default\intermediates\res\default\ark_module.json cache by regenerate.
[2026-04-21T17:31:36.292] [DEBUG] debug-file - Update task entry:default@CompileArkTS input file:C:\Users\lzf\Desktop\health_-service_-kit_-sample-code-master\health_-service_-kit_-sample-code-master\entry\build\default\intermediates\res\default\resources\base\profile cache by regenerate.
[2026-04-21T17:31:36.293] [DEBUG] debug-file - Update task entry:default@CompileArkTS input file:C:\Users\lzf\Desktop\health_-service_-kit_-sample-code-master\health_-service_-kit_-sample-code-master\entry\src\main\ets cache from map.
[2026-04-21T17:31:36.293] [DEBUG] debug-file - Update task entry:default@CompileArkTS input file:C:\Users\lzf\Desktop\health_-service_-kit_-sample-code-master\health_-service_-kit_-sample-code-master\entry\build\default\generated\profile\default\BuildProfile.ets cache by regenerate.
[2026-04-21T17:31:36.293] [DEBUG] debug-file - Update task entry:default@CompileArkTS output file:C:\Users\lzf\Desktop\health_-service_-kit_-sample-code-master\health_-service_-kit_-sample-code-master\entry\build\default\intermediates\loader_out\default\ets cache.
[2026-04-21T17:31:36.293] [DEBUG] debug-file - Incremental task entry:default@CompileArkTS post-execution cost:5 ms .
[2026-04-21T17:31:36.294] [DEBUG] debug-file - Update task entry:default@BuildJS input file:C:\Users\lzf\Desktop\health_-service_-kit_-sample-code-master\health_-service_-kit_-sample-code-master\entry\build\default\intermediates\loader\default cache by regenerate.
[2026-04-21T17:31:36.295] [DEBUG] debug-file - Update task entry:default@BuildJS input file:C:\Users\lzf\Desktop\health_-service_-kit_-sample-code-master\health_-service_-kit_-sample-code-master\entry\build\default\intermediates\res\default\ResourceTable.txt cache by regenerate.
[2026-04-21T17:31:36.295] [DEBUG] debug-file - Update task entry:default@BuildJS input file:C:\Users\lzf\Desktop\health_-service_-kit_-sample-code-master\health_-service_-kit_-sample-code-master\entry\build\default\intermediates\res\default\ark_module.json cache by regenerate.
[2026-04-21T17:31:36.295] [DEBUG] debug-file - Update task entry:default@BuildJS input file:C:\Users\lzf\Desktop\health_-service_-kit_-sample-code-master\health_-service_-kit_-sample-code-master\entry\build\default\intermediates\res\default\resources\base\profile cache by regenerate.
[2026-04-21T17:31:36.296] [DEBUG] debug-file - Update task entry:default@BuildJS output file:C:\Users\lzf\Desktop\health_-service_-kit_-sample-code-master\health_-service_-kit_-sample-code-master\entry\build\default\intermediates\loader_out\default\js cache.
[2026-04-21T17:31:36.296] [DEBUG] debug-file - Incremental task entry:default@BuildJS post-execution cost:3 ms .
[2026-04-21T17:31:36.296] [DEBUG] debug-file - There is no need to refresh cache, since the incremental task entry:default@CacheNativeLibs is up-to-date.
[2026-04-21T17:31:36.316] [DEBUG] debug-file - Cleanup worker 22.
[2026-04-21T17:31:36.317] [DEBUG] debug-file - Worker 22 has been cleaned up.
[2026-04-21T17:31:36.317] [DEBUG] debug-file - Current idle worker size: 1.
[2026-04-21T17:31:36.317] [DEBUG] debug-file - Current resident worker size: 2.
[2026-04-21T17:31:36.318] [DEBUG] debug-file - hvigor build process will be closed.
[2026-04-21T17:31:36.328] [DEBUG] debug-file - session manager: send message to worker process.
[2026-04-21T17:31:36.329] [DEBUG] debug-file - session manager: send message to worker process.
[2026-04-21T17:31:36.328] [DEBUG] debug-file - worker[22] exits with exit code 1.
[2026-04-21T17:31:36.329] [DEBUG] debug-file - watch worker: worker id should be larger than 0. Nothing will be sent to any worker thread.
[2026-04-21T17:31:36.330] [DEBUG] debug-file - watch worker: worker id should be larger than 0. Nothing will be sent to any worker thread.
[2026-04-21T17:31:44.722] [DEBUG] debug-file - session manager: set active socket. socketId=uw1xyjftnGo5JXaiAAAH
[2026-04-21T17:31:44.733] [DEBUG] debug-file - watch worker: worker id should be larger than 0. Nothing will be sent to any worker thread.
[2026-04-21T17:31:44.737] [DEBUG] debug-file - Workers' log level updated to INFO
[2026-04-21T17:31:44.740] [DEBUG] debug-file - Hvigor init with startParameters:{
  hvigorfileTypeCheck: false,
  parallelExecution: true,
  incrementalExecution: true,
  printStackTrace: false,
  daemon: true,
  analyze: 0,
  logLevel: Level { level: 20000, levelStr: 'INFO', colour: 'green' },
  optimizationStrategy: 'memory',
  hotCompile: undefined,
  hotReloadBuild: undefined,
  customizedParam: undefined
}
[2026-04-21T17:31:44.745] [DEBUG] debug-file - Cache service initialization finished in 5 ms 
[2026-04-21T17:31:44.746] [DEBUG] debug-file - hvigorfile, resolving C:\Users\lzf\Desktop\health_-service_-kit_-sample-code-master\health_-service_-kit_-sample-code-master\hvigorfile.ts
[2026-04-21T17:31:44.755] [DEBUG] debug-file - hvigorfile, require result:  { default: { plugins: [] } }
[2026-04-21T17:31:44.755] [DEBUG] debug-file - hvigorfile, binding system plugins null
[2026-04-21T17:31:44.756] [DEBUG] debug-file - Starting plugin build process
[2026-04-21T17:31:44.756] [DEBUG] debug-file - App plugin prepare start...
[2026-04-21T17:31:44.756] [DEBUG] debug-file - App plugin prepare end...
[2026-04-21T17:31:44.756] [DEBUG] debug-file - App plugin creating...
[2026-04-21T17:31:44.764] [DEBUG] debug-file - App plugin register hook start...
[2026-04-21T17:31:44.765] [DEBUG] debug-file - App plugin register hook end...
[2026-04-21T17:31:44.765] [DEBUG] debug-file - Plugin build process completed
[2026-04-21T17:31:44.765] [DEBUG] debug-file - Start initialize project's product build option map with build mode debug.
[2026-04-21T17:31:44.765] [DEBUG] debug-file - Picking option from product 'default' with build mode 'debug'.
[2026-04-21T17:31:44.765] [DEBUG] debug-file - Product 'default' build option initialized
[2026-04-21T17:31:44.766] [DEBUG] debug-file - End initialize project's product build option map with build mode 'debug'.
[2026-04-21T17:31:44.767] [DEBUG] debug-file - Obtain build option for product 'default'in this build.
[2026-04-21T17:31:44.769] [DEBUG] debug-file - No signingConfig found, initRemoteHspCache failed.
[2026-04-21T17:31:44.773] [DEBUG] debug-file - Start recording SDK configuration permission data.
[2026-04-21T17:31:44.808] [DEBUG] debug-file - Sdk init in 38 ms 
[2026-04-21T17:31:44.811] [DEBUG] debug-file - Project task initialization takes 3 ms 
[2026-04-21T17:31:44.812] [DEBUG] debug-file - hvigorfile, binding custom plugins []
[2026-04-21T17:31:44.812] [DEBUG] debug-file - hvigorfile, no custom plugins were found in C:\Users\lzf\Desktop\health_-service_-kit_-sample-code-master\health_-service_-kit_-sample-code-master\hvigorfile.ts
[2026-04-21T17:31:44.812] [DEBUG] debug-file - hvigorfile, resolve finished C:\Users\lzf\Desktop\health_-service_-kit_-sample-code-master\health_-service_-kit_-sample-code-master\hvigorfile.ts
[2026-04-21T17:31:44.812] [DEBUG] debug-file - hvigorfile, resolving C:\Users\lzf\Desktop\health_-service_-kit_-sample-code-master\health_-service_-kit_-sample-code-master\entry\hvigorfile.ts
[2026-04-21T17:31:44.817] [DEBUG] debug-file - hvigorfile, require result:  { default: { plugins: [] } }
[2026-04-21T17:31:44.817] [DEBUG] debug-file - hvigorfile, binding system plugins null
[2026-04-21T17:31:44.817] [DEBUG] debug-file - Starting plugin build process
[2026-04-21T17:31:44.817] [DEBUG] debug-file - Hap plugin creating...
[2026-04-21T17:31:44.818] [DEBUG] debug-file - failed to load cangjie to dynamically generate schemas: Error: Cannot find module '@ohos/cangjie-build-support/index'
Require stack:
- D:\DevEco Studio\tools\hvigor\hvigor-ohos-plugin\src\plugin\hooks\cangjie-register.js
- D:\DevEco Studio\tools\hvigor\hvigor-ohos-plugin\src\plugin\strategy\stage-init-strategy.js
- D:\DevEco Studio\tools\hvigor\hvigor-ohos-plugin\src\plugin\builder\abstract-plugin-builder.js
- D:\DevEco Studio\tools\hvigor\hvigor-ohos-plugin\src\plugin\builder\app-plugin-builder.js
- D:\DevEco Studio\tools\hvigor\hvigor-ohos-plugin\src\plugin\factory\plugin-factory.js
- D:\DevEco Studio\tools\hvigor\hvigor-ohos-plugin\index.js
- C:\Users\lzf\Desktop\health_-service_-kit_-sample-code-master\health_-service_-kit_-sample-code-master\hvigorfile.ts
- D:\DevEco Studio\tools\hvigor\hvigor\src\base\internal\lifecycle\configuration.js
- D:\DevEco Studio\tools\hvigor\hvigor\src\base\boot\index.js
- D:\DevEco Studio\tools\hvigor\hvigor\src\base\daemon\cluster\worker-process-lifecycle.js
- D:\DevEco Studio\tools\hvigor\hvigor\src\base\daemon\process\daemon-process-boot-script.js
[2026-04-21T17:31:44.821] [DEBUG] debug-file - Start initialize module-target build option map, moduleName=entry, buildMode=debug
[2026-04-21T17:31:44.821] [DEBUG] debug-file - Target 'default' config initialized
[2026-04-21T17:31:44.821] [DEBUG] debug-file - Target 'ohosTest' config initialized
[2026-04-21T17:31:44.822] [DEBUG] debug-file - Module 'entry' target 'default' build option initialized
[2026-04-21T17:31:44.822] [DEBUG] debug-file - Module 'entry' target 'ohosTest' build option initialized
[2026-04-21T17:31:44.822] [DEBUG] debug-file - End initialize module-target build option map, moduleName=entry
[2026-04-21T17:31:44.822] [DEBUG] debug-file - Start initialize module-target build option map, moduleName=entry, buildMode=release
[2026-04-21T17:31:44.822] [DEBUG] debug-file - Target 'default' config initialized
[2026-04-21T17:31:44.823] [DEBUG] debug-file - Target 'ohosTest' config initialized
[2026-04-21T17:31:44.823] [DEBUG] debug-file - Module 'entry' target 'default' build option initialized
[2026-04-21T17:31:44.824] [DEBUG] debug-file - Module 'entry' target 'ohosTest' build option initialized
[2026-04-21T17:31:44.824] [DEBUG] debug-file - End initialize module-target build option map, moduleName=entry
[2026-04-21T17:31:44.824] [DEBUG] debug-file - Start initialize module-target build option map, moduleName=entry, buildMode=debug
[2026-04-21T17:31:44.824] [DEBUG] debug-file - Target 'default' config initialized
[2026-04-21T17:31:44.824] [DEBUG] debug-file - Target 'ohosTest' config initialized
[2026-04-21T17:31:44.824] [DEBUG] debug-file - Module 'entry' target 'default' build option initialized
[2026-04-21T17:31:44.824] [DEBUG] debug-file - Module 'entry' target 'ohosTest' build option initialized
[2026-04-21T17:31:44.824] [DEBUG] debug-file - End initialize module-target build option map, moduleName=entry
[2026-04-21T17:31:44.824] [DEBUG] debug-file - Obtain build option for module 'entry' target 'default'in this build.
[2026-04-21T17:31:44.826] [DEBUG] debug-file - Module entry task initialization takes 1 ms 
[2026-04-21T17:31:44.826] [DEBUG] debug-file - Hap plugin register hook start...
[2026-04-21T17:31:44.826] [DEBUG] debug-file - Hap plugin register hook end...
[2026-04-21T17:31:44.826] [DEBUG] debug-file - Plugin build process completed
[2026-04-21T17:31:44.826] [DEBUG] debug-file - hvigorfile, binding custom plugins []
[2026-04-21T17:31:44.826] [DEBUG] debug-file - hvigorfile, no custom plugins were found in C:\Users\lzf\Desktop\health_-service_-kit_-sample-code-master\health_-service_-kit_-sample-code-master\entry\hvigorfile.ts
[2026-04-21T17:31:44.826] [DEBUG] debug-file - hvigorfile, resolve finished C:\Users\lzf\Desktop\health_-service_-kit_-sample-code-master\health_-service_-kit_-sample-code-master\entry\hvigorfile.ts
[2026-04-21T17:31:44.851] [DEBUG] debug-file - hvigorfile, resolve hvigorfile dependencies in 24 ms 
[2026-04-21T17:31:44.851] [DEBUG] debug-file - project has submodules:entry
[2026-04-21T17:31:44.852] [DEBUG] debug-file - start to load updatedOhPackageInfo to the disk
[2026-04-21T17:31:44.862] [DEBUG] debug-file - load to the disk finished
[2026-04-21T17:31:44.864] [DEBUG] debug-file - Start to initialize dependency information.
[2026-04-21T17:31:44.868] [DEBUG] debug-file - Module health_-service_-kit_-sample-code-master Collected Dependency: 
[2026-04-21T17:31:44.868] [DEBUG] debug-file - Module health_-service_-kit_-sample-code-master's total dependency: 0
[2026-04-21T17:31:44.869] [DEBUG] debug-file - Start to initialize dependency information.
[2026-04-21T17:31:44.871] [DEBUG] debug-file - Module entry Collected Dependency: 
[2026-04-21T17:31:44.871] [DEBUG] debug-file - Module entry's total dependency: 0
[2026-04-21T17:31:44.874] [DEBUG] debug-file - Configuration phase cost:129 ms 
[2026-04-21T17:31:44.876] [DEBUG] debug-file - Configuration task cost before running: 139 ms 
[2026-04-21T17:31:44.880] [DEBUG] debug-file - Executing task :entry:default@PreBuild
[2026-04-21T17:31:44.881] [WARN] debug-file - The project has not explicitly set the 'targetSdkVersion' version at build-profile.json5. It is recommended to configure it. Reference: https://developer.huawei.com/consumer/cn/doc/harmonyos-guides/ide-hvigor-build-profile-app#section45865492619
[2026-04-21T17:31:44.882] [DEBUG] debug-file - Task 'entry:default@PreBuild' cost while wrapping incremental declarations: 1 ms 
[2026-04-21T17:31:44.890] [DEBUG] debug-file - Incremental task entry:default@PreBuild pre-execution cost: 6 ms .
[2026-04-21T17:31:44.890] [DEBUG] debug-file - entry : default@PreBuild cost memory 0.37029266357421875
[2026-04-21T17:31:44.892] [INFO] debug-file - UP-TO-DATE :entry:default@PreBuild...  
[2026-04-21T17:31:44.893] [DEBUG] debug-file - Executing task :entry:default@CreateModuleInfo
[2026-04-21T17:31:44.894] [DEBUG] debug-file - Task 'entry:default@CreateModuleInfo' cost while wrapping incremental declarations: 1 ms 
[2026-04-21T17:31:44.894] [DEBUG] debug-file - entry : default@CreateModuleInfo cost memory 0.04242706298828125
[2026-04-21T17:31:44.894] [DEBUG] debug-file - runTaskFromQueue task cost before running: 157 ms 
[2026-04-21T17:31:44.894] [INFO] debug-file - Finished :entry:default@CreateModuleInfo... after 1 ms 
[2026-04-21T17:31:44.896] [DEBUG] debug-file - Executing task :entry:default@GenerateMetadata
[2026-04-21T17:31:44.896] [DEBUG] debug-file - Task 'entry:default@GenerateMetadata' cost while wrapping incremental declarations: 1 ms 
[2026-04-21T17:31:44.897] [DEBUG] debug-file - Incremental task entry:default@GenerateMetadata pre-execution cost: 1 ms .
[2026-04-21T17:31:44.897] [DEBUG] debug-file - entry : default@GenerateMetadata cost memory 0.09348297119140625
[2026-04-21T17:31:44.897] [INFO] debug-file - UP-TO-DATE :entry:default@GenerateMetadata...  
[2026-04-21T17:31:44.898] [DEBUG] debug-file - Executing task :entry:default@ConfigureCmake
[2026-04-21T17:31:44.898] [DEBUG] debug-file - entry : default@ConfigureCmake cost memory 0.0145721435546875
[2026-04-21T17:31:44.899] [DEBUG] debug-file - runTaskFromQueue task cost before running: 162 ms 
[2026-04-21T17:31:44.899] [INFO] debug-file - Finished :entry:default@ConfigureCmake... after 1 ms 
[2026-04-21T17:31:44.900] [DEBUG] debug-file - Executing task :entry:default@MergeProfile
[2026-04-21T17:31:44.900] [DEBUG] debug-file - Task 'entry:default@MergeProfile' cost while wrapping incremental declarations: 1 ms 
[2026-04-21T17:31:44.902] [DEBUG] debug-file - Incremental task entry:default@MergeProfile pre-execution cost: 2 ms .
[2026-04-21T17:31:44.902] [DEBUG] debug-file - entry : default@MergeProfile cost memory 0.1378936767578125
[2026-04-21T17:31:44.902] [INFO] debug-file - UP-TO-DATE :entry:default@MergeProfile...  
[2026-04-21T17:31:44.903] [DEBUG] debug-file - Executing task :entry:default@CreateBuildProfile
[2026-04-21T17:31:44.904] [DEBUG] debug-file - Task 'entry:default@CreateBuildProfile' cost while wrapping incremental declarations: 1 ms 
[2026-04-21T17:31:44.905] [DEBUG] debug-file - Incremental task entry:default@CreateBuildProfile pre-execution cost: 1 ms .
[2026-04-21T17:31:44.905] [DEBUG] debug-file - entry : default@CreateBuildProfile cost memory 0.09967041015625
[2026-04-21T17:31:44.905] [INFO] debug-file - UP-TO-DATE :entry:default@CreateBuildProfile...  
[2026-04-21T17:31:44.906] [DEBUG] debug-file - Executing task :entry:default@PreCheckSyscap
[2026-04-21T17:31:44.906] [DEBUG] debug-file - entry : default@PreCheckSyscap cost memory 0.01479339599609375
[2026-04-21T17:31:44.907] [DEBUG] debug-file - runTaskFromQueue task cost before running: 170 ms 
[2026-04-21T17:31:44.907] [INFO] debug-file - Finished :entry:default@PreCheckSyscap... after 1 ms 
[2026-04-21T17:31:44.908] [DEBUG] debug-file - Executing task :entry:default@GeneratePkgContextInfo
[2026-04-21T17:31:44.913] [DEBUG] debug-file - Task 'entry:default@GeneratePkgContextInfo' cost while wrapping incremental declarations: 1 ms 
[2026-04-21T17:31:44.913] [DEBUG] debug-file - entry : default@GeneratePkgContextInfo cost memory -1.3669281005859375
[2026-04-21T17:31:44.913] [DEBUG] debug-file - runTaskFromQueue task cost before running: 177 ms 
[2026-04-21T17:31:44.913] [INFO] debug-file - Finished :entry:default@GeneratePkgContextInfo... after 6 ms 
[2026-04-21T17:31:44.916] [DEBUG] debug-file - Executing task :entry:default@ProcessIntegratedHsp
[2026-04-21T17:31:44.917] [DEBUG] debug-file - entry:default@ProcessIntegratedHsp is not up-to-date, since the output file 'C:\Users\lzf\Desktop\health_-service_-kit_-sample-code-master\health_-service_-kit_-sample-code-master\build\cache\default\integrated_hsp\integratedHspCache.json' does not exist.
[2026-04-21T17:31:44.917] [DEBUG] debug-file - Incremental task entry:default@ProcessIntegratedHsp pre-execution cost: 1 ms .
[2026-04-21T17:31:44.917] [DEBUG] debug-file - entry : default@ProcessIntegratedHsp cost memory 0.0639495849609375
[2026-04-21T17:31:44.917] [DEBUG] debug-file - runTaskFromQueue task cost before running: 180 ms 
[2026-04-21T17:31:44.917] [INFO] debug-file - Finished :entry:default@ProcessIntegratedHsp... after 1 ms 
[2026-04-21T17:31:44.918] [DEBUG] debug-file - Executing task :entry:default@BuildNativeWithCmake
[2026-04-21T17:31:44.918] [DEBUG] debug-file - entry : default@BuildNativeWithCmake cost memory 0.0145721435546875
[2026-04-21T17:31:44.919] [DEBUG] debug-file - runTaskFromQueue task cost before running: 182 ms 
[2026-04-21T17:31:44.919] [INFO] debug-file - Finished :entry:default@BuildNativeWithCmake... after 1 ms 
[2026-04-21T17:31:44.920] [DEBUG] debug-file - Executing task :entry:default@MakePackInfo
[2026-04-21T17:31:44.921] [DEBUG] debug-file - Incremental task entry:default@MakePackInfo pre-execution cost: 2 ms .
[2026-04-21T17:31:44.921] [DEBUG] debug-file - entry : default@MakePackInfo cost memory 0.1170654296875
[2026-04-21T17:31:44.922] [INFO] debug-file - UP-TO-DATE :entry:default@MakePackInfo...  
[2026-04-21T17:31:44.923] [DEBUG] debug-file - Executing task :entry:default@SyscapTransform
[2026-04-21T17:31:44.923] [DEBUG] debug-file - File: 'C:\Users\lzf\Desktop\health_-service_-kit_-sample-code-master\health_-service_-kit_-sample-code-master\entry\src\main\syscap.json' from 'sysCapJsonPath' is not exists, just ignore.
[2026-04-21T17:31:44.923] [DEBUG] debug-file - Task 'entry:default@SyscapTransform' cost while wrapping incremental declarations: 1 ms 
[2026-04-21T17:31:44.925] [DEBUG] debug-file - entry:default@SyscapTransform is not up-to-date, since the output file 'C:\Users\lzf\Desktop\health_-service_-kit_-sample-code-master\health_-service_-kit_-sample-code-master\entry\build\default\intermediates\syscap\default\rpcid.sc' does not exist.
[2026-04-21T17:31:44.925] [DEBUG] debug-file - Incremental task entry:default@SyscapTransform pre-execution cost: 2 ms .
[2026-04-21T17:31:44.925] [DEBUG] debug-file - entry : default@SyscapTransform cost memory 0.15160369873046875
[2026-04-21T17:31:44.925] [DEBUG] debug-file - runTaskFromQueue task cost before running: 189 ms 
[2026-04-21T17:31:44.925] [INFO] debug-file - Finished :entry:default@SyscapTransform... after 3 ms 
[2026-04-21T17:31:44.927] [DEBUG] debug-file - Executing task :entry:default@ProcessProfile
[2026-04-21T17:31:44.928] [DEBUG] debug-file - Task 'entry:default@ProcessProfile' cost while wrapping incremental declarations: 1 ms 
[2026-04-21T17:31:44.929] [DEBUG] debug-file - Incremental task entry:default@ProcessProfile pre-execution cost: 1 ms .
[2026-04-21T17:31:44.929] [DEBUG] debug-file - entry : default@ProcessProfile cost memory 0.13292694091796875
[2026-04-21T17:31:44.929] [INFO] debug-file - UP-TO-DATE :entry:default@ProcessProfile...  
[2026-04-21T17:31:44.930] [DEBUG] debug-file - Executing task :entry:default@ProcessRouterMap
[2026-04-21T17:31:44.932] [DEBUG] debug-file - Incremental task entry:default@ProcessRouterMap pre-execution cost: 2 ms .
[2026-04-21T17:31:44.932] [DEBUG] debug-file - entry : default@ProcessRouterMap cost memory 0.1602935791015625
[2026-04-21T17:31:44.933] [INFO] debug-file - UP-TO-DATE :entry:default@ProcessRouterMap...  
[2026-04-21T17:31:44.935] [DEBUG] debug-file - Executing task :entry:default@ProcessShareConfig
[2026-04-21T17:31:44.937] [DEBUG] debug-file - Incremental task entry:default@ProcessShareConfig pre-execution cost: 2 ms .
[2026-04-21T17:31:44.937] [DEBUG] debug-file - entry : default@ProcessShareConfig cost memory 0.135101318359375
[2026-04-21T17:31:44.937] [INFO] debug-file - UP-TO-DATE :entry:default@ProcessShareConfig...  
[2026-04-21T17:31:44.938] [DEBUG] debug-file - Executing task :entry:default@ProcessStartupConfig
[2026-04-21T17:31:44.938] [DEBUG] debug-file - Task 'entry:default@ProcessStartupConfig' cost while wrapping incremental declarations: 1 ms 
[2026-04-21T17:31:44.939] [DEBUG] debug-file - entry:default@ProcessStartupConfig is not up-to-date, since the output file 'C:\Users\lzf\Desktop\health_-service_-kit_-sample-code-master\health_-service_-kit_-sample-code-master\entry\build\default\intermediates\startup\default\startup_config.json' does not exist.
[2026-04-21T17:31:44.939] [DEBUG] debug-file - Incremental task entry:default@ProcessStartupConfig pre-execution cost: 1 ms .
[2026-04-21T17:31:44.939] [DEBUG] debug-file - entry : default@ProcessStartupConfig cost memory 0.10955810546875
[2026-04-21T17:31:44.939] [DEBUG] debug-file - runTaskFromQueue task cost before running: 203 ms 
[2026-04-21T17:31:44.940] [INFO] debug-file - Finished :entry:default@ProcessStartupConfig... after 2 ms 
[2026-04-21T17:31:44.941] [DEBUG] debug-file - Executing task :entry:default@BuildNativeWithNinja
[2026-04-21T17:31:44.941] [DEBUG] debug-file - entry : default@BuildNativeWithNinja cost memory 0.02318572998046875
[2026-04-21T17:31:44.941] [DEBUG] debug-file - runTaskFromQueue task cost before running: 205 ms 
[2026-04-21T17:31:44.941] [INFO] debug-file - Finished :entry:default@BuildNativeWithNinja... after 1 ms 
[2026-04-21T17:31:44.943] [DEBUG] debug-file - restool module names: entry; moduleName=entry, taskName=default@ProcessResource
[2026-04-21T17:31:44.944] [DEBUG] debug-file - Executing task :entry:default@ProcessResource
[2026-04-21T17:31:44.944] [DEBUG] debug-file - Task 'entry:default@ProcessResource' cost while wrapping incremental declarations: 1 ms 
[2026-04-21T17:31:44.945] [DEBUG] debug-file - Incremental task entry:default@ProcessResource pre-execution cost: 1 ms .
[2026-04-21T17:31:44.945] [DEBUG] debug-file - entry : default@ProcessResource cost memory 0.1472625732421875
[2026-04-21T17:31:44.947] [INFO] debug-file - UP-TO-DATE :entry:default@ProcessResource...  
[2026-04-21T17:31:44.949] [DEBUG] debug-file - Executing task :entry:default@GenerateLoaderJson
[2026-04-21T17:31:44.949] [DEBUG] debug-file - Task 'entry:default@GenerateLoaderJson' cost while wrapping incremental declarations: 1 ms 
[2026-04-21T17:31:44.956] [DEBUG] debug-file - Incremental task entry:default@GenerateLoaderJson pre-execution cost: 4 ms .
[2026-04-21T17:31:44.956] [DEBUG] debug-file - entry : default@GenerateLoaderJson cost memory 0.5816802978515625
[2026-04-21T17:31:44.960] [INFO] debug-file - UP-TO-DATE :entry:default@GenerateLoaderJson...  
[2026-04-21T17:31:44.961] [DEBUG] debug-file - Executing task :entry:default@ProcessLibs
[2026-04-21T17:31:44.964] [DEBUG] debug-file - Incremental task entry:default@ProcessLibs pre-execution cost: 2 ms .
[2026-04-21T17:31:44.964] [DEBUG] debug-file - entry : default@ProcessLibs cost memory 0.12900543212890625
[2026-04-21T17:31:44.965] [INFO] debug-file - UP-TO-DATE :entry:default@ProcessLibs...  
[2026-04-21T17:31:44.966] [DEBUG] debug-file - restool module names: entry; moduleName=entry, taskName=default@CompileResource
[2026-04-21T17:31:44.966] [DEBUG] debug-file - Executing task :entry:default@CompileResource
[2026-04-21T17:31:44.975] [DEBUG] debug-file - Incremental task entry:default@CompileResource pre-execution cost: 9 ms .
[2026-04-21T17:31:44.976] [DEBUG] debug-file - entry : default@CompileResource cost memory 0.7104644775390625
[2026-04-21T17:31:44.977] [INFO] debug-file - UP-TO-DATE :entry:default@CompileResource...  
[2026-04-21T17:31:44.978] [DEBUG] debug-file - Executing task :entry:default@DoNativeStrip
[2026-04-21T17:31:44.979] [DEBUG] debug-file - Task 'entry:default@DoNativeStrip' cost while wrapping incremental declarations: 1 ms 
[2026-04-21T17:31:44.980] [DEBUG] debug-file - Incremental task entry:default@DoNativeStrip pre-execution cost: 1 ms .
[2026-04-21T17:31:44.980] [DEBUG] debug-file - entry : default@DoNativeStrip cost memory 0.083984375
[2026-04-21T17:31:44.980] [INFO] debug-file - UP-TO-DATE :entry:default@DoNativeStrip...  
[2026-04-21T17:31:44.982] [DEBUG] debug-file - Executing task :entry:default@CompileArkTS
[2026-04-21T17:31:44.983] [DEBUG] debug-file - obfuscationOptions: undefined
[2026-04-21T17:31:44.984] [DEBUG] debug-file - Task 'entry:default@CompileArkTS' cost while wrapping incremental declarations: 1 ms 
[2026-04-21T17:31:44.999] [DEBUG] debug-file - build config:
[2026-04-21T17:31:44.999] [DEBUG] debug-file - {
  moduleType: 'entry',
  perf: 0,
  targetName: '.default',
  packageManagerType: 'ohpm',
  localPropertiesPath: 'C:\\Users\\lzf\\Desktop\\health_-service_-kit_-sample-code-master\\health_-service_-kit_-sample-code-master\\local.properties',
  isPreview: false,
  isOhosTest: false,
  isLocalTest: false,
  buildMode: 'Debug',
  hotReloadBuild: undefined,
  watchMode: 'false',
  aceProfilePath: 'C:\\Users\\lzf\\Desktop\\health_-service_-kit_-sample-code-master\\health_-service_-kit_-sample-code-master\\entry\\build\\default\\intermediates\\res\\default\\resources\\base\\profile',
  etsLoaderPath: 'D:\\DevEco Studio\\sdk\\default\\openharmony\\ets\\build-tools\\ets-loader',
  modulePath: 'C:\\Users\\lzf\\Desktop\\health_-service_-kit_-sample-code-master\\health_-service_-kit_-sample-code-master\\entry',
  testFrameworkPar: {
    testMode: undefined,
    coveragePathFilter: undefined,
    coverageMode: undefined
  },
  needCoverageInsert: false,
  debugLine: false,
  projectTopDir: 'C:\\Users\\lzf\\Desktop\\health_-service_-kit_-sample-code-master\\health_-service_-kit_-sample-code-master',
  compileSdkVersion: 22,
  compatibleSdkVersion: 12,
  originCompatibleSdkVersion: '5.0.0(12)',
  compatibleSdkVersionStage: 'beta1',
  bundleName: 'c***n',
  etsLoaderVersion: '6.0.2.130',
  etsLoaderReleaseType: 'Release',
  aotCompileMode: 'type',
  apPath: 'C:\\Users\\lzf\\Desktop\\health_-service_-kit_-sample-code-master\\health_-service_-kit_-sample-code-master\\entry\\modules.ap',
  entryModuleName: 'entry',
  entryModuleVersion: '1.0.0',
  entryPackageName: 'entry',
  allModuleNameHash: 'bb6dfe8d2e193c35b0cb6b8a0846875a3be2b3ae6338f35de853e6a29232da55',
  externalApiPaths: [ 'D:\\DevEco Studio\\sdk\\default\\hms\\ets' ],
  compilerTypes: [],
  isCrossplatform: false,
  hvigorPluginFile: undefined,
  compilePluginPath: undefined,
  buildGeneratedProfilePath: 'C:\\Users\\lzf\\Desktop\\health_-service_-kit_-sample-code-master\\health_-service_-kit_-sample-code-master\\entry\\build\\default\\generated\\profile\\default',
  bundleType: 'app',
  arkTSVersion: undefined,
  apiVersion: 22,
  needCompleteSourcesMap: false,
  isFaMode: false,
  buildDir: 'C:\\Users\\lzf\\Desktop\\health_-service_-kit_-sample-code-master\\health_-service_-kit_-sample-code-master\\entry\\build',
  deviceTypes: [ 'phone', 'tablet' ],
  pkgContextInfo: undefined,
  ohPackagePathMap: {},
  dependencyAliasMap: {},
  permission: { requestPermissions: undefined, definePermissions: undefined },
  useGetCurrentBundleName: false,
  projectArkOption: {},
  sourceMapDir: undefined,
  branchElimination: false,
  transformLib: undefined,
  tsImportSendable: false,
  resolveConflictMode: true,
  depName2RootPath: {},
  depName2DepInfo: {},
  rootPathSet: [
    'C:\\Users\\lzf\\Desktop\\health_-service_-kit_-sample-code-master\\health_-service_-kit_-sample-code-master'
  ],
  useNativeResolver: true,
  shouldEmitJs: true,
  useTscResolve: false,
  singleFileEmit: false,
  userProjectConfig: {
    autoLazyImport: false,
    allowEmptyBundleName: false,
    reExportCheckMode: 'noCheck',
    executionMode: 'memory',
    usePathPlaceholder: false,
    writeRollupCache: true,
    isExpandImportEnabled: false,
    expandImportExclude: '',
    lazyImportExclude: '',
    lazyImportInclude: '',
    ignoreCrossplatformCheck: false,
    isHarDeduplicateEnabled: false,
    skipOhModulesLint: false,
    enableStrictCheckOHModule: false,
    disableSendableCheckRules: [],
    useDeclarationFileSignature: false,
    customizedOptions: undefined,
    integratedHsp: false,
    isPreloadSoEnabled: false
  },
  executionMode: 'memory',
  arkCompileCachePath: 'C:\\Users\\lzf\\Desktop\\health_-service_-kit_-sample-code-master\\health_-service_-kit_-sample-code-master\\entry\\build\\default\\cache\\default\\default@CompileArkTS\\esmodule',
  autoLazyFilter: undefined,
  isHarDeduplicateEnabled: false,
  intermediateHarDuplicateDirPath: 'C:\\Users\\lzf\\Desktop\\health_-service_-kit_-sample-code-master\\health_-service_-kit_-sample-code-master\\entry\\build\\default\\intermediates\\har_duplicate\\default',
  autoLazyImport: false,
  allowEmptyBundleName: false,
  reExportCheckMode: 'noCheck',
  usePathPlaceholder: false,
  writeRollupCache: true,
  isExpandImportEnabled: false,
  expandImportExclude: '',
  lazyImportExclude: '',
  lazyImportInclude: '',
  ignoreCrossplatformCheck: false,
  skipOhModulesLint: false,
  enableStrictCheckOHModule: false,
  disableSendableCheckRules: [],
  useDeclarationFileSignature: false,
  customizedOptions: undefined,
  integratedHsp: false,
  isPreloadSoEnabled: false,
  strictMode: undefined,
  useNormalizedOHMUrl: false,
  caseSensitiveCheck: false,
  aceModuleJsonPath: 'C:\\Users\\lzf\\Desktop\\health_-service_-kit_-sample-code-master\\health_-service_-kit_-sample-code-master\\entry\\build\\default\\intermediates\\res\\default\\ark_module.json',
  appResource: 'C:\\Users\\lzf\\Desktop\\health_-service_-kit_-sample-code-master\\health_-service_-kit_-sample-code-master\\entry\\build\\default\\intermediates\\res\\default\\ResourceTable.txt',
  rawFileResource: 'C:\\Users\\lzf\\Desktop\\health_-service_-kit_-sample-code-master\\health_-service_-kit_-sample-code-master\\entry\\build\\default\\intermediates\\res\\default\\resources\\rawfile',
  resourceTableHash: 'fce136b98a333daacd6837dfafa7c58bc85531faa021073e77ebf6d9e051944e',
  runtimeOS: 'HarmonyOS',
  sdkInfo: 'false:22:6.0.2.130:Release',
  aceModuleRoot: 'C:\\Users\\lzf\\Desktop\\health_-service_-kit_-sample-code-master\\health_-service_-kit_-sample-code-master\\entry\\src\\main\\ets',
  compileMode: 'esmodule',
  aceSuperVisualPath: 'C:\\Users\\lzf\\Desktop\\health_-service_-kit_-sample-code-master\\health_-service_-kit_-sample-code-master\\entry\\src\\main\\supervisual',
  aceBuildJson: 'C:\\Users\\lzf\\Desktop\\health_-service_-kit_-sample-code-master\\health_-service_-kit_-sample-code-master\\entry\\build\\default\\intermediates\\loader\\default\\loader.json',
  cachePath: 'C:\\Users\\lzf\\Desktop\\health_-service_-kit_-sample-code-master\\health_-service_-kit_-sample-code-master\\entry\\build\\default\\cache\\default\\default@CompileArkTS\\esmodule\\debug',
  aceModuleBuild: 'C:\\Users\\lzf\\Desktop\\health_-service_-kit_-sample-code-master\\health_-service_-kit_-sample-code-master\\entry\\build\\default\\intermediates\\loader_out\\default\\ets',
  supportChunks: true,
  declaredFilesPath: undefined,
  shouldCollectDirectImportees: false,
  isByteCodeHarOptimize: false,
  expandImportPath: undefined,
  pkgNameToPkgBriefInfo: {
    entry: {
      pkgRoot: 'C:\\Users\\lzf\\Desktop\\health_-service_-kit_-sample-code-master\\health_-service_-kit_-sample-code-master\\entry',
      originalSourceRoots: undefined,
      sourceRoots: [Array],
      pkgName: 'entry'
    }
  },
  projectModel: {
    'C:\\Users\\lzf\\Desktop\\health_-service_-kit_-sample-code-master\\health_-service_-kit_-sample-code-master\\entry\\src\\main': {
      moduleName: 'entry',
      modulePkgPath: 'C:\\Users\\lzf\\Desktop\\health_-service_-kit_-sample-code-master\\health_-service_-kit_-sample-code-master\\entry',
      belongProjectPath: 'C:\\Users\\lzf\\Desktop\\health_-service_-kit_-sample-code-master\\health_-service_-kit_-sample-code-master'
    },
    'C:\\Users\\lzf\\Desktop\\health_-service_-kit_-sample-code-master\\health_-service_-kit_-sample-code-master\\entry\\src\\ohosTest': {
      moduleName: 'entry_test',
      modulePkgPath: 'C:\\Users\\lzf\\Desktop\\health_-service_-kit_-sample-code-master\\health_-service_-kit_-sample-code-master\\entry',
      belongProjectPath: 'C:\\Users\\lzf\\Desktop\\health_-service_-kit_-sample-code-master\\health_-service_-kit_-sample-code-master'
    },
    'C:\\Users\\lzf\\Desktop\\health_-service_-kit_-sample-code-master\\health_-service_-kit_-sample-code-master\\entry': {
      moduleName: 'entry',
      modulePkgPath: 'C:\\Users\\lzf\\Desktop\\health_-service_-kit_-sample-code-master\\health_-service_-kit_-sample-code-master\\entry',
      belongProjectPath: 'C:\\Users\\lzf\\Desktop\\health_-service_-kit_-sample-code-master\\health_-service_-kit_-sample-code-master'
    },
    'C:\\Users\\lzf\\Desktop\\health_-service_-kit_-sample-code-master\\health_-service_-kit_-sample-code-master': {
      moduleName: 'health_-service_-kit_-sample-code-master',
      modulePkgPath: 'C:\\Users\\lzf\\Desktop\\health_-service_-kit_-sample-code-master\\health_-service_-kit_-sample-code-master',
      belongProjectPath: 'C:\\Users\\lzf\\Desktop\\health_-service_-kit_-sample-code-master\\health_-service_-kit_-sample-code-master'
    }
  },
  pkgJsonFileHash: '53c3da6ecb1d24a3ad581eea1fadab6cbeeaa772966670d8effc1efcec277957',
  allModulePaths: [
    'C:\\Users\\lzf\\Desktop\\health_-service_-kit_-sample-code-master\\health_-service_-kit_-sample-code-master\\entry'
  ],
  routerMap: {},
  obfuscationOptions: undefined,
  byteCodeHarToDependencyKeys: undefined,
  compileBlockPkg: [],
  mockParams: {
    decorator: '@MockSetup',
    packageName: '@ohos/hamock',
    etsSourceRootPath: 'src/main/ets',
    mockConfigPath: undefined,
    mockConfigKey2ModuleInfo: {},
    source2ModuleIdMap: {}
  },
  copyCodeResourceEnable: true,
  copyCodeResourceExcludes: [],
  copyCodeResourceIncludes: undefined,
  uiTransformOptimization: false,
  sdkPath: 'D:/DevEco Studio/sdk',
  needPreloadSoFileSet: {},
  preloadSoFilePath: 'C:\\Users\\lzf\\Desktop\\health_-service_-kit_-sample-code-master\\health_-service_-kit_-sample-code-master\\entry\\build\\default\\intermediates\\preload\\default\\preload.json',
  useSourceHash: false,
  localModuleParamMap: {},
  otherPaths: {
    'entry/*': [
      '..\\*',
      '..\\..\\..\\build\\default\\generated\\profile\\default\\*'
    ]
  },
  collectImportersConfig: undefined
}
[2026-04-21T17:31:45.000] [DEBUG] debug-file - Compile arkts with external api path: D:\DevEco Studio\sdk\default\hms\ets
[2026-04-21T17:31:45.003] [DEBUG] debug-file - default@CompileArkTS work[5] is submitted.
[2026-04-21T17:31:45.003] [DEBUG] debug-file - default@CompileArkTS work[5] is pushed to ready queue.
[2026-04-21T17:31:45.003] [DEBUG] debug-file - A work dispatched to worker[23] failed because unable to get work from ready queue.
[2026-04-21T17:31:45.003] [DEBUG] debug-file - A work dispatched to worker[22] failed because unable to get work from ready queue.
[2026-04-21T17:31:45.003] [DEBUG] debug-file - A work dispatched to worker[21] failed because unable to get work from ready queue.
[2026-04-21T17:31:45.003] [DEBUG] debug-file - A work dispatched to worker[20] failed because unable to get work from ready queue.
[2026-04-21T17:31:45.003] [DEBUG] debug-file - A work dispatched to worker[19] failed because unable to get work from ready queue.
[2026-04-21T17:31:45.003] [DEBUG] debug-file - A work dispatched to worker[18] failed because unable to get work from ready queue.
[2026-04-21T17:31:45.003] [DEBUG] debug-file - A work dispatched to worker[17] failed because unable to get work from ready queue.
[2026-04-21T17:31:45.003] [DEBUG] debug-file - A work dispatched to worker[16] failed because unable to get work from ready queue.
[2026-04-21T17:31:45.003] [DEBUG] debug-file - A work dispatched to worker[15] failed because unable to get work from ready queue.
[2026-04-21T17:31:45.003] [DEBUG] debug-file - A work dispatched to worker[14] failed because unable to get work from ready queue.
[2026-04-21T17:31:45.003] [DEBUG] debug-file - A work dispatched to worker[13] failed because unable to get work from ready queue.
[2026-04-21T17:31:45.003] [DEBUG] debug-file - A work dispatched to worker[12] failed because unable to get work from ready queue.
[2026-04-21T17:31:45.003] [DEBUG] debug-file - A work dispatched to worker[11] failed because unable to get work from ready queue.
[2026-04-21T17:31:45.003] [DEBUG] debug-file - A work dispatched to worker[10] failed because unable to get work from ready queue.
[2026-04-21T17:31:45.003] [DEBUG] debug-file - A work dispatched to worker[9] failed because unable to get work from ready queue.
[2026-04-21T17:31:45.004] [DEBUG] debug-file - A work dispatched to worker[8] failed because unable to get work from ready queue.
[2026-04-21T17:31:45.004] [DEBUG] debug-file - A work dispatched to worker[7] failed because unable to get work from ready queue.
[2026-04-21T17:31:45.004] [DEBUG] debug-file - A work dispatched to worker[6] failed because unable to get work from ready queue.
[2026-04-21T17:31:45.004] [DEBUG] debug-file - A work dispatched to worker[5] failed because unable to get work from ready queue.
[2026-04-21T17:31:45.004] [DEBUG] debug-file - default@CompileArkTS work[5] has been dispatched to worker[4].
[2026-04-21T17:31:45.004] [DEBUG] debug-file - default@CompileArkTS work[5] is dispatched.
[2026-04-21T17:31:45.004] [DEBUG] debug-file - CopyResources startTime: 3549149632500
[2026-04-21T17:31:45.004] [DEBUG] debug-file - default@CompileArkTS work[6] is submitted.
[2026-04-21T17:31:45.004] [DEBUG] debug-file - default@CompileArkTS work[6] is pushed to ready queue.
[2026-04-21T17:31:45.004] [DEBUG] debug-file - A work dispatched to worker[23] failed because unable to get work from ready queue.
[2026-04-21T17:31:45.004] [DEBUG] debug-file - Create  resident worker with id: 22.
[2026-04-21T17:31:45.006] [DEBUG] debug-file - default@CompileArkTS work[6] has been dispatched to worker[22].
[2026-04-21T17:31:45.006] [DEBUG] debug-file - default@CompileArkTS work[6] is dispatched.
[2026-04-21T17:31:45.006] [DEBUG] debug-file - entry : default@CompileArkTS cost memory 1.625640869140625
[2026-04-21T17:31:45.009] [DEBUG] debug-file - Executing task :entry:default@BuildJS
[2026-04-21T17:31:45.009] [DEBUG] debug-file - Task 'entry:default@BuildJS' cost while wrapping incremental declarations: 1 ms 
[2026-04-21T17:31:45.012] [DEBUG] debug-file - entry : default@BuildJS cost memory 0.16921234130859375
[2026-04-21T17:31:45.013] [DEBUG] debug-file - runTaskFromQueue task cost before running: 276 ms 
[2026-04-21T17:31:45.013] [INFO] debug-file - Finished :entry:default@BuildJS... after 4 ms 
[2026-04-21T17:31:45.014] [DEBUG] debug-file - Executing task :entry:default@CacheNativeLibs
[2026-04-21T17:31:45.015] [DEBUG] debug-file - Task 'entry:default@CacheNativeLibs' cost while wrapping incremental declarations: 1 ms 
[2026-04-21T17:31:45.017] [DEBUG] debug-file - Incremental task entry:default@CacheNativeLibs pre-execution cost: 3 ms .
[2026-04-21T17:31:45.017] [DEBUG] debug-file - entry : default@CacheNativeLibs cost memory 0.10640716552734375
[2026-04-21T17:31:45.017] [INFO] debug-file - UP-TO-DATE :entry:default@CacheNativeLibs...  
[2026-04-21T17:31:45.476] [DEBUG] debug-file - Ark compile task finished.finished time is 3549621271200
[2026-04-21T17:31:45.476] [DEBUG] debug-file - worker[4] has one work error.
[2026-04-21T17:31:45.476] [DEBUG] debug-file - default@CompileArkTS work[5] failed.
[2026-04-21T17:31:45.476] [ERROR] debug-file - Failed :entry:default@CompileArkTS... 
[2026-04-21T17:31:45.476] [WARN] debug-file - 
[33m1 WARN: [33m[33mArkTS:WARN: For details about ArkTS syntax errors, see FAQs[39m[39m
[33m2 WARN: [33m[33mArkTS:WARN File: C:/Users/lzf/Desktop/health_-service_-kit_-sample-code-master/health_-service_-kit_-sample-code-master/entry/src/main/ets/pages/AuthIndex.ets:19:48
 'getContext' has been deprecated.
[39m[39m
[2026-04-21T17:31:45.476] [DEBUG] debug-file - hvigor build process will be closed with an error.
[2026-04-21T17:31:45.477] [DEBUG] debug-file - ERROR: stacktrace = Error: ArkTS Compiler Error
[31m1 ERROR: [31m10605008 ArkTS Compiler Error
Error Message: Use explicit types instead of "any", "unknown" (arkts-no-any-unknown) At File: C:/Users/lzf/Desktop/health_-service_-kit_-sample-code-master/health_-service_-kit_-sample-code-master/entry/src/main/ets/pages/MainIndex.ets:133:33
[39m
[39m
[31m2 ERROR: [31m10505001 ArkTS Compiler Error
Error Message: ';' expected. At File: C:/Users/lzf/Desktop/health_-service_-kit_-sample-code-master/health_-service_-kit_-sample-code-master/entry/src/main/ets/pages/MainIndex.ets:103:55
[39m
[39m
[31m3 ERROR: [31m10505001 ArkTS Compiler Error
Error Message: Declaration or statement expected. At File: C:/Users/lzf/Desktop/health_-service_-kit_-sample-code-master/health_-service_-kit_-sample-code-master/entry/src/main/ets/pages/MainIndex.ets:112:9
[39m
[39m
[31m4 ERROR: [31m10505001 ArkTS Compiler Error
Error Message: No overload matches this call.
  Overload 1 of 2, '(options?: ColumnOptions): ColumnAttribute', gave the following error.
    Argument of type '{ space: number; align: ItemAlign; }' is not assignable to parameter of type 'ColumnOptions'.
      Object literal may only specify known properties, and 'align' does not exist in type 'ColumnOptions'.
  Overload 2 of 2, '(options?: ColumnOptions | ColumnOptionsV2): ColumnAttribute', gave the following error.
    Argument of type '{ space: number; align: ItemAlign; }' is not assignable to parameter of type 'ColumnOptions | ColumnOptionsV2'.
      Object literal may only specify known properties, and 'align' does not exist in type 'ColumnOptions | ColumnOptionsV2'. At File: C:/Users/lzf/Desktop/health_-service_-kit_-sample-code-master/health_-service_-kit_-sample-code-master/entry/src/main/ets/pages/MainIndex.ets:70:26
[39m
[39m
[31m5 ERROR: [31m10505001 ArkTS Compiler Error
Error Message: Argument of type '{ horizontal: number; vertical: number; }' is not assignable to parameter of type 'Length | Padding | LocalizedPadding'.
  Object literal may only specify known properties, and 'horizontal' does not exist in type 'Resource | Padding | LocalizedPadding'. At File: C:/Users/lzf/Desktop/health_-service_-kit_-sample-code-master/health_-service_-kit_-sample-code-master/entry/src/main/ets/pages/MainIndex.ets:85:20
[39m
[39m
[31m6 ERROR: [31m10505001 ArkTS Compiler Error
Error Message: No overload matches this call.
  Overload 1 of 2, '(options?: ColumnOptions): ColumnAttribute', gave the following error.
    Argument of type '{ space: number; align: ItemAlign; }' is not assignable to parameter of type 'ColumnOptions'.
      Object literal may only specify known properties, and 'align' does not exist in type 'ColumnOptions'.
  Overload 2 of 2, '(options?: ColumnOptions | ColumnOptionsV2): ColumnAttribute', gave the following error.
    Argument of type '{ space: number; align: ItemAlign; }' is not assignable to parameter of type 'ColumnOptions | ColumnOptionsV2'.
      Object literal may only specify known properties, and 'align' does not exist in type 'ColumnOptions | ColumnOptionsV2'. At File: C:/Users/lzf/Desktop/health_-service_-kit_-sample-code-master/health_-service_-kit_-sample-code-master/entry/src/main/ets/pages/MainIndex.ets:103:28
[39m
[39m
[31m7 ERROR: [31m10505001 ArkTS Compiler Error
Error Message: Cannot find name 'flexGrow'. Did you mean the instance member 'this.flexGrow'? At File: C:/Users/lzf/Desktop/health_-service_-kit_-sample-code-master/health_-service_-kit_-sample-code-master/entry/src/main/ets/pages/MainIndex.ets:112:10
[39m
[39m
[31m8 ERROR: [31m10505001 ArkTS Compiler Error
Error Message: No overload matches this call.
  Overload 1 of 2, '(options?: RowOptions): RowAttribute', gave the following error.
    Argument of type '{ space: number; align: ItemAlign; }' is not assignable to parameter of type 'RowOptions'.
      Object literal may only specify known properties, and 'align' does not exist in type 'RowOptions'.
  Overload 2 of 2, '(options?: RowOptions | RowOptionsV2): RowAttribute', gave the following error.
    Argument of type '{ space: number; align: ItemAlign; }' is not assignable to parameter of type 'RowOptions | RowOptionsV2'.
      Object literal may only specify known properties, and 'align' does not exist in type 'RowOptions | RowOptionsV2'. At File: C:/Users/lzf/Desktop/health_-service_-kit_-sample-code-master/health_-service_-kit_-sample-code-master/entry/src/main/ets/pages/MainIndex.ets:132:23
[39m
[39m
[31m9 ERROR: [31m10505001 ArkTS Compiler Error
Error Message: No overload matches this call.
  Overload 1 of 2, '(options?: ColumnOptions): ColumnAttribute', gave the following error.
    Argument of type '{ space: number; align: ItemAlign; }' is not assignable to parameter of type 'ColumnOptions'.
      Object literal may only specify known properties, and 'align' does not exist in type 'ColumnOptions'.
  Overload 2 of 2, '(options?: ColumnOptions | ColumnOptionsV2): ColumnAttribute', gave the following error.
    Argument of type '{ space: number; align: ItemAlign; }' is not assignable to parameter of type 'ColumnOptions | ColumnOptionsV2'.
      Object literal may only specify known properties, and 'align' does not exist in type 'ColumnOptions | ColumnOptionsV2'. At File: C:/Users/lzf/Desktop/health_-service_-kit_-sample-code-master/health_-service_-kit_-sample-code-master/entry/src/main/ets/pages/MainIndex.ets:134:30
[39m
[39m
[31m10 ERROR: [31m10505001 ArkTS Compiler Error
Error Message: No overload matches this call.
  Overload 1 of 2, '(options?: ColumnOptions): ColumnAttribute', gave the following error.
    Argument of type '{ space: number; align: ItemAlign; }' is not assignable to parameter of type 'ColumnOptions'.
      Object literal may only specify known properties, and 'align' does not exist in type 'ColumnOptions'.
  Overload 2 of 2, '(options?: ColumnOptions | ColumnOptionsV2): ColumnAttribute', gave the following error.
    Argument of type '{ space: number; align: ItemAlign; }' is not assignable to parameter of type 'ColumnOptions | ColumnOptionsV2'.
      Object literal may only specify known properties, and 'align' does not exist in type 'ColumnOptions | ColumnOptionsV2'. At File: C:/Users/lzf/Desktop/health_-service_-kit_-sample-code-master/health_-service_-kit_-sample-code-master/entry/src/main/ets/pages/MainIndex.ets:179:26
[39m
[39m
[31m11 ERROR: [31m10505001 ArkTS Compiler Error
Error Message: No overload matches this call.
  Overload 1 of 2, '(value: ScaleOptions): RowAttribute', gave the following error.
    Argument of type '{ duration: number; hover: number; press: number; }' is not assignable to parameter of type 'ScaleOptions'.
      Object literal may only specify known properties, and 'duration' does not exist in type 'ScaleOptions'.
  Overload 2 of 2, '(options: ScaleOptions): RowAttribute', gave the following error.
    Argument of type '{ duration: number; hover: number; press: number; }' is not assignable to parameter of type 'ScaleOptions'.
      Object literal may only specify known properties, and 'duration' does not exist in type 'ScaleOptions'. At File: C:/Users/lzf/Desktop/health_-service_-kit_-sample-code-master/health_-service_-kit_-sample-code-master/entry/src/main/ets/pages/MainIndex.ets:200:14
[39m
[39m
[31m12 ERROR: [31m10905204 ArkTS Compiler Error
Error Message: '['步数', '心率', '睡眠', '卡路里'].forEach((label, index) => {
        let data = ['8753', '72', '7.8h', '365']
        Column({ space: 6, align: ItemAlign.Center }) {
          Text(data[index])
            .fontSize(18)
            .fontWeight(FontWeight.Bold)
            .fontColor(this.isDark ? Color.White : Color.Black)
          Text(label)
            .fontSize(11)
            .fontColor(this.isDark ? '#999' : '#777')
        }
        .flexGrow(1)
        .padding({ vertical: 14 })
      })' does not meet UI component syntax. At File: C:/Users/lzf/Desktop/health_-service_-kit_-sample-code-master/health_-service_-kit_-sample-code-master/entry/src/main/ets/pages/MainIndex.ets:101:7
[39m
[39m
[31m13 ERROR: [31m10903329 ArkTS Compiler Error
Error Message: Unknown resource name 'ic_public_arrow_right'. At File: C:/Users/lzf/Desktop/health_-service_-kit_-sample-code-master/health_-service_-kit_-sample-code-master/entry/src/main/ets/pages/MainIndex.ets:190:16
[39m
[39m
[31mCOMPILE RESULT:FAIL {ERROR:14 WARN:2}[39m
    at runArkPack (D:\DevEco Studio\tools\hvigor\hvigor-ohos-plugin\node_modules\@ohos\hvigor-arkts-compose\dist\src\arkts-pack.js:1:5860)
ArkTSCompilerError: ArkTS Compiler Error
    at throwArkTsCompilerError (D:\DevEco Studio\tools\hvigor\hvigor-ohos-plugin\node_modules\@ohos\hvigor-arkts-compose\dist\src\data\compose-error.js:1:423)
    at throwErrorIfHasErrorInfo (D:\DevEco Studio\tools\hvigor\hvigor-ohos-plugin\node_modules\@ohos\hvigor-arkts-compose\dist\src\plugins\common-plugin.js:1:4478)
    at Object.handler (D:\DevEco Studio\tools\hvigor\hvigor-ohos-plugin\node_modules\@ohos\hvigor-arkts-compose\dist\src\plugins\common-plugin.js:1:2547)
    at D:\DevEco Studio\tools\hvigor\hvigor-ohos-plugin\node_modules\@ohos\hvigor-arkts-base\node_modules\rollup\dist\shared\rollup.js:27765:40
[2026-04-21T17:31:45.477] [ERROR] debug-file - Error: ArkTS Compiler Error
[31m1 ERROR: [31m10605008 ArkTS Compiler Error
Error Message: Use explicit types instead of "any", "unknown" (arkts-no-any-unknown) At File: C:/Users/lzf/Desktop/health_-service_-kit_-sample-code-master/health_-service_-kit_-sample-code-master/entry/src/main/ets/pages/MainIndex.ets:133:33
[39m
[39m
[31m2 ERROR: [31m10505001 ArkTS Compiler Error
Error Message: ';' expected. At File: C:/Users/lzf/Desktop/health_-service_-kit_-sample-code-master/health_-service_-kit_-sample-code-master/entry/src/main/ets/pages/MainIndex.ets:103:55
[39m
[39m
[31m3 ERROR: [31m10505001 ArkTS Compiler Error
Error Message: Declaration or statement expected. At File: C:/Users/lzf/Desktop/health_-service_-kit_-sample-code-master/health_-service_-kit_-sample-code-master/entry/src/main/ets/pages/MainIndex.ets:112:9
[39m
[39m
[31m4 ERROR: [31m10505001 ArkTS Compiler Error
Error Message: No overload matches this call.
  Overload 1 of 2, '(options?: ColumnOptions): ColumnAttribute', gave the following error.
    Argument of type '{ space: number; align: ItemAlign; }' is not assignable to parameter of type 'ColumnOptions'.
      Object literal may only specify known properties, and 'align' does not exist in type 'ColumnOptions'.
  Overload 2 of 2, '(options?: ColumnOptions | ColumnOptionsV2): ColumnAttribute', gave the following error.
    Argument of type '{ space: number; align: ItemAlign; }' is not assignable to parameter of type 'ColumnOptions | ColumnOptionsV2'.
      Object literal may only specify known properties, and 'align' does not exist in type 'ColumnOptions | ColumnOptionsV2'. At File: C:/Users/lzf/Desktop/health_-service_-kit_-sample-code-master/health_-service_-kit_-sample-code-master/entry/src/main/ets/pages/MainIndex.ets:70:26
[39m
[39m
[31m5 ERROR: [31m10505001 ArkTS Compiler Error
Error Message: Argument of type '{ horizontal: number; vertical: number; }' is not assignable to parameter of type 'Length | Padding | LocalizedPadding'.
  Object literal may only specify known properties, and 'horizontal' does not exist in type 'Resource | Padding | LocalizedPadding'. At File: C:/Users/lzf/Desktop/health_-service_-kit_-sample-code-master/health_-service_-kit_-sample-code-master/entry/src/main/ets/pages/MainIndex.ets:85:20
[39m
[39m
[31m6 ERROR: [31m10505001 ArkTS Compiler Error
Error Message: No overload matches this call.
  Overload 1 of 2, '(options?: ColumnOptions): ColumnAttribute', gave the following error.
    Argument of type '{ space: number; align: ItemAlign; }' is not assignable to parameter of type 'ColumnOptions'.
      Object literal may only specify known properties, and 'align' does not exist in type 'ColumnOptions'.
  Overload 2 of 2, '(options?: ColumnOptions | ColumnOptionsV2): ColumnAttribute', gave the following error.
    Argument of type '{ space: number; align: ItemAlign; }' is not assignable to parameter of type 'ColumnOptions | ColumnOptionsV2'.
      Object literal may only specify known properties, and 'align' does not exist in type 'ColumnOptions | ColumnOptionsV2'. At File: C:/Users/lzf/Desktop/health_-service_-kit_-sample-code-master/health_-service_-kit_-sample-code-master/entry/src/main/ets/pages/MainIndex.ets:103:28
[39m
[39m
[31m7 ERROR: [31m10505001 ArkTS Compiler Error
Error Message: Cannot find name 'flexGrow'. Did you mean the instance member 'this.flexGrow'? At File: C:/Users/lzf/Desktop/health_-service_-kit_-sample-code-master/health_-service_-kit_-sample-code-master/entry/src/main/ets/pages/MainIndex.ets:112:10
[39m
[39m
[31m8 ERROR: [31m10505001 ArkTS Compiler Error
Error Message: No overload matches this call.
  Overload 1 of 2, '(options?: RowOptions): RowAttribute', gave the following error.
    Argument of type '{ space: number; align: ItemAlign; }' is not assignable to parameter of type 'RowOptions'.
      Object literal may only specify known properties, and 'align' does not exist in type 'RowOptions'.
  Overload 2 of 2, '(options?: RowOptions | RowOptionsV2): RowAttribute', gave the following error.
    Argument of type '{ space: number; align: ItemAlign; }' is not assignable to parameter of type 'RowOptions | RowOptionsV2'.
      Object literal may only specify known properties, and 'align' does not exist in type 'RowOptions | RowOptionsV2'. At File: C:/Users/lzf/Desktop/health_-service_-kit_-sample-code-master/health_-service_-kit_-sample-code-master/entry/src/main/ets/pages/MainIndex.ets:132:23
[39m
[39m
[31m9 ERROR: [31m10505001 ArkTS Compiler Error
Error Message: No overload matches this call.
  Overload 1 of 2, '(options?: ColumnOptions): ColumnAttribute', gave the following error.
    Argument of type '{ space: number; align: ItemAlign; }' is not assignable to parameter of type 'ColumnOptions'.
      Object literal may only specify known properties, and 'align' does not exist in type 'ColumnOptions'.
  Overload 2 of 2, '(options?: ColumnOptions | ColumnOptionsV2): ColumnAttribute', gave the following error.
    Argument of type '{ space: number; align: ItemAlign; }' is not assignable to parameter of type 'ColumnOptions | ColumnOptionsV2'.
      Object literal may only specify known properties, and 'align' does not exist in type 'ColumnOptions | ColumnOptionsV2'. At File: C:/Users/lzf/Desktop/health_-service_-kit_-sample-code-master/health_-service_-kit_-sample-code-master/entry/src/main/ets/pages/MainIndex.ets:134:30
[39m
[39m
[31m10 ERROR: [31m10505001 ArkTS Compiler Error
Error Message: No overload matches this call.
  Overload 1 of 2, '(options?: ColumnOptions): ColumnAttribute', gave the following error.
    Argument of type '{ space: number; align: ItemAlign; }' is not assignable to parameter of type 'ColumnOptions'.
      Object literal may only specify known properties, and 'align' does not exist in type 'ColumnOptions'.
  Overload 2 of 2, '(options?: ColumnOptions | ColumnOptionsV2): ColumnAttribute', gave the following error.
    Argument of type '{ space: number; align: ItemAlign; }' is not assignable to parameter of type 'ColumnOptions | ColumnOptionsV2'.
      Object literal may only specify known properties, and 'align' does not exist in type 'ColumnOptions | ColumnOptionsV2'. At File: C:/Users/lzf/Desktop/health_-service_-kit_-sample-code-master/health_-service_-kit_-sample-code-master/entry/src/main/ets/pages/MainIndex.ets:179:26
[39m
[39m
[31m11 ERROR: [31m10505001 ArkTS Compiler Error
Error Message: No overload matches this call.
  Overload 1 of 2, '(value: ScaleOptions): RowAttribute', gave the following error.
    Argument of type '{ duration: number; hover: number; press: number; }' is not assignable to parameter of type 'ScaleOptions'.
      Object literal may only specify known properties, and 'duration' does not exist in type 'ScaleOptions'.
  Overload 2 of 2, '(options: ScaleOptions): RowAttribute', gave the following error.
    Argument of type '{ duration: number; hover: number; press: number; }' is not assignable to parameter of type 'ScaleOptions'.
      Object literal may only specify known properties, and 'duration' does not exist in type 'ScaleOptions'. At File: C:/Users/lzf/Desktop/health_-service_-kit_-sample-code-master/health_-service_-kit_-sample-code-master/entry/src/main/ets/pages/MainIndex.ets:200:14
[39m
[39m
[31m12 ERROR: [31m10905204 ArkTS Compiler Error
Error Message: '['步数', '心率', '睡眠', '卡路里'].forEach((label, index) => {
        let data = ['8753', '72', '7.8h', '365']
        Column({ space: 6, align: ItemAlign.Center }) {
          Text(data[index])
            .fontSize(18)
            .fontWeight(FontWeight.Bold)
            .fontColor(this.isDark ? Color.White : Color.Black)
          Text(label)
            .fontSize(11)
            .fontColor(this.isDark ? '#999' : '#777')
        }
        .flexGrow(1)
        .padding({ vertical: 14 })
      })' does not meet UI component syntax. At File: C:/Users/lzf/Desktop/health_-service_-kit_-sample-code-master/health_-service_-kit_-sample-code-master/entry/src/main/ets/pages/MainIndex.ets:101:7
[39m
[39m
[31m13 ERROR: [31m10903329 ArkTS Compiler Error
Error Message: Unknown resource name 'ic_public_arrow_right'. At File: C:/Users/lzf/Desktop/health_-service_-kit_-sample-code-master/health_-service_-kit_-sample-code-master/entry/src/main/ets/pages/MainIndex.ets:190:16
[39m
[39m
[31mCOMPILE RESULT:FAIL {ERROR:14 WARN:2}[39m
    at runArkPack (D:\DevEco Studio\tools\hvigor\hvigor-ohos-plugin\node_modules\@ohos\hvigor-arkts-compose\dist\src\arkts-pack.js:1:5860)
ArkTSCompilerError: ArkTS Compiler Error
    at throwArkTsCompilerError (D:\DevEco Studio\tools\hvigor\hvigor-ohos-plugin\node_modules\@ohos\hvigor-arkts-compose\dist\src\data\compose-error.js:1:423)
    at throwErrorIfHasErrorInfo (D:\DevEco Studio\tools\hvigor\hvigor-ohos-plugin\node_modules\@ohos\hvigor-arkts-compose\dist\src\plugins\common-plugin.js:1:4478)
    at Object.handler (D:\DevEco Studio\tools\hvigor\hvigor-ohos-plugin\node_modules\@ohos\hvigor-arkts-compose\dist\src\plugins\common-plugin.js:1:2547)
    at D:\DevEco Studio\tools\hvigor\hvigor-ohos-plugin\node_modules\@ohos\hvigor-arkts-base\node_modules\rollup\dist\shared\rollup.js:27765:40
[2026-04-21T17:31:45.487] [ERROR] debug-file - BUILD FAILED in 750 ms 
[2026-04-21T17:31:45.487] [DEBUG] debug-file - There is no need to refresh cache, since the incremental task entry:default@PreBuild is up-to-date.
[2026-04-21T17:31:45.487] [DEBUG] debug-file - Update task entry:default@CreateModuleInfo output file:C:\Users\lzf\Desktop\health_-service_-kit_-sample-code-master\health_-service_-kit_-sample-code-master\entry\build\default\generated\profile\default\ModuleInfo.ts cache.
[2026-04-21T17:31:45.488] [DEBUG] debug-file - Incremental task entry:default@CreateModuleInfo post-execution cost:1 ms .
[2026-04-21T17:31:45.488] [DEBUG] debug-file - There is no need to refresh cache, since the incremental task entry:default@GenerateMetadata is up-to-date.
[2026-04-21T17:31:45.488] [DEBUG] debug-file - There is no need to refresh cache, since the incremental task entry:default@MergeProfile is up-to-date.
[2026-04-21T17:31:45.488] [DEBUG] debug-file - There is no need to refresh cache, since the incremental task entry:default@CreateBuildProfile is up-to-date.
[2026-04-21T17:31:45.489] [DEBUG] debug-file - Update task entry:default@GeneratePkgContextInfo output file:C:\Users\lzf\Desktop\health_-service_-kit_-sample-code-master\health_-service_-kit_-sample-code-master\entry\build\default\intermediates\loader\default\pkgContextInfo.json cache.
[2026-04-21T17:31:45.489] [DEBUG] debug-file - Incremental task entry:default@GeneratePkgContextInfo post-execution cost:1 ms .
[2026-04-21T17:31:45.489] [DEBUG] debug-file - Update task entry:default@ProcessIntegratedHsp output file:C:\Users\lzf\Desktop\health_-service_-kit_-sample-code-master\health_-service_-kit_-sample-code-master\build\cache\default\integrated_hsp\integratedHspCache.json cache.
[2026-04-21T17:31:45.489] [DEBUG] debug-file - Incremental task entry:default@ProcessIntegratedHsp post-execution cost:1 ms .
[2026-04-21T17:31:45.490] [DEBUG] debug-file - There is no need to refresh cache, since the incremental task entry:default@MakePackInfo is up-to-date.
[2026-04-21T17:31:45.490] [DEBUG] debug-file - Update task entry:default@SyscapTransform input file:D:\DevEco Studio\sdk\default\openharmony\toolchains\syscap_tool.exe cache by regenerate.
[2026-04-21T17:31:45.490] [DEBUG] debug-file - Update task entry:default@SyscapTransform input file:D:\DevEco Studio\sdk\default\openharmony\ets\api\device-define cache by regenerate.
[2026-04-21T17:31:45.492] [DEBUG] debug-file - Update task entry:default@SyscapTransform output file:C:\Users\lzf\Desktop\health_-service_-kit_-sample-code-master\health_-service_-kit_-sample-code-master\entry\build\default\intermediates\syscap\default\rpcid.sc cache.
[2026-04-21T17:31:45.492] [DEBUG] debug-file - Incremental task entry:default@SyscapTransform post-execution cost:3 ms .
[2026-04-21T17:31:45.492] [DEBUG] debug-file - There is no need to refresh cache, since the incremental task entry:default@ProcessProfile is up-to-date.
[2026-04-21T17:31:45.492] [DEBUG] debug-file - There is no need to refresh cache, since the incremental task entry:default@ProcessRouterMap is up-to-date.
[2026-04-21T17:31:45.492] [DEBUG] debug-file - There is no need to refresh cache, since the incremental task entry:default@ProcessShareConfig is up-to-date.
[2026-04-21T17:31:45.492] [DEBUG] debug-file - Update task entry:default@ProcessStartupConfig output file:C:\Users\lzf\Desktop\health_-service_-kit_-sample-code-master\health_-service_-kit_-sample-code-master\entry\build\default\intermediates\startup\default\startup_config.json cache.
[2026-04-21T17:31:45.493] [DEBUG] debug-file - Incremental task entry:default@ProcessStartupConfig post-execution cost:1 ms .
[2026-04-21T17:31:45.493] [DEBUG] debug-file - There is no need to refresh cache, since the incremental task entry:default@ProcessResource is up-to-date.
[2026-04-21T17:31:45.493] [DEBUG] debug-file - There is no need to refresh cache, since the incremental task entry:default@GenerateLoaderJson is up-to-date.
[2026-04-21T17:31:45.493] [DEBUG] debug-file - There is no need to refresh cache, since the incremental task entry:default@ProcessLibs is up-to-date.
[2026-04-21T17:31:45.493] [DEBUG] debug-file - There is no need to refresh cache, since the incremental task entry:default@CompileResource is up-to-date.
[2026-04-21T17:31:45.493] [DEBUG] debug-file - There is no need to refresh cache, since the incremental task entry:default@DoNativeStrip is up-to-date.
[2026-04-21T17:31:45.494] [DEBUG] debug-file - Update task entry:default@CompileArkTS input file:C:\Users\lzf\Desktop\health_-service_-kit_-sample-code-master\health_-service_-kit_-sample-code-master\entry\build\default\intermediates\loader\default cache by regenerate.
[2026-04-21T17:31:45.495] [DEBUG] debug-file - Update task entry:default@CompileArkTS input file:C:\Users\lzf\Desktop\health_-service_-kit_-sample-code-master\health_-service_-kit_-sample-code-master\entry\build\default\intermediates\res\default\ResourceTable.txt cache by regenerate.
[2026-04-21T17:31:45.496] [DEBUG] debug-file - Update task entry:default@CompileArkTS input file:C:\Users\lzf\Desktop\health_-service_-kit_-sample-code-master\health_-service_-kit_-sample-code-master\entry\build\default\intermediates\res\default\ark_module.json cache by regenerate.
[2026-04-21T17:31:45.496] [DEBUG] debug-file - Update task entry:default@CompileArkTS input file:C:\Users\lzf\Desktop\health_-service_-kit_-sample-code-master\health_-service_-kit_-sample-code-master\entry\build\default\intermediates\res\default\resources\base\profile cache by regenerate.
[2026-04-21T17:31:45.497] [DEBUG] debug-file - Update task entry:default@CompileArkTS input file:C:\Users\lzf\Desktop\health_-service_-kit_-sample-code-master\health_-service_-kit_-sample-code-master\entry\src\main\ets cache by regenerate.
[2026-04-21T17:31:45.502] [DEBUG] debug-file - Update task entry:default@CompileArkTS input file:C:\Users\lzf\Desktop\health_-service_-kit_-sample-code-master\health_-service_-kit_-sample-code-master\entry\build\default\generated\profile\default\BuildProfile.ets cache by regenerate.
[2026-04-21T17:31:45.503] [DEBUG] debug-file - Update task entry:default@CompileArkTS output file:C:\Users\lzf\Desktop\health_-service_-kit_-sample-code-master\health_-service_-kit_-sample-code-master\entry\build\default\intermediates\loader_out\default\ets cache.
[2026-04-21T17:31:45.503] [DEBUG] debug-file - Incremental task entry:default@CompileArkTS post-execution cost:11 ms .
[2026-04-21T17:31:45.504] [DEBUG] debug-file - Update task entry:default@BuildJS input file:C:\Users\lzf\Desktop\health_-service_-kit_-sample-code-master\health_-service_-kit_-sample-code-master\entry\build\default\intermediates\loader\default cache by regenerate.
[2026-04-21T17:31:45.505] [DEBUG] debug-file - Update task entry:default@BuildJS input file:C:\Users\lzf\Desktop\health_-service_-kit_-sample-code-master\health_-service_-kit_-sample-code-master\entry\build\default\intermediates\res\default\ResourceTable.txt cache by regenerate.
[2026-04-21T17:31:45.505] [DEBUG] debug-file - Update task entry:default@BuildJS input file:C:\Users\lzf\Desktop\health_-service_-kit_-sample-code-master\health_-service_-kit_-sample-code-master\entry\build\default\intermediates\res\default\ark_module.json cache by regenerate.
[2026-04-21T17:31:45.505] [DEBUG] debug-file - Update task entry:default@BuildJS input file:C:\Users\lzf\Desktop\health_-service_-kit_-sample-code-master\health_-service_-kit_-sample-code-master\entry\build\default\intermediates\res\default\resources\base\profile cache by regenerate.
[2026-04-21T17:31:45.505] [DEBUG] debug-file - Update task entry:default@BuildJS output file:C:\Users\lzf\Desktop\health_-service_-kit_-sample-code-master\health_-service_-kit_-sample-code-master\entry\build\default\intermediates\loader_out\default\js cache.
[2026-04-21T17:31:45.506] [DEBUG] debug-file - Incremental task entry:default@BuildJS post-execution cost:3 ms .
[2026-04-21T17:31:45.506] [DEBUG] debug-file - There is no need to refresh cache, since the incremental task entry:default@CacheNativeLibs is up-to-date.
[2026-04-21T17:31:45.527] [DEBUG] debug-file - Cleanup worker 22.
[2026-04-21T17:31:45.527] [DEBUG] debug-file - Worker 22 has been cleaned up.
[2026-04-21T17:31:45.527] [DEBUG] debug-file - Current idle worker size: 1.
[2026-04-21T17:31:45.527] [DEBUG] debug-file - Current resident worker size: 2.
[2026-04-21T17:31:45.528] [DEBUG] debug-file - hvigor build process will be closed.
[2026-04-21T17:31:45.531] [DEBUG] debug-file - worker[22] exits with exit code 1.
[2026-04-21T17:31:45.536] [DEBUG] debug-file - session manager: send message to worker process.
[2026-04-21T17:31:45.537] [DEBUG] debug-file - session manager: send message to worker process.
[2026-04-21T17:31:45.537] [DEBUG] debug-file - watch worker: worker id should be larger than 0. Nothing will be sent to any worker thread.
[2026-04-21T17:31:45.538] [DEBUG] debug-file - watch worker: worker id should be larger than 0. Nothing will be sent to any worker thread.
[2026-04-21T17:34:58.745] [DEBUG] debug-file - session manager: set active socket. socketId=da1kauwa3YulaROnAAAJ
[2026-04-21T17:34:58.753] [DEBUG] debug-file - watch worker: worker id should be larger than 0. Nothing will be sent to any worker thread.
[2026-04-21T17:34:58.757] [DEBUG] debug-file - Workers' log level updated to INFO
[2026-04-21T17:34:58.761] [DEBUG] debug-file - Hvigor init with startParameters:{
  hvigorfileTypeCheck: false,
  parallelExecution: true,
  incrementalExecution: true,
  printStackTrace: false,
  daemon: true,
  analyze: 0,
  logLevel: Level { level: 20000, levelStr: 'INFO', colour: 'green' },
  optimizationStrategy: 'memory',
  hotCompile: undefined,
  hotReloadBuild: undefined,
  customizedParam: undefined
}
[2026-04-21T17:34:58.764] [DEBUG] debug-file - Cache service initialization finished in 4 ms 
[2026-04-21T17:34:58.765] [DEBUG] debug-file - hvigorfile, resolving C:\Users\lzf\Desktop\health_-service_-kit_-sample-code-master\health_-service_-kit_-sample-code-master\hvigorfile.ts
[2026-04-21T17:34:58.776] [DEBUG] debug-file - hvigorfile, require result:  { default: { plugins: [] } }
[2026-04-21T17:34:58.776] [DEBUG] debug-file - hvigorfile, binding system plugins null
[2026-04-21T17:34:58.777] [DEBUG] debug-file - Starting plugin build process
[2026-04-21T17:34:58.777] [DEBUG] debug-file - App plugin prepare start...
[2026-04-21T17:34:58.777] [DEBUG] debug-file - App plugin prepare end...
[2026-04-21T17:34:58.778] [DEBUG] debug-file - App plugin creating...
[2026-04-21T17:34:58.784] [DEBUG] debug-file - App plugin register hook start...
[2026-04-21T17:34:58.784] [DEBUG] debug-file - App plugin register hook end...
[2026-04-21T17:34:58.784] [DEBUG] debug-file - Plugin build process completed
[2026-04-21T17:34:58.784] [DEBUG] debug-file - Start initialize project's product build option map with build mode debug.
[2026-04-21T17:34:58.784] [DEBUG] debug-file - Picking option from product 'default' with build mode 'debug'.
[2026-04-21T17:34:58.785] [DEBUG] debug-file - Product 'default' build option initialized
[2026-04-21T17:34:58.785] [DEBUG] debug-file - End initialize project's product build option map with build mode 'debug'.
[2026-04-21T17:34:58.786] [DEBUG] debug-file - Obtain build option for product 'default'in this build.
[2026-04-21T17:34:58.788] [DEBUG] debug-file - No signingConfig found, initRemoteHspCache failed.
[2026-04-21T17:34:58.792] [DEBUG] debug-file - Start recording SDK configuration permission data.
[2026-04-21T17:34:58.827] [DEBUG] debug-file - Sdk init in 38 ms 
[2026-04-21T17:34:58.831] [DEBUG] debug-file - Project task initialization takes 4 ms 
[2026-04-21T17:34:58.831] [DEBUG] debug-file - hvigorfile, binding custom plugins []
[2026-04-21T17:34:58.831] [DEBUG] debug-file - hvigorfile, no custom plugins were found in C:\Users\lzf\Desktop\health_-service_-kit_-sample-code-master\health_-service_-kit_-sample-code-master\hvigorfile.ts
[2026-04-21T17:34:58.832] [DEBUG] debug-file - hvigorfile, resolve finished C:\Users\lzf\Desktop\health_-service_-kit_-sample-code-master\health_-service_-kit_-sample-code-master\hvigorfile.ts
[2026-04-21T17:34:58.832] [DEBUG] debug-file - hvigorfile, resolving C:\Users\lzf\Desktop\health_-service_-kit_-sample-code-master\health_-service_-kit_-sample-code-master\entry\hvigorfile.ts
[2026-04-21T17:34:58.837] [DEBUG] debug-file - hvigorfile, require result:  { default: { plugins: [] } }
[2026-04-21T17:34:58.838] [DEBUG] debug-file - hvigorfile, binding system plugins null
[2026-04-21T17:34:58.838] [DEBUG] debug-file - Starting plugin build process
[2026-04-21T17:34:58.838] [DEBUG] debug-file - Hap plugin creating...
[2026-04-21T17:34:58.840] [DEBUG] debug-file - failed to load cangjie to dynamically generate schemas: Error: Cannot find module '@ohos/cangjie-build-support/index'
Require stack:
- D:\DevEco Studio\tools\hvigor\hvigor-ohos-plugin\src\plugin\hooks\cangjie-register.js
- D:\DevEco Studio\tools\hvigor\hvigor-ohos-plugin\src\plugin\strategy\stage-init-strategy.js
- D:\DevEco Studio\tools\hvigor\hvigor-ohos-plugin\src\plugin\builder\abstract-plugin-builder.js
- D:\DevEco Studio\tools\hvigor\hvigor-ohos-plugin\src\plugin\builder\app-plugin-builder.js
- D:\DevEco Studio\tools\hvigor\hvigor-ohos-plugin\src\plugin\factory\plugin-factory.js
- D:\DevEco Studio\tools\hvigor\hvigor-ohos-plugin\index.js
- C:\Users\lzf\Desktop\health_-service_-kit_-sample-code-master\health_-service_-kit_-sample-code-master\hvigorfile.ts
- D:\DevEco Studio\tools\hvigor\hvigor\src\base\internal\lifecycle\configuration.js
- D:\DevEco Studio\tools\hvigor\hvigor\src\base\boot\index.js
- D:\DevEco Studio\tools\hvigor\hvigor\src\base\daemon\cluster\worker-process-lifecycle.js
- D:\DevEco Studio\tools\hvigor\hvigor\src\base\daemon\process\daemon-process-boot-script.js
[2026-04-21T17:34:58.843] [DEBUG] debug-file - Start initialize module-target build option map, moduleName=entry, buildMode=debug
[2026-04-21T17:34:58.843] [DEBUG] debug-file - Target 'default' config initialized
[2026-04-21T17:34:58.843] [DEBUG] debug-file - Target 'ohosTest' config initialized
[2026-04-21T17:34:58.843] [DEBUG] debug-file - Module 'entry' target 'default' build option initialized
[2026-04-21T17:34:58.843] [DEBUG] debug-file - Module 'entry' target 'ohosTest' build option initialized
[2026-04-21T17:34:58.843] [DEBUG] debug-file - End initialize module-target build option map, moduleName=entry
[2026-04-21T17:34:58.843] [DEBUG] debug-file - Start initialize module-target build option map, moduleName=entry, buildMode=release
[2026-04-21T17:34:58.843] [DEBUG] debug-file - Target 'default' config initialized
[2026-04-21T17:34:58.843] [DEBUG] debug-file - Target 'ohosTest' config initialized
[2026-04-21T17:34:58.844] [DEBUG] debug-file - Module 'entry' target 'default' build option initialized
[2026-04-21T17:34:58.844] [DEBUG] debug-file - Module 'entry' target 'ohosTest' build option initialized
[2026-04-21T17:34:58.844] [DEBUG] debug-file - End initialize module-target build option map, moduleName=entry
[2026-04-21T17:34:58.844] [DEBUG] debug-file - Start initialize module-target build option map, moduleName=entry, buildMode=debug
[2026-04-21T17:34:58.844] [DEBUG] debug-file - Target 'default' config initialized
[2026-04-21T17:34:58.844] [DEBUG] debug-file - Target 'ohosTest' config initialized
[2026-04-21T17:34:58.844] [DEBUG] debug-file - Module 'entry' target 'default' build option initialized
[2026-04-21T17:34:58.844] [DEBUG] debug-file - Module 'entry' target 'ohosTest' build option initialized
[2026-04-21T17:34:58.844] [DEBUG] debug-file - End initialize module-target build option map, moduleName=entry
[2026-04-21T17:34:58.845] [DEBUG] debug-file - Obtain build option for module 'entry' target 'default'in this build.
[2026-04-21T17:34:58.848] [DEBUG] debug-file - Module entry task initialization takes 3 ms 
[2026-04-21T17:34:58.848] [DEBUG] debug-file - Hap plugin register hook start...
[2026-04-21T17:34:58.848] [DEBUG] debug-file - Hap plugin register hook end...
[2026-04-21T17:34:58.849] [DEBUG] debug-file - Plugin build process completed
[2026-04-21T17:34:58.849] [DEBUG] debug-file - hvigorfile, binding custom plugins []
[2026-04-21T17:34:58.849] [DEBUG] debug-file - hvigorfile, no custom plugins were found in C:\Users\lzf\Desktop\health_-service_-kit_-sample-code-master\health_-service_-kit_-sample-code-master\entry\hvigorfile.ts
[2026-04-21T17:34:58.849] [DEBUG] debug-file - hvigorfile, resolve finished C:\Users\lzf\Desktop\health_-service_-kit_-sample-code-master\health_-service_-kit_-sample-code-master\entry\hvigorfile.ts
[2026-04-21T17:34:58.876] [DEBUG] debug-file - hvigorfile, resolve hvigorfile dependencies in 27 ms 
[2026-04-21T17:34:58.876] [DEBUG] debug-file - project has submodules:entry
[2026-04-21T17:34:58.877] [DEBUG] debug-file - start to load updatedOhPackageInfo to the disk
[2026-04-21T17:34:58.886] [DEBUG] debug-file - load to the disk finished
[2026-04-21T17:34:58.886] [DEBUG] debug-file - Start to initialize dependency information.
[2026-04-21T17:34:58.889] [DEBUG] debug-file - Module health_-service_-kit_-sample-code-master Collected Dependency: 
[2026-04-21T17:34:58.890] [DEBUG] debug-file - Module health_-service_-kit_-sample-code-master's total dependency: 0
[2026-04-21T17:34:58.891] [DEBUG] debug-file - Start to initialize dependency information.
[2026-04-21T17:34:58.893] [DEBUG] debug-file - Module entry Collected Dependency: 
[2026-04-21T17:34:58.893] [DEBUG] debug-file - Module entry's total dependency: 0
[2026-04-21T17:34:58.895] [DEBUG] debug-file - Configuration phase cost:131 ms 
[2026-04-21T17:34:58.896] [DEBUG] debug-file - Configuration task cost before running: 139 ms 
[2026-04-21T17:34:58.900] [DEBUG] debug-file - Executing task :entry:default@PreBuild
[2026-04-21T17:34:58.900] [WARN] debug-file - The project has not explicitly set the 'targetSdkVersion' version at build-profile.json5. It is recommended to configure it. Reference: https://developer.huawei.com/consumer/cn/doc/harmonyos-guides/ide-hvigor-build-profile-app#section45865492619
[2026-04-21T17:34:58.901] [DEBUG] debug-file - Task 'entry:default@PreBuild' cost while wrapping incremental declarations: 1 ms 
[2026-04-21T17:34:58.907] [DEBUG] debug-file - Incremental task entry:default@PreBuild pre-execution cost: 5 ms .
[2026-04-21T17:34:58.908] [DEBUG] debug-file - entry : default@PreBuild cost memory 0.36405181884765625
[2026-04-21T17:34:58.909] [INFO] debug-file - UP-TO-DATE :entry:default@PreBuild...  
[2026-04-21T17:34:58.910] [DEBUG] debug-file - Executing task :entry:default@CreateModuleInfo
[2026-04-21T17:34:58.910] [DEBUG] debug-file - Task 'entry:default@CreateModuleInfo' cost while wrapping incremental declarations: 1 ms 
[2026-04-21T17:34:58.911] [DEBUG] debug-file - entry : default@CreateModuleInfo cost memory 0.04235076904296875
[2026-04-21T17:34:58.911] [DEBUG] debug-file - runTaskFromQueue task cost before running: 154 ms 
[2026-04-21T17:34:58.911] [INFO] debug-file - Finished :entry:default@CreateModuleInfo... after 1 ms 
[2026-04-21T17:34:58.912] [DEBUG] debug-file - Executing task :entry:default@GenerateMetadata
[2026-04-21T17:34:58.913] [DEBUG] debug-file - Task 'entry:default@GenerateMetadata' cost while wrapping incremental declarations: 1 ms 
[2026-04-21T17:34:58.914] [DEBUG] debug-file - Incremental task entry:default@GenerateMetadata pre-execution cost: 1 ms .
[2026-04-21T17:34:58.914] [DEBUG] debug-file - entry : default@GenerateMetadata cost memory 0.08823394775390625
[2026-04-21T17:34:58.914] [INFO] debug-file - UP-TO-DATE :entry:default@GenerateMetadata...  
[2026-04-21T17:34:58.915] [DEBUG] debug-file - Executing task :entry:default@ConfigureCmake
[2026-04-21T17:34:58.915] [DEBUG] debug-file - entry : default@ConfigureCmake cost memory 0.0145721435546875
[2026-04-21T17:34:58.915] [DEBUG] debug-file - runTaskFromQueue task cost before running: 158 ms 
[2026-04-21T17:34:58.915] [INFO] debug-file - Finished :entry:default@ConfigureCmake... after 1 ms 
[2026-04-21T17:34:58.916] [DEBUG] debug-file - Executing task :entry:default@MergeProfile
[2026-04-21T17:34:58.917] [DEBUG] debug-file - Task 'entry:default@MergeProfile' cost while wrapping incremental declarations: 1 ms 
[2026-04-21T17:34:58.918] [DEBUG] debug-file - Incremental task entry:default@MergeProfile pre-execution cost: 2 ms .
[2026-04-21T17:34:58.918] [DEBUG] debug-file - entry : default@MergeProfile cost memory 0.1329345703125
[2026-04-21T17:34:58.919] [INFO] debug-file - UP-TO-DATE :entry:default@MergeProfile...  
[2026-04-21T17:34:58.920] [DEBUG] debug-file - Executing task :entry:default@CreateBuildProfile
[2026-04-21T17:34:58.921] [DEBUG] debug-file - Task 'entry:default@CreateBuildProfile' cost while wrapping incremental declarations: 1 ms 
[2026-04-21T17:34:58.922] [DEBUG] debug-file - Incremental task entry:default@CreateBuildProfile pre-execution cost: 1 ms .
[2026-04-21T17:34:58.922] [DEBUG] debug-file - entry : default@CreateBuildProfile cost memory 0.09674072265625
[2026-04-21T17:34:58.923] [INFO] debug-file - UP-TO-DATE :entry:default@CreateBuildProfile...  
[2026-04-21T17:34:58.924] [DEBUG] debug-file - Executing task :entry:default@PreCheckSyscap
[2026-04-21T17:34:58.925] [DEBUG] debug-file - entry : default@PreCheckSyscap cost memory 0.01479339599609375
[2026-04-21T17:34:58.925] [DEBUG] debug-file - runTaskFromQueue task cost before running: 167 ms 
[2026-04-21T17:34:58.925] [INFO] debug-file - Finished :entry:default@PreCheckSyscap... after 1 ms 
[2026-04-21T17:34:58.926] [DEBUG] debug-file - Executing task :entry:default@GeneratePkgContextInfo
[2026-04-21T17:34:58.930] [DEBUG] debug-file - Task 'entry:default@GeneratePkgContextInfo' cost while wrapping incremental declarations: 1 ms 
[2026-04-21T17:34:58.931] [DEBUG] debug-file - entry : default@GeneratePkgContextInfo cost memory 0.20221710205078125
[2026-04-21T17:34:58.931] [DEBUG] debug-file - runTaskFromQueue task cost before running: 173 ms 
[2026-04-21T17:34:58.931] [INFO] debug-file - Finished :entry:default@GeneratePkgContextInfo... after 5 ms 
[2026-04-21T17:34:58.934] [DEBUG] debug-file - Executing task :entry:default@ProcessIntegratedHsp
[2026-04-21T17:34:58.934] [DEBUG] debug-file - entry:default@ProcessIntegratedHsp is not up-to-date, since the output file 'C:\Users\lzf\Desktop\health_-service_-kit_-sample-code-master\health_-service_-kit_-sample-code-master\build\cache\default\integrated_hsp\integratedHspCache.json' does not exist.
[2026-04-21T17:34:58.934] [DEBUG] debug-file - Incremental task entry:default@ProcessIntegratedHsp pre-execution cost: 1 ms .
[2026-04-21T17:34:58.935] [DEBUG] debug-file - entry : default@ProcessIntegratedHsp cost memory 0.06157684326171875
[2026-04-21T17:34:58.935] [DEBUG] debug-file - runTaskFromQueue task cost before running: 177 ms 
[2026-04-21T17:34:58.935] [INFO] debug-file - Finished :entry:default@ProcessIntegratedHsp... after 1 ms 
[2026-04-21T17:34:58.936] [DEBUG] debug-file - Executing task :entry:default@BuildNativeWithCmake
[2026-04-21T17:34:58.936] [DEBUG] debug-file - entry : default@BuildNativeWithCmake cost memory 0.0145721435546875
[2026-04-21T17:34:58.936] [DEBUG] debug-file - runTaskFromQueue task cost before running: 179 ms 
[2026-04-21T17:34:58.936] [INFO] debug-file - Finished :entry:default@BuildNativeWithCmake... after 1 ms 
[2026-04-21T17:34:58.937] [DEBUG] debug-file - Executing task :entry:default@MakePackInfo
[2026-04-21T17:34:58.939] [DEBUG] debug-file - Incremental task entry:default@MakePackInfo pre-execution cost: 2 ms .
[2026-04-21T17:34:58.939] [DEBUG] debug-file - entry : default@MakePackInfo cost memory 0.11321258544921875
[2026-04-21T17:34:58.939] [INFO] debug-file - UP-TO-DATE :entry:default@MakePackInfo...  
[2026-04-21T17:34:58.941] [DEBUG] debug-file - Executing task :entry:default@SyscapTransform
[2026-04-21T17:34:58.941] [DEBUG] debug-file - File: 'C:\Users\lzf\Desktop\health_-service_-kit_-sample-code-master\health_-service_-kit_-sample-code-master\entry\src\main\syscap.json' from 'sysCapJsonPath' is not exists, just ignore.
[2026-04-21T17:34:58.941] [DEBUG] debug-file - Task 'entry:default@SyscapTransform' cost while wrapping incremental declarations: 1 ms 
[2026-04-21T17:34:58.943] [DEBUG] debug-file - entry:default@SyscapTransform is not up-to-date, since the output file 'C:\Users\lzf\Desktop\health_-service_-kit_-sample-code-master\health_-service_-kit_-sample-code-master\entry\build\default\intermediates\syscap\default\rpcid.sc' does not exist.
[2026-04-21T17:34:58.943] [DEBUG] debug-file - Incremental task entry:default@SyscapTransform pre-execution cost: 2 ms .
[2026-04-21T17:34:58.943] [DEBUG] debug-file - entry : default@SyscapTransform cost memory 0.1448516845703125
[2026-04-21T17:34:58.943] [DEBUG] debug-file - runTaskFromQueue task cost before running: 186 ms 
[2026-04-21T17:34:58.943] [INFO] debug-file - Finished :entry:default@SyscapTransform... after 3 ms 
[2026-04-21T17:34:58.945] [DEBUG] debug-file - Executing task :entry:default@ProcessProfile
[2026-04-21T17:34:58.946] [DEBUG] debug-file - Task 'entry:default@ProcessProfile' cost while wrapping incremental declarations: 1 ms 
[2026-04-21T17:34:58.947] [DEBUG] debug-file - Incremental task entry:default@ProcessProfile pre-execution cost: 1 ms .
[2026-04-21T17:34:58.947] [DEBUG] debug-file - entry : default@ProcessProfile cost memory 0.1287841796875
[2026-04-21T17:34:58.948] [INFO] debug-file - UP-TO-DATE :entry:default@ProcessProfile...  
[2026-04-21T17:34:58.949] [DEBUG] debug-file - Executing task :entry:default@ProcessRouterMap
[2026-04-21T17:34:58.953] [DEBUG] debug-file - Incremental task entry:default@ProcessRouterMap pre-execution cost: 3 ms .
[2026-04-21T17:34:58.953] [DEBUG] debug-file - entry : default@ProcessRouterMap cost memory -1.4173202514648438
[2026-04-21T17:34:58.954] [INFO] debug-file - UP-TO-DATE :entry:default@ProcessRouterMap...  
[2026-04-21T17:34:58.955] [DEBUG] debug-file - Executing task :entry:default@ProcessShareConfig
[2026-04-21T17:34:58.957] [DEBUG] debug-file - Incremental task entry:default@ProcessShareConfig pre-execution cost: 2 ms .
[2026-04-21T17:34:58.957] [DEBUG] debug-file - entry : default@ProcessShareConfig cost memory 0.128997802734375
[2026-04-21T17:34:58.958] [INFO] debug-file - UP-TO-DATE :entry:default@ProcessShareConfig...  
[2026-04-21T17:34:58.959] [DEBUG] debug-file - Executing task :entry:default@ProcessStartupConfig
[2026-04-21T17:34:58.959] [DEBUG] debug-file - Task 'entry:default@ProcessStartupConfig' cost while wrapping incremental declarations: 1 ms 
[2026-04-21T17:34:58.960] [DEBUG] debug-file - entry:default@ProcessStartupConfig is not up-to-date, since the output file 'C:\Users\lzf\Desktop\health_-service_-kit_-sample-code-master\health_-service_-kit_-sample-code-master\entry\build\default\intermediates\startup\default\startup_config.json' does not exist.
[2026-04-21T17:34:58.960] [DEBUG] debug-file - Incremental task entry:default@ProcessStartupConfig pre-execution cost: 1 ms .
[2026-04-21T17:34:58.961] [DEBUG] debug-file - entry : default@ProcessStartupConfig cost memory 0.10842132568359375
[2026-04-21T17:34:58.961] [DEBUG] debug-file - runTaskFromQueue task cost before running: 203 ms 
[2026-04-21T17:34:58.961] [INFO] debug-file - Finished :entry:default@ProcessStartupConfig... after 2 ms 
[2026-04-21T17:34:58.962] [DEBUG] debug-file - Executing task :entry:default@BuildNativeWithNinja
[2026-04-21T17:34:58.963] [DEBUG] debug-file - entry : default@BuildNativeWithNinja cost memory 0.02529144287109375
[2026-04-21T17:34:58.963] [DEBUG] debug-file - runTaskFromQueue task cost before running: 205 ms 
[2026-04-21T17:34:58.963] [INFO] debug-file - Finished :entry:default@BuildNativeWithNinja... after 1 ms 
[2026-04-21T17:34:58.964] [DEBUG] debug-file - restool module names: entry; moduleName=entry, taskName=default@ProcessResource
[2026-04-21T17:34:58.966] [DEBUG] debug-file - Executing task :entry:default@ProcessResource
[2026-04-21T17:34:58.966] [DEBUG] debug-file - Task 'entry:default@ProcessResource' cost while wrapping incremental declarations: 1 ms 
[2026-04-21T17:34:58.967] [DEBUG] debug-file - Incremental task entry:default@ProcessResource pre-execution cost: 1 ms .
[2026-04-21T17:34:58.967] [DEBUG] debug-file - entry : default@ProcessResource cost memory 0.1468658447265625
[2026-04-21T17:34:58.969] [INFO] debug-file - UP-TO-DATE :entry:default@ProcessResource...  
[2026-04-21T17:34:58.971] [DEBUG] debug-file - Executing task :entry:default@GenerateLoaderJson
[2026-04-21T17:34:58.971] [DEBUG] debug-file - Task 'entry:default@GenerateLoaderJson' cost while wrapping incremental declarations: 1 ms 
[2026-04-21T17:34:58.980] [DEBUG] debug-file - Incremental task entry:default@GenerateLoaderJson pre-execution cost: 6 ms .
[2026-04-21T17:34:58.980] [DEBUG] debug-file - entry : default@GenerateLoaderJson cost memory -1.0583267211914062
[2026-04-21T17:34:58.984] [INFO] debug-file - UP-TO-DATE :entry:default@GenerateLoaderJson...  
[2026-04-21T17:34:58.985] [DEBUG] debug-file - Executing task :entry:default@ProcessLibs
[2026-04-21T17:34:58.988] [DEBUG] debug-file - Incremental task entry:default@ProcessLibs pre-execution cost: 2 ms .
[2026-04-21T17:34:58.988] [DEBUG] debug-file - entry : default@ProcessLibs cost memory 0.11931610107421875
[2026-04-21T17:34:58.989] [INFO] debug-file - UP-TO-DATE :entry:default@ProcessLibs...  
[2026-04-21T17:34:58.990] [DEBUG] debug-file - restool module names: entry; moduleName=entry, taskName=default@CompileResource
[2026-04-21T17:34:58.990] [DEBUG] debug-file - Executing task :entry:default@CompileResource
[2026-04-21T17:34:59.000] [DEBUG] debug-file - Incremental task entry:default@CompileResource pre-execution cost: 9 ms .
[2026-04-21T17:34:59.000] [DEBUG] debug-file - entry : default@CompileResource cost memory 0.6659011840820312
[2026-04-21T17:34:59.002] [INFO] debug-file - UP-TO-DATE :entry:default@CompileResource...  
[2026-04-21T17:34:59.003] [DEBUG] debug-file - Executing task :entry:default@DoNativeStrip
[2026-04-21T17:34:59.003] [DEBUG] debug-file - Task 'entry:default@DoNativeStrip' cost while wrapping incremental declarations: 1 ms 
[2026-04-21T17:34:59.005] [DEBUG] debug-file - Incremental task entry:default@DoNativeStrip pre-execution cost: 1 ms .
[2026-04-21T17:34:59.005] [DEBUG] debug-file - entry : default@DoNativeStrip cost memory 0.08196258544921875
[2026-04-21T17:34:59.005] [INFO] debug-file - UP-TO-DATE :entry:default@DoNativeStrip...  
[2026-04-21T17:34:59.006] [DEBUG] debug-file - Executing task :entry:default@CompileArkTS
[2026-04-21T17:34:59.007] [DEBUG] debug-file - obfuscationOptions: undefined
[2026-04-21T17:34:59.009] [DEBUG] debug-file - Task 'entry:default@CompileArkTS' cost while wrapping incremental declarations: 1 ms 
[2026-04-21T17:34:59.020] [DEBUG] debug-file - build config:
[2026-04-21T17:34:59.020] [DEBUG] debug-file - {
  moduleType: 'entry',
  perf: 0,
  targetName: '.default',
  packageManagerType: 'ohpm',
  localPropertiesPath: 'C:\\Users\\lzf\\Desktop\\health_-service_-kit_-sample-code-master\\health_-service_-kit_-sample-code-master\\local.properties',
  isPreview: false,
  isOhosTest: false,
  isLocalTest: false,
  buildMode: 'Debug',
  hotReloadBuild: undefined,
  watchMode: 'false',
  aceProfilePath: 'C:\\Users\\lzf\\Desktop\\health_-service_-kit_-sample-code-master\\health_-service_-kit_-sample-code-master\\entry\\build\\default\\intermediates\\res\\default\\resources\\base\\profile',
  etsLoaderPath: 'D:\\DevEco Studio\\sdk\\default\\openharmony\\ets\\build-tools\\ets-loader',
  modulePath: 'C:\\Users\\lzf\\Desktop\\health_-service_-kit_-sample-code-master\\health_-service_-kit_-sample-code-master\\entry',
  testFrameworkPar: {
    testMode: undefined,
    coveragePathFilter: undefined,
    coverageMode: undefined
  },
  needCoverageInsert: false,
  debugLine: false,
  projectTopDir: 'C:\\Users\\lzf\\Desktop\\health_-service_-kit_-sample-code-master\\health_-service_-kit_-sample-code-master',
  compileSdkVersion: 22,
  compatibleSdkVersion: 12,
  originCompatibleSdkVersion: '5.0.0(12)',
  compatibleSdkVersionStage: 'beta1',
  bundleName: 'c***n',
  etsLoaderVersion: '6.0.2.130',
  etsLoaderReleaseType: 'Release',
  aotCompileMode: 'type',
  apPath: 'C:\\Users\\lzf\\Desktop\\health_-service_-kit_-sample-code-master\\health_-service_-kit_-sample-code-master\\entry\\modules.ap',
  entryModuleName: 'entry',
  entryModuleVersion: '1.0.0',
  entryPackageName: 'entry',
  allModuleNameHash: 'bb6dfe8d2e193c35b0cb6b8a0846875a3be2b3ae6338f35de853e6a29232da55',
  externalApiPaths: [ 'D:\\DevEco Studio\\sdk\\default\\hms\\ets' ],
  compilerTypes: [],
  isCrossplatform: false,
  hvigorPluginFile: undefined,
  compilePluginPath: undefined,
  buildGeneratedProfilePath: 'C:\\Users\\lzf\\Desktop\\health_-service_-kit_-sample-code-master\\health_-service_-kit_-sample-code-master\\entry\\build\\default\\generated\\profile\\default',
  bundleType: 'app',
  arkTSVersion: undefined,
  apiVersion: 22,
  needCompleteSourcesMap: false,
  isFaMode: false,
  buildDir: 'C:\\Users\\lzf\\Desktop\\health_-service_-kit_-sample-code-master\\health_-service_-kit_-sample-code-master\\entry\\build',
  deviceTypes: [ 'phone', 'tablet' ],
  pkgContextInfo: undefined,
  ohPackagePathMap: {},
  dependencyAliasMap: {},
  permission: { requestPermissions: undefined, definePermissions: undefined },
  useGetCurrentBundleName: false,
  projectArkOption: {},
  sourceMapDir: undefined,
  branchElimination: false,
  transformLib: undefined,
  tsImportSendable: false,
  resolveConflictMode: true,
  depName2RootPath: {},
  depName2DepInfo: {},
  rootPathSet: [
    'C:\\Users\\lzf\\Desktop\\health_-service_-kit_-sample-code-master\\health_-service_-kit_-sample-code-master'
  ],
  useNativeResolver: true,
  shouldEmitJs: true,
  useTscResolve: false,
  singleFileEmit: false,
  userProjectConfig: {
    autoLazyImport: false,
    allowEmptyBundleName: false,
    reExportCheckMode: 'noCheck',
    executionMode: 'memory',
    usePathPlaceholder: false,
    writeRollupCache: true,
    isExpandImportEnabled: false,
    expandImportExclude: '',
    lazyImportExclude: '',
    lazyImportInclude: '',
    ignoreCrossplatformCheck: false,
    isHarDeduplicateEnabled: false,
    skipOhModulesLint: false,
    enableStrictCheckOHModule: false,
    disableSendableCheckRules: [],
    useDeclarationFileSignature: false,
    customizedOptions: undefined,
    integratedHsp: false,
    isPreloadSoEnabled: false
  },
  executionMode: 'memory',
  arkCompileCachePath: 'C:\\Users\\lzf\\Desktop\\health_-service_-kit_-sample-code-master\\health_-service_-kit_-sample-code-master\\entry\\build\\default\\cache\\default\\default@CompileArkTS\\esmodule',
  autoLazyFilter: undefined,
  isHarDeduplicateEnabled: false,
  intermediateHarDuplicateDirPath: 'C:\\Users\\lzf\\Desktop\\health_-service_-kit_-sample-code-master\\health_-service_-kit_-sample-code-master\\entry\\build\\default\\intermediates\\har_duplicate\\default',
  autoLazyImport: false,
  allowEmptyBundleName: false,
  reExportCheckMode: 'noCheck',
  usePathPlaceholder: false,
  writeRollupCache: true,
  isExpandImportEnabled: false,
  expandImportExclude: '',
  lazyImportExclude: '',
  lazyImportInclude: '',
  ignoreCrossplatformCheck: false,
  skipOhModulesLint: false,
  enableStrictCheckOHModule: false,
  disableSendableCheckRules: [],
  useDeclarationFileSignature: false,
  customizedOptions: undefined,
  integratedHsp: false,
  isPreloadSoEnabled: false,
  strictMode: undefined,
  useNormalizedOHMUrl: false,
  caseSensitiveCheck: false,
  aceModuleJsonPath: 'C:\\Users\\lzf\\Desktop\\health_-service_-kit_-sample-code-master\\health_-service_-kit_-sample-code-master\\entry\\build\\default\\intermediates\\res\\default\\ark_module.json',
  appResource: 'C:\\Users\\lzf\\Desktop\\health_-service_-kit_-sample-code-master\\health_-service_-kit_-sample-code-master\\entry\\build\\default\\intermediates\\res\\default\\ResourceTable.txt',
  rawFileResource: 'C:\\Users\\lzf\\Desktop\\health_-service_-kit_-sample-code-master\\health_-service_-kit_-sample-code-master\\entry\\build\\default\\intermediates\\res\\default\\resources\\rawfile',
  resourceTableHash: 'fce136b98a333daacd6837dfafa7c58bc85531faa021073e77ebf6d9e051944e',
  runtimeOS: 'HarmonyOS',
  sdkInfo: 'false:22:6.0.2.130:Release',
  aceModuleRoot: 'C:\\Users\\lzf\\Desktop\\health_-service_-kit_-sample-code-master\\health_-service_-kit_-sample-code-master\\entry\\src\\main\\ets',
  compileMode: 'esmodule',
  aceSuperVisualPath: 'C:\\Users\\lzf\\Desktop\\health_-service_-kit_-sample-code-master\\health_-service_-kit_-sample-code-master\\entry\\src\\main\\supervisual',
  aceBuildJson: 'C:\\Users\\lzf\\Desktop\\health_-service_-kit_-sample-code-master\\health_-service_-kit_-sample-code-master\\entry\\build\\default\\intermediates\\loader\\default\\loader.json',
  cachePath: 'C:\\Users\\lzf\\Desktop\\health_-service_-kit_-sample-code-master\\health_-service_-kit_-sample-code-master\\entry\\build\\default\\cache\\default\\default@CompileArkTS\\esmodule\\debug',
  aceModuleBuild: 'C:\\Users\\lzf\\Desktop\\health_-service_-kit_-sample-code-master\\health_-service_-kit_-sample-code-master\\entry\\build\\default\\intermediates\\loader_out\\default\\ets',
  supportChunks: true,
  declaredFilesPath: undefined,
  shouldCollectDirectImportees: false,
  isByteCodeHarOptimize: false,
  expandImportPath: undefined,
  pkgNameToPkgBriefInfo: {
    entry: {
      pkgRoot: 'C:\\Users\\lzf\\Desktop\\health_-service_-kit_-sample-code-master\\health_-service_-kit_-sample-code-master\\entry',
      originalSourceRoots: undefined,
      sourceRoots: [Array],
      pkgName: 'entry'
    }
  },
  projectModel: {
    'C:\\Users\\lzf\\Desktop\\health_-service_-kit_-sample-code-master\\health_-service_-kit_-sample-code-master\\entry\\src\\main': {
      moduleName: 'entry',
      modulePkgPath: 'C:\\Users\\lzf\\Desktop\\health_-service_-kit_-sample-code-master\\health_-service_-kit_-sample-code-master\\entry',
      belongProjectPath: 'C:\\Users\\lzf\\Desktop\\health_-service_-kit_-sample-code-master\\health_-service_-kit_-sample-code-master'
    },
    'C:\\Users\\lzf\\Desktop\\health_-service_-kit_-sample-code-master\\health_-service_-kit_-sample-code-master\\entry\\src\\ohosTest': {
      moduleName: 'entry_test',
      modulePkgPath: 'C:\\Users\\lzf\\Desktop\\health_-service_-kit_-sample-code-master\\health_-service_-kit_-sample-code-master\\entry',
      belongProjectPath: 'C:\\Users\\lzf\\Desktop\\health_-service_-kit_-sample-code-master\\health_-service_-kit_-sample-code-master'
    },
    'C:\\Users\\lzf\\Desktop\\health_-service_-kit_-sample-code-master\\health_-service_-kit_-sample-code-master\\entry': {
      moduleName: 'entry',
      modulePkgPath: 'C:\\Users\\lzf\\Desktop\\health_-service_-kit_-sample-code-master\\health_-service_-kit_-sample-code-master\\entry',
      belongProjectPath: 'C:\\Users\\lzf\\Desktop\\health_-service_-kit_-sample-code-master\\health_-service_-kit_-sample-code-master'
    },
    'C:\\Users\\lzf\\Desktop\\health_-service_-kit_-sample-code-master\\health_-service_-kit_-sample-code-master': {
      moduleName: 'health_-service_-kit_-sample-code-master',
      modulePkgPath: 'C:\\Users\\lzf\\Desktop\\health_-service_-kit_-sample-code-master\\health_-service_-kit_-sample-code-master',
      belongProjectPath: 'C:\\Users\\lzf\\Desktop\\health_-service_-kit_-sample-code-master\\health_-service_-kit_-sample-code-master'
    }
  },
  pkgJsonFileHash: '53c3da6ecb1d24a3ad581eea1fadab6cbeeaa772966670d8effc1efcec277957',
  allModulePaths: [
    'C:\\Users\\lzf\\Desktop\\health_-service_-kit_-sample-code-master\\health_-service_-kit_-sample-code-master\\entry'
  ],
  routerMap: {},
  obfuscationOptions: undefined,
  byteCodeHarToDependencyKeys: undefined,
  compileBlockPkg: [],
  mockParams: {
    decorator: '@MockSetup',
    packageName: '@ohos/hamock',
    etsSourceRootPath: 'src/main/ets',
    mockConfigPath: undefined,
    mockConfigKey2ModuleInfo: {},
    source2ModuleIdMap: {}
  },
  copyCodeResourceEnable: true,
  copyCodeResourceExcludes: [],
  copyCodeResourceIncludes: undefined,
  uiTransformOptimization: false,
  sdkPath: 'D:/DevEco Studio/sdk',
  needPreloadSoFileSet: {},
  preloadSoFilePath: 'C:\\Users\\lzf\\Desktop\\health_-service_-kit_-sample-code-master\\health_-service_-kit_-sample-code-master\\entry\\build\\default\\intermediates\\preload\\default\\preload.json',
  useSourceHash: false,
  localModuleParamMap: {},
  otherPaths: {
    'entry/*': [
      '..\\*',
      '..\\..\\..\\build\\default\\generated\\profile\\default\\*'
    ]
  },
  collectImportersConfig: undefined
}
[2026-04-21T17:34:59.020] [DEBUG] debug-file - Compile arkts with external api path: D:\DevEco Studio\sdk\default\hms\ets
[2026-04-21T17:34:59.022] [DEBUG] debug-file - default@CompileArkTS work[7] is submitted.
[2026-04-21T17:34:59.022] [DEBUG] debug-file - default@CompileArkTS work[7] is pushed to ready queue.
[2026-04-21T17:34:59.022] [DEBUG] debug-file - A work dispatched to worker[23] failed because unable to get work from ready queue.
[2026-04-21T17:34:59.022] [DEBUG] debug-file - A work dispatched to worker[22] failed because unable to get work from ready queue.
[2026-04-21T17:34:59.022] [DEBUG] debug-file - A work dispatched to worker[21] failed because unable to get work from ready queue.
[2026-04-21T17:34:59.022] [DEBUG] debug-file - A work dispatched to worker[20] failed because unable to get work from ready queue.
[2026-04-21T17:34:59.022] [DEBUG] debug-file - A work dispatched to worker[19] failed because unable to get work from ready queue.
[2026-04-21T17:34:59.022] [DEBUG] debug-file - A work dispatched to worker[18] failed because unable to get work from ready queue.
[2026-04-21T17:34:59.023] [DEBUG] debug-file - A work dispatched to worker[17] failed because unable to get work from ready queue.
[2026-04-21T17:34:59.023] [DEBUG] debug-file - A work dispatched to worker[16] failed because unable to get work from ready queue.
[2026-04-21T17:34:59.023] [DEBUG] debug-file - A work dispatched to worker[15] failed because unable to get work from ready queue.
[2026-04-21T17:34:59.023] [DEBUG] debug-file - A work dispatched to worker[14] failed because unable to get work from ready queue.
[2026-04-21T17:34:59.023] [DEBUG] debug-file - A work dispatched to worker[13] failed because unable to get work from ready queue.
[2026-04-21T17:34:59.023] [DEBUG] debug-file - A work dispatched to worker[12] failed because unable to get work from ready queue.
[2026-04-21T17:34:59.023] [DEBUG] debug-file - A work dispatched to worker[11] failed because unable to get work from ready queue.
[2026-04-21T17:34:59.023] [DEBUG] debug-file - A work dispatched to worker[10] failed because unable to get work from ready queue.
[2026-04-21T17:34:59.023] [DEBUG] debug-file - A work dispatched to worker[9] failed because unable to get work from ready queue.
[2026-04-21T17:34:59.023] [DEBUG] debug-file - A work dispatched to worker[8] failed because unable to get work from ready queue.
[2026-04-21T17:34:59.023] [DEBUG] debug-file - A work dispatched to worker[7] failed because unable to get work from ready queue.
[2026-04-21T17:34:59.023] [DEBUG] debug-file - A work dispatched to worker[6] failed because unable to get work from ready queue.
[2026-04-21T17:34:59.023] [DEBUG] debug-file - A work dispatched to worker[5] failed because unable to get work from ready queue.
[2026-04-21T17:34:59.023] [DEBUG] debug-file - default@CompileArkTS work[7] has been dispatched to worker[4].
[2026-04-21T17:34:59.023] [DEBUG] debug-file - default@CompileArkTS work[7] is dispatched.
[2026-04-21T17:34:59.023] [DEBUG] debug-file - CopyResources startTime: 3743168832700
[2026-04-21T17:34:59.023] [DEBUG] debug-file - default@CompileArkTS work[8] is submitted.
[2026-04-21T17:34:59.024] [DEBUG] debug-file - default@CompileArkTS work[8] is pushed to ready queue.
[2026-04-21T17:34:59.024] [DEBUG] debug-file - A work dispatched to worker[23] failed because unable to get work from ready queue.
[2026-04-21T17:34:59.024] [DEBUG] debug-file - Create  resident worker with id: 22.
[2026-04-21T17:34:59.025] [DEBUG] debug-file - default@CompileArkTS work[8] has been dispatched to worker[22].
[2026-04-21T17:34:59.025] [DEBUG] debug-file - default@CompileArkTS work[8] is dispatched.
[2026-04-21T17:34:59.025] [DEBUG] debug-file - entry : default@CompileArkTS cost memory -0.35707855224609375
[2026-04-21T17:34:59.027] [DEBUG] debug-file - Executing task :entry:default@BuildJS
[2026-04-21T17:34:59.027] [DEBUG] debug-file - Task 'entry:default@BuildJS' cost while wrapping incremental declarations: 1 ms 
[2026-04-21T17:34:59.030] [DEBUG] debug-file - entry : default@BuildJS cost memory 0.16857147216796875
[2026-04-21T17:34:59.030] [DEBUG] debug-file - runTaskFromQueue task cost before running: 273 ms 
[2026-04-21T17:34:59.030] [INFO] debug-file - Finished :entry:default@BuildJS... after 4 ms 
[2026-04-21T17:34:59.032] [DEBUG] debug-file - Executing task :entry:default@CacheNativeLibs
[2026-04-21T17:34:59.033] [DEBUG] debug-file - Task 'entry:default@CacheNativeLibs' cost while wrapping incremental declarations: 1 ms 
[2026-04-21T17:34:59.034] [DEBUG] debug-file - Incremental task entry:default@CacheNativeLibs pre-execution cost: 2 ms .
[2026-04-21T17:34:59.035] [DEBUG] debug-file - entry : default@CacheNativeLibs cost memory 0.1013336181640625
[2026-04-21T17:34:59.036] [INFO] debug-file - UP-TO-DATE :entry:default@CacheNativeLibs...  
[2026-04-21T17:34:59.891] [DEBUG] debug-file - Ark compile task finished.finished time is 3744036212200
[2026-04-21T17:34:59.891] [DEBUG] debug-file - worker[4] has one work error.
[2026-04-21T17:34:59.891] [DEBUG] debug-file - default@CompileArkTS work[7] failed.
[2026-04-21T17:34:59.891] [ERROR] debug-file - Failed :entry:default@CompileArkTS... 
[2026-04-21T17:34:59.891] [WARN] debug-file - 
[33m1 WARN: [33m[33mArkTS:WARN File: C:/Users/lzf/Desktop/health_-service_-kit_-sample-code-master/health_-service_-kit_-sample-code-master/entry/src/main/ets/pages/AuthIndex.ets:19:48
 'getContext' has been deprecated.
[39m[39m
[2026-04-21T17:34:59.891] [DEBUG] debug-file - hvigor build process will be closed with an error.
[2026-04-21T17:34:59.892] [DEBUG] debug-file - ERROR: stacktrace = Error: ArkTS Compiler Error
[31m1 ERROR: [31m10505001 ArkTS Compiler Error
Error Message: No overload matches this call.
  Overload 1 of 2, '(options?: ColumnOptions): ColumnAttribute', gave the following error.
    Argument of type '{ space: number; align: ItemAlign; }' is not assignable to parameter of type 'ColumnOptions'.
      Object literal may only specify known properties, and 'align' does not exist in type 'ColumnOptions'.
  Overload 2 of 2, '(options?: ColumnOptions | ColumnOptionsV2): ColumnAttribute', gave the following error.
    Argument of type '{ space: number; align: ItemAlign; }' is not assignable to parameter of type 'ColumnOptions | ColumnOptionsV2'.
      Object literal may only specify known properties, and 'align' does not exist in type 'ColumnOptions | ColumnOptionsV2'. At File: C:/Users/lzf/Desktop/health_-service_-kit_-sample-code-master/health_-service_-kit_-sample-code-master/entry/src/main/ets/pages/MainIndex.ets:70:26
[39m
[39m
[31m2 ERROR: [31m10505001 ArkTS Compiler Error
Error Message: Argument of type '{ horizontal: number; vertical: number; }' is not assignable to parameter of type 'Length | Padding | LocalizedPadding'.
  Object literal may only specify known properties, and 'horizontal' does not exist in type 'Resource | Padding | LocalizedPadding'. At File: C:/Users/lzf/Desktop/health_-service_-kit_-sample-code-master/health_-service_-kit_-sample-code-master/entry/src/main/ets/pages/MainIndex.ets:85:20
[39m
[39m
[31m3 ERROR: [31m10505001 ArkTS Compiler Error
Error Message: No overload matches this call.
  Overload 1 of 2, '(options?: ColumnOptions): ColumnAttribute', gave the following error.
    Argument of type '{ space: number; align: ItemAlign; }' is not assignable to parameter of type 'ColumnOptions'.
      Object literal may only specify known properties, and 'align' does not exist in type 'ColumnOptions'.
  Overload 2 of 2, '(options?: ColumnOptions | ColumnOptionsV2): ColumnAttribute', gave the following error.
    Argument of type '{ space: number; align: ItemAlign; }' is not assignable to parameter of type 'ColumnOptions | ColumnOptionsV2'.
      Object literal may only specify known properties, and 'align' does not exist in type 'ColumnOptions | ColumnOptionsV2'. At File: C:/Users/lzf/Desktop/health_-service_-kit_-sample-code-master/health_-service_-kit_-sample-code-master/entry/src/main/ets/pages/MainIndex.ets:101:26
[39m
[39m
[31m4 ERROR: [31m10505001 ArkTS Compiler Error
Error Message: Argument of type '{ vertical: number; }' is not assignable to parameter of type 'Length | Padding | LocalizedPadding'.
  Object literal may only specify known properties, and 'vertical' does not exist in type 'Resource | Padding | LocalizedPadding'. At File: C:/Users/lzf/Desktop/health_-service_-kit_-sample-code-master/health_-service_-kit_-sample-code-master/entry/src/main/ets/pages/MainIndex.ets:111:18
[39m
[39m
[31m5 ERROR: [31m10505001 ArkTS Compiler Error
Error Message: No overload matches this call.
  Overload 1 of 2, '(options?: ColumnOptions): ColumnAttribute', gave the following error.
    Argument of type '{ space: number; align: ItemAlign; }' is not assignable to parameter of type 'ColumnOptions'.
      Object literal may only specify known properties, and 'align' does not exist in type 'ColumnOptions'.
  Overload 2 of 2, '(options?: ColumnOptions | ColumnOptionsV2): ColumnAttribute', gave the following error.
    Argument of type '{ space: number; align: ItemAlign; }' is not assignable to parameter of type 'ColumnOptions | ColumnOptionsV2'.
      Object literal may only specify known properties, and 'align' does not exist in type 'ColumnOptions | ColumnOptionsV2'. At File: C:/Users/lzf/Desktop/health_-service_-kit_-sample-code-master/health_-service_-kit_-sample-code-master/entry/src/main/ets/pages/MainIndex.ets:113:26
[39m
[39m
[31m6 ERROR: [31m10505001 ArkTS Compiler Error
Error Message: Argument of type '{ vertical: number; }' is not assignable to parameter of type 'Length | Padding | LocalizedPadding'.
  Object literal may only specify known properties, and 'vertical' does not exist in type 'Resource | Padding | LocalizedPadding'. At File: C:/Users/lzf/Desktop/health_-service_-kit_-sample-code-master/health_-service_-kit_-sample-code-master/entry/src/main/ets/pages/MainIndex.ets:123:18
[39m
[39m
[31m7 ERROR: [31m10505001 ArkTS Compiler Error
Error Message: No overload matches this call.
  Overload 1 of 2, '(options?: ColumnOptions): ColumnAttribute', gave the following error.
    Argument of type '{ space: number; align: ItemAlign; }' is not assignable to parameter of type 'ColumnOptions'.
      Object literal may only specify known properties, and 'align' does not exist in type 'ColumnOptions'.
  Overload 2 of 2, '(options?: ColumnOptions | ColumnOptionsV2): ColumnAttribute', gave the following error.
    Argument of type '{ space: number; align: ItemAlign; }' is not assignable to parameter of type 'ColumnOptions | ColumnOptionsV2'.
      Object literal may only specify known properties, and 'align' does not exist in type 'ColumnOptions | ColumnOptionsV2'. At File: C:/Users/lzf/Desktop/health_-service_-kit_-sample-code-master/health_-service_-kit_-sample-code-master/entry/src/main/ets/pages/MainIndex.ets:125:26
[39m
[39m
[31m8 ERROR: [31m10505001 ArkTS Compiler Error
Error Message: Argument of type '{ vertical: number; }' is not assignable to parameter of type 'Length | Padding | LocalizedPadding'.
  Object literal may only specify known properties, and 'vertical' does not exist in type 'Resource | Padding | LocalizedPadding'. At File: C:/Users/lzf/Desktop/health_-service_-kit_-sample-code-master/health_-service_-kit_-sample-code-master/entry/src/main/ets/pages/MainIndex.ets:135:18
[39m
[39m
[31m9 ERROR: [31m10505001 ArkTS Compiler Error
Error Message: No overload matches this call.
  Overload 1 of 2, '(options?: ColumnOptions): ColumnAttribute', gave the following error.
    Argument of type '{ space: number; align: ItemAlign; }' is not assignable to parameter of type 'ColumnOptions'.
      Object literal may only specify known properties, and 'align' does not exist in type 'ColumnOptions'.
  Overload 2 of 2, '(options?: ColumnOptions | ColumnOptionsV2): ColumnAttribute', gave the following error.
    Argument of type '{ space: number; align: ItemAlign; }' is not assignable to parameter of type 'ColumnOptions | ColumnOptionsV2'.
      Object literal may only specify known properties, and 'align' does not exist in type 'ColumnOptions | ColumnOptionsV2'. At File: C:/Users/lzf/Desktop/health_-service_-kit_-sample-code-master/health_-service_-kit_-sample-code-master/entry/src/main/ets/pages/MainIndex.ets:137:26
[39m
[39m
[31m10 ERROR: [31m10505001 ArkTS Compiler Error
Error Message: Argument of type '{ vertical: number; }' is not assignable to parameter of type 'Length | Padding | LocalizedPadding'.
  Object literal may only specify known properties, and 'vertical' does not exist in type 'Resource | Padding | LocalizedPadding'. At File: C:/Users/lzf/Desktop/health_-service_-kit_-sample-code-master/health_-service_-kit_-sample-code-master/entry/src/main/ets/pages/MainIndex.ets:147:18
[39m
[39m
[31m11 ERROR: [31m10505001 ArkTS Compiler Error
Error Message: No overload matches this call.
  Overload 1 of 2, '(options?: RowOptions): RowAttribute', gave the following error.
    Argument of type '{ space: number; align: ItemAlign; }' is not assignable to parameter of type 'RowOptions'.
      Object literal may only specify known properties, and 'align' does not exist in type 'RowOptions'.
  Overload 2 of 2, '(options?: RowOptions | RowOptionsV2): RowAttribute', gave the following error.
    Argument of type '{ space: number; align: ItemAlign; }' is not assignable to parameter of type 'RowOptions | RowOptionsV2'.
      Object literal may only specify known properties, and 'align' does not exist in type 'RowOptions | RowOptionsV2'. At File: C:/Users/lzf/Desktop/health_-service_-kit_-sample-code-master/health_-service_-kit_-sample-code-master/entry/src/main/ets/pages/MainIndex.ets:165:23
[39m
[39m
[31m12 ERROR: [31m10505001 ArkTS Compiler Error
Error Message: No overload matches this call.
  Overload 1 of 2, '(options?: ColumnOptions): ColumnAttribute', gave the following error.
    Argument of type '{ space: number; align: ItemAlign; }' is not assignable to parameter of type 'ColumnOptions'.
      Object literal may only specify known properties, and 'align' does not exist in type 'ColumnOptions'.
  Overload 2 of 2, '(options?: ColumnOptions | ColumnOptionsV2): ColumnAttribute', gave the following error.
    Argument of type '{ space: number; align: ItemAlign; }' is not assignable to parameter of type 'ColumnOptions | ColumnOptionsV2'.
      Object literal may only specify known properties, and 'align' does not exist in type 'ColumnOptions | ColumnOptionsV2'. At File: C:/Users/lzf/Desktop/health_-service_-kit_-sample-code-master/health_-service_-kit_-sample-code-master/entry/src/main/ets/pages/MainIndex.ets:167:30
[39m
[39m
[31m13 ERROR: [31m10505001 ArkTS Compiler Error
Error Message: No overload matches this call.
  Overload 1 of 2, '(options?: ColumnOptions): ColumnAttribute', gave the following error.
    Argument of type '{ space: number; align: ItemAlign; }' is not assignable to parameter of type 'ColumnOptions'.
      Object literal may only specify known properties, and 'align' does not exist in type 'ColumnOptions'.
  Overload 2 of 2, '(options?: ColumnOptions | ColumnOptionsV2): ColumnAttribute', gave the following error.
    Argument of type '{ space: number; align: ItemAlign; }' is not assignable to parameter of type 'ColumnOptions | ColumnOptionsV2'.
      Object literal may only specify known properties, and 'align' does not exist in type 'ColumnOptions | ColumnOptionsV2'. At File: C:/Users/lzf/Desktop/health_-service_-kit_-sample-code-master/health_-service_-kit_-sample-code-master/entry/src/main/ets/pages/MainIndex.ets:212:26
[39m
[39m
[31mCOMPILE RESULT:FAIL {ERROR:14 WARN:1}[39m
    at runArkPack (D:\DevEco Studio\tools\hvigor\hvigor-ohos-plugin\node_modules\@ohos\hvigor-arkts-compose\dist\src\arkts-pack.js:1:5860)
ArkTSCompilerError: ArkTS Compiler Error
    at throwArkTsCompilerError (D:\DevEco Studio\tools\hvigor\hvigor-ohos-plugin\node_modules\@ohos\hvigor-arkts-compose\dist\src\data\compose-error.js:1:423)
    at throwErrorIfHasErrorInfo (D:\DevEco Studio\tools\hvigor\hvigor-ohos-plugin\node_modules\@ohos\hvigor-arkts-compose\dist\src\plugins\common-plugin.js:1:4478)
    at Object.handler (D:\DevEco Studio\tools\hvigor\hvigor-ohos-plugin\node_modules\@ohos\hvigor-arkts-compose\dist\src\plugins\common-plugin.js:1:2547)
    at D:\DevEco Studio\tools\hvigor\hvigor-ohos-plugin\node_modules\@ohos\hvigor-arkts-base\node_modules\rollup\dist\shared\rollup.js:27765:40
[2026-04-21T17:34:59.892] [ERROR] debug-file - Error: ArkTS Compiler Error
[31m1 ERROR: [31m10505001 ArkTS Compiler Error
Error Message: No overload matches this call.
  Overload 1 of 2, '(options?: ColumnOptions): ColumnAttribute', gave the following error.
    Argument of type '{ space: number; align: ItemAlign; }' is not assignable to parameter of type 'ColumnOptions'.
      Object literal may only specify known properties, and 'align' does not exist in type 'ColumnOptions'.
  Overload 2 of 2, '(options?: ColumnOptions | ColumnOptionsV2): ColumnAttribute', gave the following error.
    Argument of type '{ space: number; align: ItemAlign; }' is not assignable to parameter of type 'ColumnOptions | ColumnOptionsV2'.
      Object literal may only specify known properties, and 'align' does not exist in type 'ColumnOptions | ColumnOptionsV2'. At File: C:/Users/lzf/Desktop/health_-service_-kit_-sample-code-master/health_-service_-kit_-sample-code-master/entry/src/main/ets/pages/MainIndex.ets:70:26
[39m
[39m
[31m2 ERROR: [31m10505001 ArkTS Compiler Error
Error Message: Argument of type '{ horizontal: number; vertical: number; }' is not assignable to parameter of type 'Length | Padding | LocalizedPadding'.
  Object literal may only specify known properties, and 'horizontal' does not exist in type 'Resource | Padding | LocalizedPadding'. At File: C:/Users/lzf/Desktop/health_-service_-kit_-sample-code-master/health_-service_-kit_-sample-code-master/entry/src/main/ets/pages/MainIndex.ets:85:20
[39m
[39m
[31m3 ERROR: [31m10505001 ArkTS Compiler Error
Error Message: No overload matches this call.
  Overload 1 of 2, '(options?: ColumnOptions): ColumnAttribute', gave the following error.
    Argument of type '{ space: number; align: ItemAlign; }' is not assignable to parameter of type 'ColumnOptions'.
      Object literal may only specify known properties, and 'align' does not exist in type 'ColumnOptions'.
  Overload 2 of 2, '(options?: ColumnOptions | ColumnOptionsV2): ColumnAttribute', gave the following error.
    Argument of type '{ space: number; align: ItemAlign; }' is not assignable to parameter of type 'ColumnOptions | ColumnOptionsV2'.
      Object literal may only specify known properties, and 'align' does not exist in type 'ColumnOptions | ColumnOptionsV2'. At File: C:/Users/lzf/Desktop/health_-service_-kit_-sample-code-master/health_-service_-kit_-sample-code-master/entry/src/main/ets/pages/MainIndex.ets:101:26
[39m
[39m
[31m4 ERROR: [31m10505001 ArkTS Compiler Error
Error Message: Argument of type '{ vertical: number; }' is not assignable to parameter of type 'Length | Padding | LocalizedPadding'.
  Object literal may only specify known properties, and 'vertical' does not exist in type 'Resource | Padding | LocalizedPadding'. At File: C:/Users/lzf/Desktop/health_-service_-kit_-sample-code-master/health_-service_-kit_-sample-code-master/entry/src/main/ets/pages/MainIndex.ets:111:18
[39m
[39m
[31m5 ERROR: [31m10505001 ArkTS Compiler Error
Error Message: No overload matches this call.
  Overload 1 of 2, '(options?: ColumnOptions): ColumnAttribute', gave the following error.
    Argument of type '{ space: number; align: ItemAlign; }' is not assignable to parameter of type 'ColumnOptions'.
      Object literal may only specify known properties, and 'align' does not exist in type 'ColumnOptions'.
  Overload 2 of 2, '(options?: ColumnOptions | ColumnOptionsV2): ColumnAttribute', gave the following error.
    Argument of type '{ space: number; align: ItemAlign; }' is not assignable to parameter of type 'ColumnOptions | ColumnOptionsV2'.
      Object literal may only specify known properties, and 'align' does not exist in type 'ColumnOptions | ColumnOptionsV2'. At File: C:/Users/lzf/Desktop/health_-service_-kit_-sample-code-master/health_-service_-kit_-sample-code-master/entry/src/main/ets/pages/MainIndex.ets:113:26
[39m
[39m
[31m6 ERROR: [31m10505001 ArkTS Compiler Error
Error Message: Argument of type '{ vertical: number; }' is not assignable to parameter of type 'Length | Padding | LocalizedPadding'.
  Object literal may only specify known properties, and 'vertical' does not exist in type 'Resource | Padding | LocalizedPadding'. At File: C:/Users/lzf/Desktop/health_-service_-kit_-sample-code-master/health_-service_-kit_-sample-code-master/entry/src/main/ets/pages/MainIndex.ets:123:18
[39m
[39m
[31m7 ERROR: [31m10505001 ArkTS Compiler Error
Error Message: No overload matches this call.
  Overload 1 of 2, '(options?: ColumnOptions): ColumnAttribute', gave the following error.
    Argument of type '{ space: number; align: ItemAlign; }' is not assignable to parameter of type 'ColumnOptions'.
      Object literal may only specify known properties, and 'align' does not exist in type 'ColumnOptions'.
  Overload 2 of 2, '(options?: ColumnOptions | ColumnOptionsV2): ColumnAttribute', gave the following error.
    Argument of type '{ space: number; align: ItemAlign; }' is not assignable to parameter of type 'ColumnOptions | ColumnOptionsV2'.
      Object literal may only specify known properties, and 'align' does not exist in type 'ColumnOptions | ColumnOptionsV2'. At File: C:/Users/lzf/Desktop/health_-service_-kit_-sample-code-master/health_-service_-kit_-sample-code-master/entry/src/main/ets/pages/MainIndex.ets:125:26
[39m
[39m
[31m8 ERROR: [31m10505001 ArkTS Compiler Error
Error Message: Argument of type '{ vertical: number; }' is not assignable to parameter of type 'Length | Padding | LocalizedPadding'.
  Object literal may only specify known properties, and 'vertical' does not exist in type 'Resource | Padding | LocalizedPadding'. At File: C:/Users/lzf/Desktop/health_-service_-kit_-sample-code-master/health_-service_-kit_-sample-code-master/entry/src/main/ets/pages/MainIndex.ets:135:18
[39m
[39m
[31m9 ERROR: [31m10505001 ArkTS Compiler Error
Error Message: No overload matches this call.
  Overload 1 of 2, '(options?: ColumnOptions): ColumnAttribute', gave the following error.
    Argument of type '{ space: number; align: ItemAlign; }' is not assignable to parameter of type 'ColumnOptions'.
      Object literal may only specify known properties, and 'align' does not exist in type 'ColumnOptions'.
  Overload 2 of 2, '(options?: ColumnOptions | ColumnOptionsV2): ColumnAttribute', gave the following error.
    Argument of type '{ space: number; align: ItemAlign; }' is not assignable to parameter of type 'ColumnOptions | ColumnOptionsV2'.
      Object literal may only specify known properties, and 'align' does not exist in type 'ColumnOptions | ColumnOptionsV2'. At File: C:/Users/lzf/Desktop/health_-service_-kit_-sample-code-master/health_-service_-kit_-sample-code-master/entry/src/main/ets/pages/MainIndex.ets:137:26
[39m
[39m
[31m10 ERROR: [31m10505001 ArkTS Compiler Error
Error Message: Argument of type '{ vertical: number; }' is not assignable to parameter of type 'Length | Padding | LocalizedPadding'.
  Object literal may only specify known properties, and 'vertical' does not exist in type 'Resource | Padding | LocalizedPadding'. At File: C:/Users/lzf/Desktop/health_-service_-kit_-sample-code-master/health_-service_-kit_-sample-code-master/entry/src/main/ets/pages/MainIndex.ets:147:18
[39m
[39m
[31m11 ERROR: [31m10505001 ArkTS Compiler Error
Error Message: No overload matches this call.
  Overload 1 of 2, '(options?: RowOptions): RowAttribute', gave the following error.
    Argument of type '{ space: number; align: ItemAlign; }' is not assignable to parameter of type 'RowOptions'.
      Object literal may only specify known properties, and 'align' does not exist in type 'RowOptions'.
  Overload 2 of 2, '(options?: RowOptions | RowOptionsV2): RowAttribute', gave the following error.
    Argument of type '{ space: number; align: ItemAlign; }' is not assignable to parameter of type 'RowOptions | RowOptionsV2'.
      Object literal may only specify known properties, and 'align' does not exist in type 'RowOptions | RowOptionsV2'. At File: C:/Users/lzf/Desktop/health_-service_-kit_-sample-code-master/health_-service_-kit_-sample-code-master/entry/src/main/ets/pages/MainIndex.ets:165:23
[39m
[39m
[31m12 ERROR: [31m10505001 ArkTS Compiler Error
Error Message: No overload matches this call.
  Overload 1 of 2, '(options?: ColumnOptions): ColumnAttribute', gave the following error.
    Argument of type '{ space: number; align: ItemAlign; }' is not assignable to parameter of type 'ColumnOptions'.
      Object literal may only specify known properties, and 'align' does not exist in type 'ColumnOptions'.
  Overload 2 of 2, '(options?: ColumnOptions | ColumnOptionsV2): ColumnAttribute', gave the following error.
    Argument of type '{ space: number; align: ItemAlign; }' is not assignable to parameter of type 'ColumnOptions | ColumnOptionsV2'.
      Object literal may only specify known properties, and 'align' does not exist in type 'ColumnOptions | ColumnOptionsV2'. At File: C:/Users/lzf/Desktop/health_-service_-kit_-sample-code-master/health_-service_-kit_-sample-code-master/entry/src/main/ets/pages/MainIndex.ets:167:30
[39m
[39m
[31m13 ERROR: [31m10505001 ArkTS Compiler Error
Error Message: No overload matches this call.
  Overload 1 of 2, '(options?: ColumnOptions): ColumnAttribute', gave the following error.
    Argument of type '{ space: number; align: ItemAlign; }' is not assignable to parameter of type 'ColumnOptions'.
      Object literal may only specify known properties, and 'align' does not exist in type 'ColumnOptions'.
  Overload 2 of 2, '(options?: ColumnOptions | ColumnOptionsV2): ColumnAttribute', gave the following error.
    Argument of type '{ space: number; align: ItemAlign; }' is not assignable to parameter of type 'ColumnOptions | ColumnOptionsV2'.
      Object literal may only specify known properties, and 'align' does not exist in type 'ColumnOptions | ColumnOptionsV2'. At File: C:/Users/lzf/Desktop/health_-service_-kit_-sample-code-master/health_-service_-kit_-sample-code-master/entry/src/main/ets/pages/MainIndex.ets:212:26
[39m
[39m
[31mCOMPILE RESULT:FAIL {ERROR:14 WARN:1}[39m
    at runArkPack (D:\DevEco Studio\tools\hvigor\hvigor-ohos-plugin\node_modules\@ohos\hvigor-arkts-compose\dist\src\arkts-pack.js:1:5860)
ArkTSCompilerError: ArkTS Compiler Error
    at throwArkTsCompilerError (D:\DevEco Studio\tools\hvigor\hvigor-ohos-plugin\node_modules\@ohos\hvigor-arkts-compose\dist\src\data\compose-error.js:1:423)
    at throwErrorIfHasErrorInfo (D:\DevEco Studio\tools\hvigor\hvigor-ohos-plugin\node_modules\@ohos\hvigor-arkts-compose\dist\src\plugins\common-plugin.js:1:4478)
    at Object.handler (D:\DevEco Studio\tools\hvigor\hvigor-ohos-plugin\node_modules\@ohos\hvigor-arkts-compose\dist\src\plugins\common-plugin.js:1:2547)
    at D:\DevEco Studio\tools\hvigor\hvigor-ohos-plugin\node_modules\@ohos\hvigor-arkts-base\node_modules\rollup\dist\shared\rollup.js:27765:40
[2026-04-21T17:34:59.905] [ERROR] debug-file - BUILD FAILED in 1 s 147 ms 
[2026-04-21T17:34:59.905] [DEBUG] debug-file - There is no need to refresh cache, since the incremental task entry:default@PreBuild is up-to-date.
[2026-04-21T17:34:59.905] [DEBUG] debug-file - Update task entry:default@CreateModuleInfo output file:C:\Users\lzf\Desktop\health_-service_-kit_-sample-code-master\health_-service_-kit_-sample-code-master\entry\build\default\generated\profile\default\ModuleInfo.ts cache.
[2026-04-21T17:34:59.906] [DEBUG] debug-file - Incremental task entry:default@CreateModuleInfo post-execution cost:1 ms .
[2026-04-21T17:34:59.906] [DEBUG] debug-file - There is no need to refresh cache, since the incremental task entry:default@GenerateMetadata is up-to-date.
[2026-04-21T17:34:59.906] [DEBUG] debug-file - There is no need to refresh cache, since the incremental task entry:default@MergeProfile is up-to-date.
[2026-04-21T17:34:59.906] [DEBUG] debug-file - There is no need to refresh cache, since the incremental task entry:default@CreateBuildProfile is up-to-date.
[2026-04-21T17:34:59.906] [DEBUG] debug-file - Update task entry:default@GeneratePkgContextInfo output file:C:\Users\lzf\Desktop\health_-service_-kit_-sample-code-master\health_-service_-kit_-sample-code-master\entry\build\default\intermediates\loader\default\pkgContextInfo.json cache.
[2026-04-21T17:34:59.906] [DEBUG] debug-file - Incremental task entry:default@GeneratePkgContextInfo post-execution cost:1 ms .
[2026-04-21T17:34:59.907] [DEBUG] debug-file - Update task entry:default@ProcessIntegratedHsp output file:C:\Users\lzf\Desktop\health_-service_-kit_-sample-code-master\health_-service_-kit_-sample-code-master\build\cache\default\integrated_hsp\integratedHspCache.json cache.
[2026-04-21T17:34:59.907] [DEBUG] debug-file - Incremental task entry:default@ProcessIntegratedHsp post-execution cost:1 ms .
[2026-04-21T17:34:59.907] [DEBUG] debug-file - There is no need to refresh cache, since the incremental task entry:default@MakePackInfo is up-to-date.
[2026-04-21T17:34:59.907] [DEBUG] debug-file - Update task entry:default@SyscapTransform input file:D:\DevEco Studio\sdk\default\openharmony\toolchains\syscap_tool.exe cache by regenerate.
[2026-04-21T17:34:59.908] [DEBUG] debug-file - Update task entry:default@SyscapTransform input file:D:\DevEco Studio\sdk\default\openharmony\ets\api\device-define cache by regenerate.
[2026-04-21T17:34:59.909] [DEBUG] debug-file - Update task entry:default@SyscapTransform output file:C:\Users\lzf\Desktop\health_-service_-kit_-sample-code-master\health_-service_-kit_-sample-code-master\entry\build\default\intermediates\syscap\default\rpcid.sc cache.
[2026-04-21T17:34:59.909] [DEBUG] debug-file - Incremental task entry:default@SyscapTransform post-execution cost:3 ms .
[2026-04-21T17:34:59.909] [DEBUG] debug-file - There is no need to refresh cache, since the incremental task entry:default@ProcessProfile is up-to-date.
[2026-04-21T17:34:59.910] [DEBUG] debug-file - There is no need to refresh cache, since the incremental task entry:default@ProcessRouterMap is up-to-date.
[2026-04-21T17:34:59.910] [DEBUG] debug-file - There is no need to refresh cache, since the incremental task entry:default@ProcessShareConfig is up-to-date.
[2026-04-21T17:34:59.910] [DEBUG] debug-file - Update task entry:default@ProcessStartupConfig output file:C:\Users\lzf\Desktop\health_-service_-kit_-sample-code-master\health_-service_-kit_-sample-code-master\entry\build\default\intermediates\startup\default\startup_config.json cache.
[2026-04-21T17:34:59.910] [DEBUG] debug-file - Incremental task entry:default@ProcessStartupConfig post-execution cost:1 ms .
[2026-04-21T17:34:59.910] [DEBUG] debug-file - There is no need to refresh cache, since the incremental task entry:default@ProcessResource is up-to-date.
[2026-04-21T17:34:59.910] [DEBUG] debug-file - There is no need to refresh cache, since the incremental task entry:default@GenerateLoaderJson is up-to-date.
[2026-04-21T17:34:59.910] [DEBUG] debug-file - There is no need to refresh cache, since the incremental task entry:default@ProcessLibs is up-to-date.
[2026-04-21T17:34:59.911] [DEBUG] debug-file - There is no need to refresh cache, since the incremental task entry:default@CompileResource is up-to-date.
[2026-04-21T17:34:59.911] [DEBUG] debug-file - There is no need to refresh cache, since the incremental task entry:default@DoNativeStrip is up-to-date.
[2026-04-21T17:34:59.912] [DEBUG] debug-file - Update task entry:default@CompileArkTS input file:C:\Users\lzf\Desktop\health_-service_-kit_-sample-code-master\health_-service_-kit_-sample-code-master\entry\build\default\intermediates\loader\default cache by regenerate.
[2026-04-21T17:34:59.913] [DEBUG] debug-file - Update task entry:default@CompileArkTS input file:C:\Users\lzf\Desktop\health_-service_-kit_-sample-code-master\health_-service_-kit_-sample-code-master\entry\build\default\intermediates\res\default\ResourceTable.txt cache by regenerate.
[2026-04-21T17:34:59.914] [DEBUG] debug-file - Update task entry:default@CompileArkTS input file:C:\Users\lzf\Desktop\health_-service_-kit_-sample-code-master\health_-service_-kit_-sample-code-master\entry\build\default\intermediates\res\default\ark_module.json cache by regenerate.
[2026-04-21T17:34:59.914] [DEBUG] debug-file - Update task entry:default@CompileArkTS input file:C:\Users\lzf\Desktop\health_-service_-kit_-sample-code-master\health_-service_-kit_-sample-code-master\entry\build\default\intermediates\res\default\resources\base\profile cache by regenerate.
[2026-04-21T17:34:59.914] [DEBUG] debug-file - Update task entry:default@CompileArkTS input file:C:\Users\lzf\Desktop\health_-service_-kit_-sample-code-master\health_-service_-kit_-sample-code-master\entry\src\main\ets cache by regenerate.
[2026-04-21T17:34:59.918] [DEBUG] debug-file - Update task entry:default@CompileArkTS input file:C:\Users\lzf\Desktop\health_-service_-kit_-sample-code-master\health_-service_-kit_-sample-code-master\entry\build\default\generated\profile\default\BuildProfile.ets cache by regenerate.
[2026-04-21T17:34:59.918] [DEBUG] debug-file - Update task entry:default@CompileArkTS output file:C:\Users\lzf\Desktop\health_-service_-kit_-sample-code-master\health_-service_-kit_-sample-code-master\entry\build\default\intermediates\loader_out\default\ets cache.
[2026-04-21T17:34:59.919] [DEBUG] debug-file - Incremental task entry:default@CompileArkTS post-execution cost:8 ms .
[2026-04-21T17:34:59.920] [DEBUG] debug-file - Update task entry:default@BuildJS input file:C:\Users\lzf\Desktop\health_-service_-kit_-sample-code-master\health_-service_-kit_-sample-code-master\entry\build\default\intermediates\loader\default cache by regenerate.
[2026-04-21T17:34:59.920] [DEBUG] debug-file - Update task entry:default@BuildJS input file:C:\Users\lzf\Desktop\health_-service_-kit_-sample-code-master\health_-service_-kit_-sample-code-master\entry\build\default\intermediates\res\default\ResourceTable.txt cache by regenerate.
[2026-04-21T17:34:59.921] [DEBUG] debug-file - Update task entry:default@BuildJS input file:C:\Users\lzf\Desktop\health_-service_-kit_-sample-code-master\health_-service_-kit_-sample-code-master\entry\build\default\intermediates\res\default\ark_module.json cache by regenerate.
[2026-04-21T17:34:59.921] [DEBUG] debug-file - Update task entry:default@BuildJS input file:C:\Users\lzf\Desktop\health_-service_-kit_-sample-code-master\health_-service_-kit_-sample-code-master\entry\build\default\intermediates\res\default\resources\base\profile cache by regenerate.
[2026-04-21T17:34:59.921] [DEBUG] debug-file - Update task entry:default@BuildJS output file:C:\Users\lzf\Desktop\health_-service_-kit_-sample-code-master\health_-service_-kit_-sample-code-master\entry\build\default\intermediates\loader_out\default\js cache.
[2026-04-21T17:34:59.922] [DEBUG] debug-file - Incremental task entry:default@BuildJS post-execution cost:3 ms .
[2026-04-21T17:34:59.922] [DEBUG] debug-file - There is no need to refresh cache, since the incremental task entry:default@CacheNativeLibs is up-to-date.
[2026-04-21T17:34:59.945] [DEBUG] debug-file - Cleanup worker 22.
[2026-04-21T17:34:59.945] [DEBUG] debug-file - Worker 22 has been cleaned up.
[2026-04-21T17:34:59.945] [DEBUG] debug-file - Current idle worker size: 1.
[2026-04-21T17:34:59.945] [DEBUG] debug-file - Current resident worker size: 2.
[2026-04-21T17:34:59.946] [DEBUG] debug-file - hvigor build process will be closed.
[2026-04-21T17:34:59.958] [DEBUG] debug-file - session manager: send message to worker process.
[2026-04-21T17:34:59.959] [DEBUG] debug-file - session manager: send message to worker process.
[2026-04-21T17:34:59.958] [DEBUG] debug-file - watch worker: worker id should be larger than 0. Nothing will be sent to any worker thread.
[2026-04-21T17:34:59.959] [DEBUG] debug-file - watch worker: worker id should be larger than 0. Nothing will be sent to any worker thread.
[2026-04-21T17:35:00.170] [DEBUG] debug-file - worker[22] exits with exit code 1.
[2026-04-21T17:36:54.713] [DEBUG] debug-file - session manager: set active socket. socketId=6PBWEDfRfT4OhLobAAAL
[2026-04-21T17:36:54.724] [DEBUG] debug-file - watch worker: worker id should be larger than 0. Nothing will be sent to any worker thread.
[2026-04-21T17:36:54.728] [DEBUG] debug-file - Workers' log level updated to INFO
[2026-04-21T17:36:54.731] [DEBUG] debug-file - Hvigor init with startParameters:{
  hvigorfileTypeCheck: false,
  parallelExecution: true,
  incrementalExecution: true,
  printStackTrace: false,
  daemon: true,
  analyze: 0,
  logLevel: Level { level: 20000, levelStr: 'INFO', colour: 'green' },
  optimizationStrategy: 'memory',
  hotCompile: undefined,
  hotReloadBuild: undefined,
  customizedParam: undefined
}
[2026-04-21T17:36:54.736] [DEBUG] debug-file - Cache service initialization finished in 5 ms 
[2026-04-21T17:36:54.737] [DEBUG] debug-file - hvigorfile, resolving C:\Users\lzf\Desktop\health_-service_-kit_-sample-code-master\health_-service_-kit_-sample-code-master\hvigorfile.ts
[2026-04-21T17:36:54.746] [DEBUG] debug-file - hvigorfile, require result:  { default: { plugins: [] } }
[2026-04-21T17:36:54.747] [DEBUG] debug-file - hvigorfile, binding system plugins null
[2026-04-21T17:36:54.747] [DEBUG] debug-file - Starting plugin build process
[2026-04-21T17:36:54.747] [DEBUG] debug-file - App plugin prepare start...
[2026-04-21T17:36:54.747] [DEBUG] debug-file - App plugin prepare end...
[2026-04-21T17:36:54.748] [DEBUG] debug-file - App plugin creating...
[2026-04-21T17:36:54.754] [DEBUG] debug-file - App plugin register hook start...
[2026-04-21T17:36:54.754] [DEBUG] debug-file - App plugin register hook end...
[2026-04-21T17:36:54.754] [DEBUG] debug-file - Plugin build process completed
[2026-04-21T17:36:54.756] [DEBUG] debug-file - Start initialize project's product build option map with build mode debug.
[2026-04-21T17:36:54.756] [DEBUG] debug-file - Picking option from product 'default' with build mode 'debug'.
[2026-04-21T17:36:54.756] [DEBUG] debug-file - Product 'default' build option initialized
[2026-04-21T17:36:54.757] [DEBUG] debug-file - End initialize project's product build option map with build mode 'debug'.
[2026-04-21T17:36:54.758] [DEBUG] debug-file - Obtain build option for product 'default'in this build.
[2026-04-21T17:36:54.760] [DEBUG] debug-file - No signingConfig found, initRemoteHspCache failed.
[2026-04-21T17:36:54.763] [DEBUG] debug-file - Start recording SDK configuration permission data.
[2026-04-21T17:36:54.802] [DEBUG] debug-file - Sdk init in 42 ms 
[2026-04-21T17:36:54.807] [DEBUG] debug-file - Project task initialization takes 5 ms 
[2026-04-21T17:36:54.807] [DEBUG] debug-file - hvigorfile, binding custom plugins []
[2026-04-21T17:36:54.807] [DEBUG] debug-file - hvigorfile, no custom plugins were found in C:\Users\lzf\Desktop\health_-service_-kit_-sample-code-master\health_-service_-kit_-sample-code-master\hvigorfile.ts
[2026-04-21T17:36:54.807] [DEBUG] debug-file - hvigorfile, resolve finished C:\Users\lzf\Desktop\health_-service_-kit_-sample-code-master\health_-service_-kit_-sample-code-master\hvigorfile.ts
[2026-04-21T17:36:54.808] [DEBUG] debug-file - hvigorfile, resolving C:\Users\lzf\Desktop\health_-service_-kit_-sample-code-master\health_-service_-kit_-sample-code-master\entry\hvigorfile.ts
[2026-04-21T17:36:54.814] [DEBUG] debug-file - hvigorfile, require result:  { default: { plugins: [] } }
[2026-04-21T17:36:54.814] [DEBUG] debug-file - hvigorfile, binding system plugins null
[2026-04-21T17:36:54.814] [DEBUG] debug-file - Starting plugin build process
[2026-04-21T17:36:54.814] [DEBUG] debug-file - Hap plugin creating...
[2026-04-21T17:36:54.815] [DEBUG] debug-file - failed to load cangjie to dynamically generate schemas: Error: Cannot find module '@ohos/cangjie-build-support/index'
Require stack:
- D:\DevEco Studio\tools\hvigor\hvigor-ohos-plugin\src\plugin\hooks\cangjie-register.js
- D:\DevEco Studio\tools\hvigor\hvigor-ohos-plugin\src\plugin\strategy\stage-init-strategy.js
- D:\DevEco Studio\tools\hvigor\hvigor-ohos-plugin\src\plugin\builder\abstract-plugin-builder.js
- D:\DevEco Studio\tools\hvigor\hvigor-ohos-plugin\src\plugin\builder\app-plugin-builder.js
- D:\DevEco Studio\tools\hvigor\hvigor-ohos-plugin\src\plugin\factory\plugin-factory.js
- D:\DevEco Studio\tools\hvigor\hvigor-ohos-plugin\index.js
- C:\Users\lzf\Desktop\health_-service_-kit_-sample-code-master\health_-service_-kit_-sample-code-master\hvigorfile.ts
- D:\DevEco Studio\tools\hvigor\hvigor\src\base\internal\lifecycle\configuration.js
- D:\DevEco Studio\tools\hvigor\hvigor\src\base\boot\index.js
- D:\DevEco Studio\tools\hvigor\hvigor\src\base\daemon\cluster\worker-process-lifecycle.js
- D:\DevEco Studio\tools\hvigor\hvigor\src\base\daemon\process\daemon-process-boot-script.js
[2026-04-21T17:36:54.818] [DEBUG] debug-file - Start initialize module-target build option map, moduleName=entry, buildMode=debug
[2026-04-21T17:36:54.818] [DEBUG] debug-file - Target 'default' config initialized
[2026-04-21T17:36:54.818] [DEBUG] debug-file - Target 'ohosTest' config initialized
[2026-04-21T17:36:54.818] [DEBUG] debug-file - Module 'entry' target 'default' build option initialized
[2026-04-21T17:36:54.818] [DEBUG] debug-file - Module 'entry' target 'ohosTest' build option initialized
[2026-04-21T17:36:54.818] [DEBUG] debug-file - End initialize module-target build option map, moduleName=entry
[2026-04-21T17:36:54.818] [DEBUG] debug-file - Start initialize module-target build option map, moduleName=entry, buildMode=release
[2026-04-21T17:36:54.818] [DEBUG] debug-file - Target 'default' config initialized
[2026-04-21T17:36:54.819] [DEBUG] debug-file - Target 'ohosTest' config initialized
[2026-04-21T17:36:54.819] [DEBUG] debug-file - Module 'entry' target 'default' build option initialized
[2026-04-21T17:36:54.819] [DEBUG] debug-file - Module 'entry' target 'ohosTest' build option initialized
[2026-04-21T17:36:54.820] [DEBUG] debug-file - End initialize module-target build option map, moduleName=entry
[2026-04-21T17:36:54.820] [DEBUG] debug-file - Start initialize module-target build option map, moduleName=entry, buildMode=debug
[2026-04-21T17:36:54.820] [DEBUG] debug-file - Target 'default' config initialized
[2026-04-21T17:36:54.820] [DEBUG] debug-file - Target 'ohosTest' config initialized
[2026-04-21T17:36:54.820] [DEBUG] debug-file - Module 'entry' target 'default' build option initialized
[2026-04-21T17:36:54.820] [DEBUG] debug-file - Module 'entry' target 'ohosTest' build option initialized
[2026-04-21T17:36:54.820] [DEBUG] debug-file - End initialize module-target build option map, moduleName=entry
[2026-04-21T17:36:54.820] [DEBUG] debug-file - Obtain build option for module 'entry' target 'default'in this build.
[2026-04-21T17:36:54.822] [DEBUG] debug-file - Module entry task initialization takes 1 ms 
[2026-04-21T17:36:54.822] [DEBUG] debug-file - Hap plugin register hook start...
[2026-04-21T17:36:54.822] [DEBUG] debug-file - Hap plugin register hook end...
[2026-04-21T17:36:54.822] [DEBUG] debug-file - Plugin build process completed
[2026-04-21T17:36:54.822] [DEBUG] debug-file - hvigorfile, binding custom plugins []
[2026-04-21T17:36:54.822] [DEBUG] debug-file - hvigorfile, no custom plugins were found in C:\Users\lzf\Desktop\health_-service_-kit_-sample-code-master\health_-service_-kit_-sample-code-master\entry\hvigorfile.ts
[2026-04-21T17:36:54.822] [DEBUG] debug-file - hvigorfile, resolve finished C:\Users\lzf\Desktop\health_-service_-kit_-sample-code-master\health_-service_-kit_-sample-code-master\entry\hvigorfile.ts
[2026-04-21T17:36:54.847] [DEBUG] debug-file - hvigorfile, resolve hvigorfile dependencies in 25 ms 
[2026-04-21T17:36:54.847] [DEBUG] debug-file - project has submodules:entry
[2026-04-21T17:36:54.849] [DEBUG] debug-file - start to load updatedOhPackageInfo to the disk
[2026-04-21T17:36:54.859] [DEBUG] debug-file - load to the disk finished
[2026-04-21T17:36:54.860] [DEBUG] debug-file - Start to initialize dependency information.
[2026-04-21T17:36:54.864] [DEBUG] debug-file - Module health_-service_-kit_-sample-code-master Collected Dependency: 
[2026-04-21T17:36:54.865] [DEBUG] debug-file - Module health_-service_-kit_-sample-code-master's total dependency: 0
[2026-04-21T17:36:54.865] [DEBUG] debug-file - Start to initialize dependency information.
[2026-04-21T17:36:54.868] [DEBUG] debug-file - Module entry Collected Dependency: 
[2026-04-21T17:36:54.868] [DEBUG] debug-file - Module entry's total dependency: 0
[2026-04-21T17:36:54.869] [DEBUG] debug-file - Configuration phase cost:134 ms 
[2026-04-21T17:36:54.871] [DEBUG] debug-file - Configuration task cost before running: 143 ms 
[2026-04-21T17:36:54.875] [DEBUG] debug-file - Executing task :entry:default@PreBuild
[2026-04-21T17:36:54.876] [WARN] debug-file - The project has not explicitly set the 'targetSdkVersion' version at build-profile.json5. It is recommended to configure it. Reference: https://developer.huawei.com/consumer/cn/doc/harmonyos-guides/ide-hvigor-build-profile-app#section45865492619
[2026-04-21T17:36:54.877] [DEBUG] debug-file - Task 'entry:default@PreBuild' cost while wrapping incremental declarations: 1 ms 
[2026-04-21T17:36:54.885] [DEBUG] debug-file - Incremental task entry:default@PreBuild pre-execution cost: 6 ms .
[2026-04-21T17:36:54.885] [DEBUG] debug-file - entry : default@PreBuild cost memory -1.4179534912109375
[2026-04-21T17:36:54.888] [INFO] debug-file - UP-TO-DATE :entry:default@PreBuild...  
[2026-04-21T17:36:54.889] [DEBUG] debug-file - Executing task :entry:default@CreateModuleInfo
[2026-04-21T17:36:54.889] [DEBUG] debug-file - Task 'entry:default@CreateModuleInfo' cost while wrapping incremental declarations: 1 ms 
[2026-04-21T17:36:54.890] [DEBUG] debug-file - entry : default@CreateModuleInfo cost memory 0.04206085205078125
[2026-04-21T17:36:54.890] [DEBUG] debug-file - runTaskFromQueue task cost before running: 162 ms 
[2026-04-21T17:36:54.890] [INFO] debug-file - Finished :entry:default@CreateModuleInfo... after 1 ms 
[2026-04-21T17:36:54.892] [DEBUG] debug-file - Executing task :entry:default@GenerateMetadata
[2026-04-21T17:36:54.892] [DEBUG] debug-file - Task 'entry:default@GenerateMetadata' cost while wrapping incremental declarations: 1 ms 
[2026-04-21T17:36:54.894] [DEBUG] debug-file - Incremental task entry:default@GenerateMetadata pre-execution cost: 1 ms .
[2026-04-21T17:36:54.894] [DEBUG] debug-file - entry : default@GenerateMetadata cost memory 0.08765411376953125
[2026-04-21T17:36:54.894] [INFO] debug-file - UP-TO-DATE :entry:default@GenerateMetadata...  
[2026-04-21T17:36:54.897] [DEBUG] debug-file - Executing task :entry:default@ConfigureCmake
[2026-04-21T17:36:54.897] [DEBUG] debug-file - entry : default@ConfigureCmake cost memory 0.0145721435546875
[2026-04-21T17:36:54.897] [DEBUG] debug-file - runTaskFromQueue task cost before running: 169 ms 
[2026-04-21T17:36:54.897] [INFO] debug-file - Finished :entry:default@ConfigureCmake... after 1 ms 
[2026-04-21T17:36:54.899] [DEBUG] debug-file - Executing task :entry:default@MergeProfile
[2026-04-21T17:36:54.900] [DEBUG] debug-file - Task 'entry:default@MergeProfile' cost while wrapping incremental declarations: 1 ms 
[2026-04-21T17:36:54.902] [DEBUG] debug-file - Incremental task entry:default@MergeProfile pre-execution cost: 2 ms .
[2026-04-21T17:36:54.902] [DEBUG] debug-file - entry : default@MergeProfile cost memory 0.15120697021484375
[2026-04-21T17:36:54.902] [INFO] debug-file - UP-TO-DATE :entry:default@MergeProfile...  
[2026-04-21T17:36:54.904] [DEBUG] debug-file - Executing task :entry:default@CreateBuildProfile
[2026-04-21T17:36:54.904] [DEBUG] debug-file - Task 'entry:default@CreateBuildProfile' cost while wrapping incremental declarations: 1 ms 
[2026-04-21T17:36:54.905] [DEBUG] debug-file - Incremental task entry:default@CreateBuildProfile pre-execution cost: 1 ms .
[2026-04-21T17:36:54.905] [DEBUG] debug-file - entry : default@CreateBuildProfile cost memory 0.09641265869140625
[2026-04-21T17:36:54.906] [INFO] debug-file - UP-TO-DATE :entry:default@CreateBuildProfile...  
[2026-04-21T17:36:54.907] [DEBUG] debug-file - Executing task :entry:default@PreCheckSyscap
[2026-04-21T17:36:54.907] [DEBUG] debug-file - entry : default@PreCheckSyscap cost memory 0.01479339599609375
[2026-04-21T17:36:54.907] [DEBUG] debug-file - runTaskFromQueue task cost before running: 180 ms 
[2026-04-21T17:36:54.908] [INFO] debug-file - Finished :entry:default@PreCheckSyscap... after 1 ms 
[2026-04-21T17:36:54.909] [DEBUG] debug-file - Executing task :entry:default@GeneratePkgContextInfo
[2026-04-21T17:36:54.913] [DEBUG] debug-file - Task 'entry:default@GeneratePkgContextInfo' cost while wrapping incremental declarations: 1 ms 
[2026-04-21T17:36:54.913] [DEBUG] debug-file - entry : default@GeneratePkgContextInfo cost memory 0.1983795166015625
[2026-04-21T17:36:54.913] [DEBUG] debug-file - runTaskFromQueue task cost before running: 185 ms 
[2026-04-21T17:36:54.913] [INFO] debug-file - Finished :entry:default@GeneratePkgContextInfo... after 4 ms 
[2026-04-21T17:36:54.918] [DEBUG] debug-file - Executing task :entry:default@ProcessIntegratedHsp
[2026-04-21T17:36:54.919] [DEBUG] debug-file - entry:default@ProcessIntegratedHsp is not up-to-date, since the output file 'C:\Users\lzf\Desktop\health_-service_-kit_-sample-code-master\health_-service_-kit_-sample-code-master\build\cache\default\integrated_hsp\integratedHspCache.json' does not exist.
[2026-04-21T17:36:54.919] [DEBUG] debug-file - Incremental task entry:default@ProcessIntegratedHsp pre-execution cost: 1 ms .
[2026-04-21T17:36:54.919] [DEBUG] debug-file - entry : default@ProcessIntegratedHsp cost memory 0.11319732666015625
[2026-04-21T17:36:54.919] [DEBUG] debug-file - runTaskFromQueue task cost before running: 191 ms 
[2026-04-21T17:36:54.919] [INFO] debug-file - Finished :entry:default@ProcessIntegratedHsp... after 1 ms 
[2026-04-21T17:36:54.920] [DEBUG] debug-file - Executing task :entry:default@BuildNativeWithCmake
[2026-04-21T17:36:54.921] [DEBUG] debug-file - entry : default@BuildNativeWithCmake cost memory 0.0141448974609375
[2026-04-21T17:36:54.921] [DEBUG] debug-file - runTaskFromQueue task cost before running: 193 ms 
[2026-04-21T17:36:54.921] [INFO] debug-file - Finished :entry:default@BuildNativeWithCmake... after 1 ms 
[2026-04-21T17:36:54.922] [DEBUG] debug-file - Executing task :entry:default@MakePackInfo
[2026-04-21T17:36:54.925] [DEBUG] debug-file - Incremental task entry:default@MakePackInfo pre-execution cost: 4 ms .
[2026-04-21T17:36:54.926] [DEBUG] debug-file - entry : default@MakePackInfo cost memory 0.11174774169921875
[2026-04-21T17:36:54.926] [INFO] debug-file - UP-TO-DATE :entry:default@MakePackInfo...  
[2026-04-21T17:36:54.927] [DEBUG] debug-file - Executing task :entry:default@SyscapTransform
[2026-04-21T17:36:54.927] [DEBUG] debug-file - File: 'C:\Users\lzf\Desktop\health_-service_-kit_-sample-code-master\health_-service_-kit_-sample-code-master\entry\src\main\syscap.json' from 'sysCapJsonPath' is not exists, just ignore.
[2026-04-21T17:36:54.928] [DEBUG] debug-file - Task 'entry:default@SyscapTransform' cost while wrapping incremental declarations: 1 ms 
[2026-04-21T17:36:54.930] [DEBUG] debug-file - entry:default@SyscapTransform is not up-to-date, since the output file 'C:\Users\lzf\Desktop\health_-service_-kit_-sample-code-master\health_-service_-kit_-sample-code-master\entry\build\default\intermediates\syscap\default\rpcid.sc' does not exist.
[2026-04-21T17:36:54.930] [DEBUG] debug-file - Incremental task entry:default@SyscapTransform pre-execution cost: 2 ms .
[2026-04-21T17:36:54.931] [DEBUG] debug-file - entry : default@SyscapTransform cost memory 0.13990020751953125
[2026-04-21T17:36:54.931] [DEBUG] debug-file - runTaskFromQueue task cost before running: 203 ms 
[2026-04-21T17:36:54.931] [INFO] debug-file - Finished :entry:default@SyscapTransform... after 4 ms 
[2026-04-21T17:36:54.934] [DEBUG] debug-file - Executing task :entry:default@ProcessProfile
[2026-04-21T17:36:54.935] [DEBUG] debug-file - Task 'entry:default@ProcessProfile' cost while wrapping incremental declarations: 1 ms 
[2026-04-21T17:36:54.936] [DEBUG] debug-file - Incremental task entry:default@ProcessProfile pre-execution cost: 1 ms .
[2026-04-21T17:36:54.936] [DEBUG] debug-file - entry : default@ProcessProfile cost memory 0.126495361328125
[2026-04-21T17:36:54.937] [INFO] debug-file - UP-TO-DATE :entry:default@ProcessProfile...  
[2026-04-21T17:36:54.938] [DEBUG] debug-file - Executing task :entry:default@ProcessRouterMap
[2026-04-21T17:36:54.941] [DEBUG] debug-file - Incremental task entry:default@ProcessRouterMap pre-execution cost: 2 ms .
[2026-04-21T17:36:54.941] [DEBUG] debug-file - entry : default@ProcessRouterMap cost memory 0.151275634765625
[2026-04-21T17:36:54.942] [INFO] debug-file - UP-TO-DATE :entry:default@ProcessRouterMap...  
[2026-04-21T17:36:54.943] [DEBUG] debug-file - Executing task :entry:default@ProcessShareConfig
[2026-04-21T17:36:54.945] [DEBUG] debug-file - Incremental task entry:default@ProcessShareConfig pre-execution cost: 2 ms .
[2026-04-21T17:36:54.945] [DEBUG] debug-file - entry : default@ProcessShareConfig cost memory 0.125732421875
[2026-04-21T17:36:54.946] [INFO] debug-file - UP-TO-DATE :entry:default@ProcessShareConfig...  
[2026-04-21T17:36:54.947] [DEBUG] debug-file - Executing task :entry:default@ProcessStartupConfig
[2026-04-21T17:36:54.947] [DEBUG] debug-file - Task 'entry:default@ProcessStartupConfig' cost while wrapping incremental declarations: 1 ms 
[2026-04-21T17:36:54.947] [DEBUG] debug-file - entry:default@ProcessStartupConfig is not up-to-date, since the output file 'C:\Users\lzf\Desktop\health_-service_-kit_-sample-code-master\health_-service_-kit_-sample-code-master\entry\build\default\intermediates\startup\default\startup_config.json' does not exist.
[2026-04-21T17:36:54.947] [DEBUG] debug-file - Incremental task entry:default@ProcessStartupConfig pre-execution cost: 1 ms .
[2026-04-21T17:36:54.948] [DEBUG] debug-file - entry : default@ProcessStartupConfig cost memory 0.10451507568359375
[2026-04-21T17:36:54.948] [DEBUG] debug-file - runTaskFromQueue task cost before running: 220 ms 
[2026-04-21T17:36:54.949] [INFO] debug-file - Finished :entry:default@ProcessStartupConfig... after 2 ms 
[2026-04-21T17:36:54.950] [DEBUG] debug-file - Executing task :entry:default@BuildNativeWithNinja
[2026-04-21T17:36:54.951] [DEBUG] debug-file - entry : default@BuildNativeWithNinja cost memory 0.02275848388671875
[2026-04-21T17:36:54.951] [DEBUG] debug-file - runTaskFromQueue task cost before running: 223 ms 
[2026-04-21T17:36:54.951] [INFO] debug-file - Finished :entry:default@BuildNativeWithNinja... after 1 ms 
[2026-04-21T17:36:54.952] [DEBUG] debug-file - restool module names: entry; moduleName=entry, taskName=default@ProcessResource
[2026-04-21T17:36:54.953] [DEBUG] debug-file - Executing task :entry:default@ProcessResource
[2026-04-21T17:36:54.953] [DEBUG] debug-file - Task 'entry:default@ProcessResource' cost while wrapping incremental declarations: 1 ms 
[2026-04-21T17:36:54.955] [DEBUG] debug-file - Incremental task entry:default@ProcessResource pre-execution cost: 1 ms .
[2026-04-21T17:36:54.955] [DEBUG] debug-file - entry : default@ProcessResource cost memory 0.20291900634765625
[2026-04-21T17:36:54.956] [INFO] debug-file - UP-TO-DATE :entry:default@ProcessResource...  
[2026-04-21T17:36:54.958] [DEBUG] debug-file - Executing task :entry:default@GenerateLoaderJson
[2026-04-21T17:36:54.959] [DEBUG] debug-file - Task 'entry:default@GenerateLoaderJson' cost while wrapping incremental declarations: 1 ms 
[2026-04-21T17:36:54.968] [DEBUG] debug-file - Incremental task entry:default@GenerateLoaderJson pre-execution cost: 6 ms .
[2026-04-21T17:36:54.968] [DEBUG] debug-file - entry : default@GenerateLoaderJson cost memory 0.5741348266601562
[2026-04-21T17:36:54.972] [INFO] debug-file - UP-TO-DATE :entry:default@GenerateLoaderJson...  
[2026-04-21T17:36:54.973] [DEBUG] debug-file - Executing task :entry:default@ProcessLibs
[2026-04-21T17:36:54.975] [DEBUG] debug-file - Incremental task entry:default@ProcessLibs pre-execution cost: 3 ms .
[2026-04-21T17:36:54.975] [DEBUG] debug-file - entry : default@ProcessLibs cost memory 0.1182098388671875
[2026-04-21T17:36:54.976] [INFO] debug-file - UP-TO-DATE :entry:default@ProcessLibs...  
[2026-04-21T17:36:54.977] [DEBUG] debug-file - restool module names: entry; moduleName=entry, taskName=default@CompileResource
[2026-04-21T17:36:54.978] [DEBUG] debug-file - Executing task :entry:default@CompileResource
[2026-04-21T17:36:54.989] [DEBUG] debug-file - Incremental task entry:default@CompileResource pre-execution cost: 10 ms .
[2026-04-21T17:36:54.990] [DEBUG] debug-file - entry : default@CompileResource cost memory 0.6626510620117188
[2026-04-21T17:36:54.991] [INFO] debug-file - UP-TO-DATE :entry:default@CompileResource...  
[2026-04-21T17:36:54.992] [DEBUG] debug-file - Executing task :entry:default@DoNativeStrip
[2026-04-21T17:36:54.992] [DEBUG] debug-file - Task 'entry:default@DoNativeStrip' cost while wrapping incremental declarations: 1 ms 
[2026-04-21T17:36:54.993] [DEBUG] debug-file - Incremental task entry:default@DoNativeStrip pre-execution cost: 1 ms .
[2026-04-21T17:36:54.994] [DEBUG] debug-file - entry : default@DoNativeStrip cost memory 0.08026123046875
[2026-04-21T17:36:54.994] [INFO] debug-file - UP-TO-DATE :entry:default@DoNativeStrip...  
[2026-04-21T17:36:54.995] [DEBUG] debug-file - Executing task :entry:default@CompileArkTS
[2026-04-21T17:36:54.996] [DEBUG] debug-file - obfuscationOptions: undefined
[2026-04-21T17:36:54.997] [DEBUG] debug-file - Task 'entry:default@CompileArkTS' cost while wrapping incremental declarations: 1 ms 
[2026-04-21T17:36:55.011] [DEBUG] debug-file - build config:
[2026-04-21T17:36:55.011] [DEBUG] debug-file - {
  moduleType: 'entry',
  perf: 0,
  targetName: '.default',
  packageManagerType: 'ohpm',
  localPropertiesPath: 'C:\\Users\\lzf\\Desktop\\health_-service_-kit_-sample-code-master\\health_-service_-kit_-sample-code-master\\local.properties',
  isPreview: false,
  isOhosTest: false,
  isLocalTest: false,
  buildMode: 'Debug',
  hotReloadBuild: undefined,
  watchMode: 'false',
  aceProfilePath: 'C:\\Users\\lzf\\Desktop\\health_-service_-kit_-sample-code-master\\health_-service_-kit_-sample-code-master\\entry\\build\\default\\intermediates\\res\\default\\resources\\base\\profile',
  etsLoaderPath: 'D:\\DevEco Studio\\sdk\\default\\openharmony\\ets\\build-tools\\ets-loader',
  modulePath: 'C:\\Users\\lzf\\Desktop\\health_-service_-kit_-sample-code-master\\health_-service_-kit_-sample-code-master\\entry',
  testFrameworkPar: {
    testMode: undefined,
    coveragePathFilter: undefined,
    coverageMode: undefined
  },
  needCoverageInsert: false,
  debugLine: false,
  projectTopDir: 'C:\\Users\\lzf\\Desktop\\health_-service_-kit_-sample-code-master\\health_-service_-kit_-sample-code-master',
  compileSdkVersion: 22,
  compatibleSdkVersion: 12,
  originCompatibleSdkVersion: '5.0.0(12)',
  compatibleSdkVersionStage: 'beta1',
  bundleName: 'c***n',
  etsLoaderVersion: '6.0.2.130',
  etsLoaderReleaseType: 'Release',
  aotCompileMode: 'type',
  apPath: 'C:\\Users\\lzf\\Desktop\\health_-service_-kit_-sample-code-master\\health_-service_-kit_-sample-code-master\\entry\\modules.ap',
  entryModuleName: 'entry',
  entryModuleVersion: '1.0.0',
  entryPackageName: 'entry',
  allModuleNameHash: 'bb6dfe8d2e193c35b0cb6b8a0846875a3be2b3ae6338f35de853e6a29232da55',
  externalApiPaths: [ 'D:\\DevEco Studio\\sdk\\default\\hms\\ets' ],
  compilerTypes: [],
  isCrossplatform: false,
  hvigorPluginFile: undefined,
  compilePluginPath: undefined,
  buildGeneratedProfilePath: 'C:\\Users\\lzf\\Desktop\\health_-service_-kit_-sample-code-master\\health_-service_-kit_-sample-code-master\\entry\\build\\default\\generated\\profile\\default',
  bundleType: 'app',
  arkTSVersion: undefined,
  apiVersion: 22,
  needCompleteSourcesMap: false,
  isFaMode: false,
  buildDir: 'C:\\Users\\lzf\\Desktop\\health_-service_-kit_-sample-code-master\\health_-service_-kit_-sample-code-master\\entry\\build',
  deviceTypes: [ 'phone', 'tablet' ],
  pkgContextInfo: undefined,
  ohPackagePathMap: {},
  dependencyAliasMap: {},
  permission: { requestPermissions: undefined, definePermissions: undefined },
  useGetCurrentBundleName: false,
  projectArkOption: {},
  sourceMapDir: undefined,
  branchElimination: false,
  transformLib: undefined,
  tsImportSendable: false,
  resolveConflictMode: true,
  depName2RootPath: {},
  depName2DepInfo: {},
  rootPathSet: [
    'C:\\Users\\lzf\\Desktop\\health_-service_-kit_-sample-code-master\\health_-service_-kit_-sample-code-master'
  ],
  useNativeResolver: true,
  shouldEmitJs: true,
  useTscResolve: false,
  singleFileEmit: false,
  userProjectConfig: {
    autoLazyImport: false,
    allowEmptyBundleName: false,
    reExportCheckMode: 'noCheck',
    executionMode: 'memory',
    usePathPlaceholder: false,
    writeRollupCache: true,
    isExpandImportEnabled: false,
    expandImportExclude: '',
    lazyImportExclude: '',
    lazyImportInclude: '',
    ignoreCrossplatformCheck: false,
    isHarDeduplicateEnabled: false,
    skipOhModulesLint: false,
    enableStrictCheckOHModule: false,
    disableSendableCheckRules: [],
    useDeclarationFileSignature: false,
    customizedOptions: undefined,
    integratedHsp: false,
    isPreloadSoEnabled: false
  },
  executionMode: 'memory',
  arkCompileCachePath: 'C:\\Users\\lzf\\Desktop\\health_-service_-kit_-sample-code-master\\health_-service_-kit_-sample-code-master\\entry\\build\\default\\cache\\default\\default@CompileArkTS\\esmodule',
  autoLazyFilter: undefined,
  isHarDeduplicateEnabled: false,
  intermediateHarDuplicateDirPath: 'C:\\Users\\lzf\\Desktop\\health_-service_-kit_-sample-code-master\\health_-service_-kit_-sample-code-master\\entry\\build\\default\\intermediates\\har_duplicate\\default',
  autoLazyImport: false,
  allowEmptyBundleName: false,
  reExportCheckMode: 'noCheck',
  usePathPlaceholder: false,
  writeRollupCache: true,
  isExpandImportEnabled: false,
  expandImportExclude: '',
  lazyImportExclude: '',
  lazyImportInclude: '',
  ignoreCrossplatformCheck: false,
  skipOhModulesLint: false,
  enableStrictCheckOHModule: false,
  disableSendableCheckRules: [],
  useDeclarationFileSignature: false,
  customizedOptions: undefined,
  integratedHsp: false,
  isPreloadSoEnabled: false,
  strictMode: undefined,
  useNormalizedOHMUrl: false,
  caseSensitiveCheck: false,
  aceModuleJsonPath: 'C:\\Users\\lzf\\Desktop\\health_-service_-kit_-sample-code-master\\health_-service_-kit_-sample-code-master\\entry\\build\\default\\intermediates\\res\\default\\ark_module.json',
  appResource: 'C:\\Users\\lzf\\Desktop\\health_-service_-kit_-sample-code-master\\health_-service_-kit_-sample-code-master\\entry\\build\\default\\intermediates\\res\\default\\ResourceTable.txt',
  rawFileResource: 'C:\\Users\\lzf\\Desktop\\health_-service_-kit_-sample-code-master\\health_-service_-kit_-sample-code-master\\entry\\build\\default\\intermediates\\res\\default\\resources\\rawfile',
  resourceTableHash: 'fce136b98a333daacd6837dfafa7c58bc85531faa021073e77ebf6d9e051944e',
  runtimeOS: 'HarmonyOS',
  sdkInfo: 'false:22:6.0.2.130:Release',
  aceModuleRoot: 'C:\\Users\\lzf\\Desktop\\health_-service_-kit_-sample-code-master\\health_-service_-kit_-sample-code-master\\entry\\src\\main\\ets',
  compileMode: 'esmodule',
  aceSuperVisualPath: 'C:\\Users\\lzf\\Desktop\\health_-service_-kit_-sample-code-master\\health_-service_-kit_-sample-code-master\\entry\\src\\main\\supervisual',
  aceBuildJson: 'C:\\Users\\lzf\\Desktop\\health_-service_-kit_-sample-code-master\\health_-service_-kit_-sample-code-master\\entry\\build\\default\\intermediates\\loader\\default\\loader.json',
  cachePath: 'C:\\Users\\lzf\\Desktop\\health_-service_-kit_-sample-code-master\\health_-service_-kit_-sample-code-master\\entry\\build\\default\\cache\\default\\default@CompileArkTS\\esmodule\\debug',
  aceModuleBuild: 'C:\\Users\\lzf\\Desktop\\health_-service_-kit_-sample-code-master\\health_-service_-kit_-sample-code-master\\entry\\build\\default\\intermediates\\loader_out\\default\\ets',
  supportChunks: true,
  declaredFilesPath: undefined,
  shouldCollectDirectImportees: false,
  isByteCodeHarOptimize: false,
  expandImportPath: undefined,
  pkgNameToPkgBriefInfo: {
    entry: {
      pkgRoot: 'C:\\Users\\lzf\\Desktop\\health_-service_-kit_-sample-code-master\\health_-service_-kit_-sample-code-master\\entry',
      originalSourceRoots: undefined,
      sourceRoots: [Array],
      pkgName: 'entry'
    }
  },
  projectModel: {
    'C:\\Users\\lzf\\Desktop\\health_-service_-kit_-sample-code-master\\health_-service_-kit_-sample-code-master\\entry\\src\\main': {
      moduleName: 'entry',
      modulePkgPath: 'C:\\Users\\lzf\\Desktop\\health_-service_-kit_-sample-code-master\\health_-service_-kit_-sample-code-master\\entry',
      belongProjectPath: 'C:\\Users\\lzf\\Desktop\\health_-service_-kit_-sample-code-master\\health_-service_-kit_-sample-code-master'
    },
    'C:\\Users\\lzf\\Desktop\\health_-service_-kit_-sample-code-master\\health_-service_-kit_-sample-code-master\\entry\\src\\ohosTest': {
      moduleName: 'entry_test',
      modulePkgPath: 'C:\\Users\\lzf\\Desktop\\health_-service_-kit_-sample-code-master\\health_-service_-kit_-sample-code-master\\entry',
      belongProjectPath: 'C:\\Users\\lzf\\Desktop\\health_-service_-kit_-sample-code-master\\health_-service_-kit_-sample-code-master'
    },
    'C:\\Users\\lzf\\Desktop\\health_-service_-kit_-sample-code-master\\health_-service_-kit_-sample-code-master\\entry': {
      moduleName: 'entry',
      modulePkgPath: 'C:\\Users\\lzf\\Desktop\\health_-service_-kit_-sample-code-master\\health_-service_-kit_-sample-code-master\\entry',
      belongProjectPath: 'C:\\Users\\lzf\\Desktop\\health_-service_-kit_-sample-code-master\\health_-service_-kit_-sample-code-master'
    },
    'C:\\Users\\lzf\\Desktop\\health_-service_-kit_-sample-code-master\\health_-service_-kit_-sample-code-master': {
      moduleName: 'health_-service_-kit_-sample-code-master',
      modulePkgPath: 'C:\\Users\\lzf\\Desktop\\health_-service_-kit_-sample-code-master\\health_-service_-kit_-sample-code-master',
      belongProjectPath: 'C:\\Users\\lzf\\Desktop\\health_-service_-kit_-sample-code-master\\health_-service_-kit_-sample-code-master'
    }
  },
  pkgJsonFileHash: '53c3da6ecb1d24a3ad581eea1fadab6cbeeaa772966670d8effc1efcec277957',
  allModulePaths: [
    'C:\\Users\\lzf\\Desktop\\health_-service_-kit_-sample-code-master\\health_-service_-kit_-sample-code-master\\entry'
  ],
  routerMap: {},
  obfuscationOptions: undefined,
  byteCodeHarToDependencyKeys: undefined,
  compileBlockPkg: [],
  mockParams: {
    decorator: '@MockSetup',
    packageName: '@ohos/hamock',
    etsSourceRootPath: 'src/main/ets',
    mockConfigPath: undefined,
    mockConfigKey2ModuleInfo: {},
    source2ModuleIdMap: {}
  },
  copyCodeResourceEnable: true,
  copyCodeResourceExcludes: [],
  copyCodeResourceIncludes: undefined,
  uiTransformOptimization: false,
  sdkPath: 'D:/DevEco Studio/sdk',
  needPreloadSoFileSet: {},
  preloadSoFilePath: 'C:\\Users\\lzf\\Desktop\\health_-service_-kit_-sample-code-master\\health_-service_-kit_-sample-code-master\\entry\\build\\default\\intermediates\\preload\\default\\preload.json',
  useSourceHash: false,
  localModuleParamMap: {},
  otherPaths: {
    'entry/*': [
      '..\\*',
      '..\\..\\..\\build\\default\\generated\\profile\\default\\*'
    ]
  },
  collectImportersConfig: undefined
}
[2026-04-21T17:36:55.011] [DEBUG] debug-file - Compile arkts with external api path: D:\DevEco Studio\sdk\default\hms\ets
[2026-04-21T17:36:55.013] [DEBUG] debug-file - default@CompileArkTS work[9] is submitted.
[2026-04-21T17:36:55.013] [DEBUG] debug-file - default@CompileArkTS work[9] is pushed to ready queue.
[2026-04-21T17:36:55.013] [DEBUG] debug-file - A work dispatched to worker[23] failed because unable to get work from ready queue.
[2026-04-21T17:36:55.013] [DEBUG] debug-file - A work dispatched to worker[22] failed because unable to get work from ready queue.
[2026-04-21T17:36:55.013] [DEBUG] debug-file - A work dispatched to worker[21] failed because unable to get work from ready queue.
[2026-04-21T17:36:55.013] [DEBUG] debug-file - A work dispatched to worker[20] failed because unable to get work from ready queue.
[2026-04-21T17:36:55.013] [DEBUG] debug-file - A work dispatched to worker[19] failed because unable to get work from ready queue.
[2026-04-21T17:36:55.013] [DEBUG] debug-file - A work dispatched to worker[18] failed because unable to get work from ready queue.
[2026-04-21T17:36:55.013] [DEBUG] debug-file - A work dispatched to worker[17] failed because unable to get work from ready queue.
[2026-04-21T17:36:55.013] [DEBUG] debug-file - A work dispatched to worker[16] failed because unable to get work from ready queue.
[2026-04-21T17:36:55.013] [DEBUG] debug-file - A work dispatched to worker[15] failed because unable to get work from ready queue.
[2026-04-21T17:36:55.013] [DEBUG] debug-file - A work dispatched to worker[14] failed because unable to get work from ready queue.
[2026-04-21T17:36:55.014] [DEBUG] debug-file - A work dispatched to worker[13] failed because unable to get work from ready queue.
[2026-04-21T17:36:55.014] [DEBUG] debug-file - A work dispatched to worker[12] failed because unable to get work from ready queue.
[2026-04-21T17:36:55.014] [DEBUG] debug-file - A work dispatched to worker[11] failed because unable to get work from ready queue.
[2026-04-21T17:36:55.014] [DEBUG] debug-file - A work dispatched to worker[10] failed because unable to get work from ready queue.
[2026-04-21T17:36:55.014] [DEBUG] debug-file - A work dispatched to worker[9] failed because unable to get work from ready queue.
[2026-04-21T17:36:55.014] [DEBUG] debug-file - A work dispatched to worker[8] failed because unable to get work from ready queue.
[2026-04-21T17:36:55.014] [DEBUG] debug-file - A work dispatched to worker[7] failed because unable to get work from ready queue.
[2026-04-21T17:36:55.014] [DEBUG] debug-file - A work dispatched to worker[6] failed because unable to get work from ready queue.
[2026-04-21T17:36:55.014] [DEBUG] debug-file - A work dispatched to worker[5] failed because unable to get work from ready queue.
[2026-04-21T17:36:55.014] [DEBUG] debug-file - default@CompileArkTS work[9] has been dispatched to worker[4].
[2026-04-21T17:36:55.014] [DEBUG] debug-file - default@CompileArkTS work[9] is dispatched.
[2026-04-21T17:36:55.014] [DEBUG] debug-file - CopyResources startTime: 3859159400700
[2026-04-21T17:36:55.014] [DEBUG] debug-file - default@CompileArkTS work[10] is submitted.
[2026-04-21T17:36:55.014] [DEBUG] debug-file - default@CompileArkTS work[10] is pushed to ready queue.
[2026-04-21T17:36:55.014] [DEBUG] debug-file - A work dispatched to worker[23] failed because unable to get work from ready queue.
[2026-04-21T17:36:55.014] [DEBUG] debug-file - Create  resident worker with id: 22.
[2026-04-21T17:36:55.015] [DEBUG] debug-file - default@CompileArkTS work[10] has been dispatched to worker[22].
[2026-04-21T17:36:55.016] [DEBUG] debug-file - default@CompileArkTS work[10] is dispatched.
[2026-04-21T17:36:55.016] [DEBUG] debug-file - entry : default@CompileArkTS cost memory -0.44286346435546875
[2026-04-21T17:36:55.018] [DEBUG] debug-file - Executing task :entry:default@BuildJS
[2026-04-21T17:36:55.018] [DEBUG] debug-file - Task 'entry:default@BuildJS' cost while wrapping incremental declarations: 1 ms 
[2026-04-21T17:36:55.021] [DEBUG] debug-file - entry : default@BuildJS cost memory 0.16341400146484375
[2026-04-21T17:36:55.021] [DEBUG] debug-file - runTaskFromQueue task cost before running: 294 ms 
[2026-04-21T17:36:55.021] [INFO] debug-file - Finished :entry:default@BuildJS... after 4 ms 
[2026-04-21T17:36:55.022] [DEBUG] debug-file - Executing task :entry:default@CacheNativeLibs
[2026-04-21T17:36:55.023] [DEBUG] debug-file - Task 'entry:default@CacheNativeLibs' cost while wrapping incremental declarations: 1 ms 
[2026-04-21T17:36:55.024] [DEBUG] debug-file - Incremental task entry:default@CacheNativeLibs pre-execution cost: 2 ms .
[2026-04-21T17:36:55.025] [DEBUG] debug-file - entry : default@CacheNativeLibs cost memory 0.09992218017578125
[2026-04-21T17:36:55.025] [INFO] debug-file - UP-TO-DATE :entry:default@CacheNativeLibs...  
[2026-04-21T17:36:56.217] [DEBUG] debug-file - worker[22] has one work done.
[2026-04-21T17:36:56.217] [DEBUG] debug-file - CopyResources is end, endTime: 3860362566100
[2026-04-21T17:36:56.217] [DEBUG] debug-file - default@CompileArkTS work[10] done.
[2026-04-21T17:36:56.217] [DEBUG] debug-file - A work dispatched to worker[22] failed because unable to get work from ready queue.
[2026-04-21T17:36:56.717] [DEBUG] debug-file - Ark compile task finished.finished time is 3860862440100
[2026-04-21T17:36:56.717] [DEBUG] debug-file - worker[4] has one work error.
[2026-04-21T17:36:56.718] [DEBUG] debug-file - default@CompileArkTS work[9] failed.
[2026-04-21T17:36:56.718] [ERROR] debug-file - Failed :entry:default@CompileArkTS... 
[2026-04-21T17:36:56.718] [WARN] debug-file - 
[33m1 WARN: [33m[33mArkTS:WARN: For details about ArkTS syntax errors, see FAQs[39m[39m
[33m2 WARN: [33m[33mArkTS:WARN File: C:/Users/lzf/Desktop/health_-service_-kit_-sample-code-master/health_-service_-kit_-sample-code-master/entry/src/main/ets/pages/AuthIndex.ets:19:48
 'getContext' has been deprecated.
[39m[39m
[2026-04-21T17:36:56.718] [DEBUG] debug-file - hvigor build process will be closed with an error.
[2026-04-21T17:36:56.719] [DEBUG] debug-file - ERROR: stacktrace = Error: ArkTS Compiler Error
[31m1 ERROR: [31m10605008 ArkTS Compiler Error
Error Message: Use explicit types instead of "any", "unknown" (arkts-no-any-unknown) At File: C:/Users/lzf/Desktop/health_-service_-kit_-sample-code-master/health_-service_-kit_-sample-code-master/entry/src/main/ets/pages/MainIndex.ets:116:39
[39m
[39m
[31m2 ERROR: [31m10605008 ArkTS Compiler Error
Error Message: Use explicit types instead of "any", "unknown" (arkts-no-any-unknown) At File: C:/Users/lzf/Desktop/health_-service_-kit_-sample-code-master/health_-service_-kit_-sample-code-master/entry/src/main/ets/pages/MainIndex.ets:155:8
[39m
[39m
[31m3 ERROR: [31m10605008 ArkTS Compiler Error
Error Message: Use explicit types instead of "any", "unknown" (arkts-no-any-unknown) At File: C:/Users/lzf/Desktop/health_-service_-kit_-sample-code-master/health_-service_-kit_-sample-code-master/entry/src/main/ets/pages/MainIndex.ets:155:15
[39m
[39m
[31m4 ERROR: [31m10605008 ArkTS Compiler Error
Error Message: Use explicit types instead of "any", "unknown" (arkts-no-any-unknown) At File: C:/Users/lzf/Desktop/health_-service_-kit_-sample-code-master/health_-service_-kit_-sample-code-master/entry/src/main/ets/pages/MainIndex.ets:155:21
[39m
[39m
[31mCOMPILE RESULT:FAIL {ERROR:5 WARN:2}[39m
    at runArkPack (D:\DevEco Studio\tools\hvigor\hvigor-ohos-plugin\node_modules\@ohos\hvigor-arkts-compose\dist\src\arkts-pack.js:1:5860)
ArkTSCompilerError: ArkTS Compiler Error
    at throwArkTsCompilerError (D:\DevEco Studio\tools\hvigor\hvigor-ohos-plugin\node_modules\@ohos\hvigor-arkts-compose\dist\src\data\compose-error.js:1:423)
    at throwErrorIfHasErrorInfo (D:\DevEco Studio\tools\hvigor\hvigor-ohos-plugin\node_modules\@ohos\hvigor-arkts-compose\dist\src\plugins\common-plugin.js:1:4478)
    at Object.handler (D:\DevEco Studio\tools\hvigor\hvigor-ohos-plugin\node_modules\@ohos\hvigor-arkts-compose\dist\src\plugins\common-plugin.js:1:2547)
    at D:\DevEco Studio\tools\hvigor\hvigor-ohos-plugin\node_modules\@ohos\hvigor-arkts-base\node_modules\rollup\dist\shared\rollup.js:27765:40
[2026-04-21T17:36:56.719] [ERROR] debug-file - Error: ArkTS Compiler Error
[31m1 ERROR: [31m10605008 ArkTS Compiler Error
Error Message: Use explicit types instead of "any", "unknown" (arkts-no-any-unknown) At File: C:/Users/lzf/Desktop/health_-service_-kit_-sample-code-master/health_-service_-kit_-sample-code-master/entry/src/main/ets/pages/MainIndex.ets:116:39
[39m
[39m
[31m2 ERROR: [31m10605008 ArkTS Compiler Error
Error Message: Use explicit types instead of "any", "unknown" (arkts-no-any-unknown) At File: C:/Users/lzf/Desktop/health_-service_-kit_-sample-code-master/health_-service_-kit_-sample-code-master/entry/src/main/ets/pages/MainIndex.ets:155:8
[39m
[39m
[31m3 ERROR: [31m10605008 ArkTS Compiler Error
Error Message: Use explicit types instead of "any", "unknown" (arkts-no-any-unknown) At File: C:/Users/lzf/Desktop/health_-service_-kit_-sample-code-master/health_-service_-kit_-sample-code-master/entry/src/main/ets/pages/MainIndex.ets:155:15
[39m
[39m
[31m4 ERROR: [31m10605008 ArkTS Compiler Error
Error Message: Use explicit types instead of "any", "unknown" (arkts-no-any-unknown) At File: C:/Users/lzf/Desktop/health_-service_-kit_-sample-code-master/health_-service_-kit_-sample-code-master/entry/src/main/ets/pages/MainIndex.ets:155:21
[39m
[39m
[31mCOMPILE RESULT:FAIL {ERROR:5 WARN:2}[39m
    at runArkPack (D:\DevEco Studio\tools\hvigor\hvigor-ohos-plugin\node_modules\@ohos\hvigor-arkts-compose\dist\src\arkts-pack.js:1:5860)
ArkTSCompilerError: ArkTS Compiler Error
    at throwArkTsCompilerError (D:\DevEco Studio\tools\hvigor\hvigor-ohos-plugin\node_modules\@ohos\hvigor-arkts-compose\dist\src\data\compose-error.js:1:423)
    at throwErrorIfHasErrorInfo (D:\DevEco Studio\tools\hvigor\hvigor-ohos-plugin\node_modules\@ohos\hvigor-arkts-compose\dist\src\plugins\common-plugin.js:1:4478)
    at Object.handler (D:\DevEco Studio\tools\hvigor\hvigor-ohos-plugin\node_modules\@ohos\hvigor-arkts-compose\dist\src\plugins\common-plugin.js:1:2547)
    at D:\DevEco Studio\tools\hvigor\hvigor-ohos-plugin\node_modules\@ohos\hvigor-arkts-base\node_modules\rollup\dist\shared\rollup.js:27765:40
[2026-04-21T17:36:56.730] [ERROR] debug-file - BUILD FAILED in 2 s 2 ms 
[2026-04-21T17:36:56.730] [DEBUG] debug-file - There is no need to refresh cache, since the incremental task entry:default@PreBuild is up-to-date.
[2026-04-21T17:36:56.730] [DEBUG] debug-file - Update task entry:default@CreateModuleInfo output file:C:\Users\lzf\Desktop\health_-service_-kit_-sample-code-master\health_-service_-kit_-sample-code-master\entry\build\default\generated\profile\default\ModuleInfo.ts cache.
[2026-04-21T17:36:56.730] [DEBUG] debug-file - Incremental task entry:default@CreateModuleInfo post-execution cost:1 ms .
[2026-04-21T17:36:56.730] [DEBUG] debug-file - There is no need to refresh cache, since the incremental task entry:default@GenerateMetadata is up-to-date.
[2026-04-21T17:36:56.730] [DEBUG] debug-file - There is no need to refresh cache, since the incremental task entry:default@MergeProfile is up-to-date.
[2026-04-21T17:36:56.730] [DEBUG] debug-file - There is no need to refresh cache, since the incremental task entry:default@CreateBuildProfile is up-to-date.
[2026-04-21T17:36:56.731] [DEBUG] debug-file - Update task entry:default@GeneratePkgContextInfo output file:C:\Users\lzf\Desktop\health_-service_-kit_-sample-code-master\health_-service_-kit_-sample-code-master\entry\build\default\intermediates\loader\default\pkgContextInfo.json cache.
[2026-04-21T17:36:56.731] [DEBUG] debug-file - Incremental task entry:default@GeneratePkgContextInfo post-execution cost:1 ms .
[2026-04-21T17:36:56.731] [DEBUG] debug-file - Update task entry:default@ProcessIntegratedHsp output file:C:\Users\lzf\Desktop\health_-service_-kit_-sample-code-master\health_-service_-kit_-sample-code-master\build\cache\default\integrated_hsp\integratedHspCache.json cache.
[2026-04-21T17:36:56.731] [DEBUG] debug-file - Incremental task entry:default@ProcessIntegratedHsp post-execution cost:1 ms .
[2026-04-21T17:36:56.731] [DEBUG] debug-file - There is no need to refresh cache, since the incremental task entry:default@MakePackInfo is up-to-date.
[2026-04-21T17:36:56.731] [DEBUG] debug-file - Update task entry:default@SyscapTransform input file:D:\DevEco Studio\sdk\default\openharmony\toolchains\syscap_tool.exe cache by regenerate.
[2026-04-21T17:36:56.732] [DEBUG] debug-file - Update task entry:default@SyscapTransform input file:D:\DevEco Studio\sdk\default\openharmony\ets\api\device-define cache by regenerate.
[2026-04-21T17:36:56.733] [DEBUG] debug-file - Update task entry:default@SyscapTransform output file:C:\Users\lzf\Desktop\health_-service_-kit_-sample-code-master\health_-service_-kit_-sample-code-master\entry\build\default\intermediates\syscap\default\rpcid.sc cache.
[2026-04-21T17:36:56.733] [DEBUG] debug-file - Incremental task entry:default@SyscapTransform post-execution cost:2 ms .
[2026-04-21T17:36:56.733] [DEBUG] debug-file - There is no need to refresh cache, since the incremental task entry:default@ProcessProfile is up-to-date.
[2026-04-21T17:36:56.733] [DEBUG] debug-file - There is no need to refresh cache, since the incremental task entry:default@ProcessRouterMap is up-to-date.
[2026-04-21T17:36:56.734] [DEBUG] debug-file - There is no need to refresh cache, since the incremental task entry:default@ProcessShareConfig is up-to-date.
[2026-04-21T17:36:56.734] [DEBUG] debug-file - Update task entry:default@ProcessStartupConfig output file:C:\Users\lzf\Desktop\health_-service_-kit_-sample-code-master\health_-service_-kit_-sample-code-master\entry\build\default\intermediates\startup\default\startup_config.json cache.
[2026-04-21T17:36:56.734] [DEBUG] debug-file - Incremental task entry:default@ProcessStartupConfig post-execution cost:1 ms .
[2026-04-21T17:36:56.734] [DEBUG] debug-file - There is no need to refresh cache, since the incremental task entry:default@ProcessResource is up-to-date.
[2026-04-21T17:36:56.734] [DEBUG] debug-file - There is no need to refresh cache, since the incremental task entry:default@GenerateLoaderJson is up-to-date.
[2026-04-21T17:36:56.734] [DEBUG] debug-file - There is no need to refresh cache, since the incremental task entry:default@ProcessLibs is up-to-date.
[2026-04-21T17:36:56.734] [DEBUG] debug-file - There is no need to refresh cache, since the incremental task entry:default@CompileResource is up-to-date.
[2026-04-21T17:36:56.734] [DEBUG] debug-file - There is no need to refresh cache, since the incremental task entry:default@DoNativeStrip is up-to-date.
[2026-04-21T17:36:56.735] [DEBUG] debug-file - Update task entry:default@CompileArkTS input file:C:\Users\lzf\Desktop\health_-service_-kit_-sample-code-master\health_-service_-kit_-sample-code-master\entry\build\default\intermediates\loader\default cache by regenerate.
[2026-04-21T17:36:56.736] [DEBUG] debug-file - Update task entry:default@CompileArkTS input file:C:\Users\lzf\Desktop\health_-service_-kit_-sample-code-master\health_-service_-kit_-sample-code-master\entry\build\default\intermediates\res\default\ResourceTable.txt cache by regenerate.
[2026-04-21T17:36:56.736] [DEBUG] debug-file - Update task entry:default@CompileArkTS input file:C:\Users\lzf\Desktop\health_-service_-kit_-sample-code-master\health_-service_-kit_-sample-code-master\entry\build\default\intermediates\res\default\ark_module.json cache by regenerate.
[2026-04-21T17:36:56.736] [DEBUG] debug-file - Update task entry:default@CompileArkTS input file:C:\Users\lzf\Desktop\health_-service_-kit_-sample-code-master\health_-service_-kit_-sample-code-master\entry\build\default\intermediates\res\default\resources\base\profile cache by regenerate.
[2026-04-21T17:36:56.737] [DEBUG] debug-file - Update task entry:default@CompileArkTS input file:C:\Users\lzf\Desktop\health_-service_-kit_-sample-code-master\health_-service_-kit_-sample-code-master\entry\src\main\ets cache by regenerate.
[2026-04-21T17:36:56.740] [DEBUG] debug-file - Update task entry:default@CompileArkTS input file:C:\Users\lzf\Desktop\health_-service_-kit_-sample-code-master\health_-service_-kit_-sample-code-master\entry\build\default\generated\profile\default\BuildProfile.ets cache by regenerate.
[2026-04-21T17:36:56.740] [DEBUG] debug-file - Update task entry:default@CompileArkTS output file:C:\Users\lzf\Desktop\health_-service_-kit_-sample-code-master\health_-service_-kit_-sample-code-master\entry\build\default\intermediates\loader_out\default\ets cache.
[2026-04-21T17:36:56.741] [DEBUG] debug-file - Incremental task entry:default@CompileArkTS post-execution cost:7 ms .
[2026-04-21T17:36:56.742] [DEBUG] debug-file - Update task entry:default@BuildJS input file:C:\Users\lzf\Desktop\health_-service_-kit_-sample-code-master\health_-service_-kit_-sample-code-master\entry\build\default\intermediates\loader\default cache by regenerate.
[2026-04-21T17:36:56.743] [DEBUG] debug-file - Update task entry:default@BuildJS input file:C:\Users\lzf\Desktop\health_-service_-kit_-sample-code-master\health_-service_-kit_-sample-code-master\entry\build\default\intermediates\res\default\ResourceTable.txt cache by regenerate.
[2026-04-21T17:36:56.743] [DEBUG] debug-file - Update task entry:default@BuildJS input file:C:\Users\lzf\Desktop\health_-service_-kit_-sample-code-master\health_-service_-kit_-sample-code-master\entry\build\default\intermediates\res\default\ark_module.json cache by regenerate.
[2026-04-21T17:36:56.743] [DEBUG] debug-file - Update task entry:default@BuildJS input file:C:\Users\lzf\Desktop\health_-service_-kit_-sample-code-master\health_-service_-kit_-sample-code-master\entry\build\default\intermediates\res\default\resources\base\profile cache by regenerate.
[2026-04-21T17:36:56.744] [DEBUG] debug-file - Update task entry:default@BuildJS output file:C:\Users\lzf\Desktop\health_-service_-kit_-sample-code-master\health_-service_-kit_-sample-code-master\entry\build\default\intermediates\loader_out\default\js cache.
[2026-04-21T17:36:56.744] [DEBUG] debug-file - Incremental task entry:default@BuildJS post-execution cost:4 ms .
[2026-04-21T17:36:56.744] [DEBUG] debug-file - There is no need to refresh cache, since the incremental task entry:default@CacheNativeLibs is up-to-date.
[2026-04-21T17:36:56.766] [DEBUG] debug-file - Cleanup worker 22.
[2026-04-21T17:36:56.766] [DEBUG] debug-file - Worker 22 has been cleaned up.
[2026-04-21T17:36:56.766] [DEBUG] debug-file - Current idle worker size: 1.
[2026-04-21T17:36:56.766] [DEBUG] debug-file - Current resident worker size: 2.
[2026-04-21T17:36:56.767] [DEBUG] debug-file - hvigor build process will be closed.
[2026-04-21T17:36:56.776] [DEBUG] debug-file - session manager: send message to worker process.
[2026-04-21T17:36:56.777] [DEBUG] debug-file - session manager: send message to worker process.
[2026-04-21T17:36:56.777] [DEBUG] debug-file - watch worker: worker id should be larger than 0. Nothing will be sent to any worker thread.
[2026-04-21T17:36:56.778] [DEBUG] debug-file - watch worker: worker id should be larger than 0. Nothing will be sent to any worker thread.
[2026-04-21T17:36:56.785] [DEBUG] debug-file - worker[22] exits with exit code 1.
[2026-04-21T17:38:00.661] [DEBUG] debug-file - session manager: set active socket. socketId=w9EhbsLBWOyZh7F1AAAN
[2026-04-21T17:38:00.669] [DEBUG] debug-file - watch worker: worker id should be larger than 0. Nothing will be sent to any worker thread.
[2026-04-21T17:38:00.673] [DEBUG] debug-file - Workers' log level updated to INFO
[2026-04-21T17:38:00.676] [DEBUG] debug-file - Hvigor init with startParameters:{
  hvigorfileTypeCheck: false,
  parallelExecution: true,
  incrementalExecution: true,
  printStackTrace: false,
  daemon: true,
  analyze: 0,
  logLevel: Level { level: 20000, levelStr: 'INFO', colour: 'green' },
  optimizationStrategy: 'memory',
  hotCompile: undefined,
  hotReloadBuild: undefined,
  customizedParam: undefined
}
[2026-04-21T17:38:00.680] [DEBUG] debug-file - Cache service initialization finished in 4 ms 
[2026-04-21T17:38:00.681] [DEBUG] debug-file - hvigorfile, resolving C:\Users\lzf\Desktop\health_-service_-kit_-sample-code-master\health_-service_-kit_-sample-code-master\hvigorfile.ts
[2026-04-21T17:38:00.688] [DEBUG] debug-file - hvigorfile, require result:  { default: { plugins: [] } }
[2026-04-21T17:38:00.688] [DEBUG] debug-file - hvigorfile, binding system plugins null
[2026-04-21T17:38:00.689] [DEBUG] debug-file - Starting plugin build process
[2026-04-21T17:38:00.689] [DEBUG] debug-file - App plugin prepare start...
[2026-04-21T17:38:00.689] [DEBUG] debug-file - App plugin prepare end...
[2026-04-21T17:38:00.689] [DEBUG] debug-file - App plugin creating...
[2026-04-21T17:38:00.694] [DEBUG] debug-file - App plugin register hook start...
[2026-04-21T17:38:00.694] [DEBUG] debug-file - App plugin register hook end...
[2026-04-21T17:38:00.695] [DEBUG] debug-file - Plugin build process completed
[2026-04-21T17:38:00.695] [DEBUG] debug-file - Start initialize project's product build option map with build mode debug.
[2026-04-21T17:38:00.695] [DEBUG] debug-file - Picking option from product 'default' with build mode 'debug'.
[2026-04-21T17:38:00.695] [DEBUG] debug-file - Product 'default' build option initialized
[2026-04-21T17:38:00.695] [DEBUG] debug-file - End initialize project's product build option map with build mode 'debug'.
[2026-04-21T17:38:00.696] [DEBUG] debug-file - Obtain build option for product 'default'in this build.
[2026-04-21T17:38:00.697] [DEBUG] debug-file - No signingConfig found, initRemoteHspCache failed.
[2026-04-21T17:38:00.700] [DEBUG] debug-file - Start recording SDK configuration permission data.
[2026-04-21T17:38:00.735] [DEBUG] debug-file - Sdk init in 38 ms 
[2026-04-21T17:38:00.739] [DEBUG] debug-file - Project task initialization takes 4 ms 
[2026-04-21T17:38:00.739] [DEBUG] debug-file - hvigorfile, binding custom plugins []
[2026-04-21T17:38:00.739] [DEBUG] debug-file - hvigorfile, no custom plugins were found in C:\Users\lzf\Desktop\health_-service_-kit_-sample-code-master\health_-service_-kit_-sample-code-master\hvigorfile.ts
[2026-04-21T17:38:00.739] [DEBUG] debug-file - hvigorfile, resolve finished C:\Users\lzf\Desktop\health_-service_-kit_-sample-code-master\health_-service_-kit_-sample-code-master\hvigorfile.ts
[2026-04-21T17:38:00.740] [DEBUG] debug-file - hvigorfile, resolving C:\Users\lzf\Desktop\health_-service_-kit_-sample-code-master\health_-service_-kit_-sample-code-master\entry\hvigorfile.ts
[2026-04-21T17:38:00.745] [DEBUG] debug-file - hvigorfile, require result:  { default: { plugins: [] } }
[2026-04-21T17:38:00.746] [DEBUG] debug-file - hvigorfile, binding system plugins null
[2026-04-21T17:38:00.746] [DEBUG] debug-file - Starting plugin build process
[2026-04-21T17:38:00.746] [DEBUG] debug-file - Hap plugin creating...
[2026-04-21T17:38:00.748] [DEBUG] debug-file - failed to load cangjie to dynamically generate schemas: Error: Cannot find module '@ohos/cangjie-build-support/index'
Require stack:
- D:\DevEco Studio\tools\hvigor\hvigor-ohos-plugin\src\plugin\hooks\cangjie-register.js
- D:\DevEco Studio\tools\hvigor\hvigor-ohos-plugin\src\plugin\strategy\stage-init-strategy.js
- D:\DevEco Studio\tools\hvigor\hvigor-ohos-plugin\src\plugin\builder\abstract-plugin-builder.js
- D:\DevEco Studio\tools\hvigor\hvigor-ohos-plugin\src\plugin\builder\app-plugin-builder.js
- D:\DevEco Studio\tools\hvigor\hvigor-ohos-plugin\src\plugin\factory\plugin-factory.js
- D:\DevEco Studio\tools\hvigor\hvigor-ohos-plugin\index.js
- C:\Users\lzf\Desktop\health_-service_-kit_-sample-code-master\health_-service_-kit_-sample-code-master\hvigorfile.ts
- D:\DevEco Studio\tools\hvigor\hvigor\src\base\internal\lifecycle\configuration.js
- D:\DevEco Studio\tools\hvigor\hvigor\src\base\boot\index.js
- D:\DevEco Studio\tools\hvigor\hvigor\src\base\daemon\cluster\worker-process-lifecycle.js
- D:\DevEco Studio\tools\hvigor\hvigor\src\base\daemon\process\daemon-process-boot-script.js
[2026-04-21T17:38:00.751] [DEBUG] debug-file - Start initialize module-target build option map, moduleName=entry, buildMode=debug
[2026-04-21T17:38:00.751] [DEBUG] debug-file - Target 'default' config initialized
[2026-04-21T17:38:00.751] [DEBUG] debug-file - Target 'ohosTest' config initialized
[2026-04-21T17:38:00.751] [DEBUG] debug-file - Module 'entry' target 'default' build option initialized
[2026-04-21T17:38:00.752] [DEBUG] debug-file - Module 'entry' target 'ohosTest' build option initialized
[2026-04-21T17:38:00.753] [DEBUG] debug-file - End initialize module-target build option map, moduleName=entry
[2026-04-21T17:38:00.753] [DEBUG] debug-file - Start initialize module-target build option map, moduleName=entry, buildMode=release
[2026-04-21T17:38:00.753] [DEBUG] debug-file - Target 'default' config initialized
[2026-04-21T17:38:00.753] [DEBUG] debug-file - Target 'ohosTest' config initialized
[2026-04-21T17:38:00.753] [DEBUG] debug-file - Module 'entry' target 'default' build option initialized
[2026-04-21T17:38:00.753] [DEBUG] debug-file - Module 'entry' target 'ohosTest' build option initialized
[2026-04-21T17:38:00.753] [DEBUG] debug-file - End initialize module-target build option map, moduleName=entry
[2026-04-21T17:38:00.753] [DEBUG] debug-file - Start initialize module-target build option map, moduleName=entry, buildMode=debug
[2026-04-21T17:38:00.753] [DEBUG] debug-file - Target 'default' config initialized
[2026-04-21T17:38:00.753] [DEBUG] debug-file - Target 'ohosTest' config initialized
[2026-04-21T17:38:00.753] [DEBUG] debug-file - Module 'entry' target 'default' build option initialized
[2026-04-21T17:38:00.754] [DEBUG] debug-file - Module 'entry' target 'ohosTest' build option initialized
[2026-04-21T17:38:00.754] [DEBUG] debug-file - End initialize module-target build option map, moduleName=entry
[2026-04-21T17:38:00.754] [DEBUG] debug-file - Obtain build option for module 'entry' target 'default'in this build.
[2026-04-21T17:38:00.755] [DEBUG] debug-file - Module entry task initialization takes 2 ms 
[2026-04-21T17:38:00.756] [DEBUG] debug-file - Hap plugin register hook start...
[2026-04-21T17:38:00.756] [DEBUG] debug-file - Hap plugin register hook end...
[2026-04-21T17:38:00.756] [DEBUG] debug-file - Plugin build process completed
[2026-04-21T17:38:00.756] [DEBUG] debug-file - hvigorfile, binding custom plugins []
[2026-04-21T17:38:00.756] [DEBUG] debug-file - hvigorfile, no custom plugins were found in C:\Users\lzf\Desktop\health_-service_-kit_-sample-code-master\health_-service_-kit_-sample-code-master\entry\hvigorfile.ts
[2026-04-21T17:38:00.756] [DEBUG] debug-file - hvigorfile, resolve finished C:\Users\lzf\Desktop\health_-service_-kit_-sample-code-master\health_-service_-kit_-sample-code-master\entry\hvigorfile.ts
[2026-04-21T17:38:00.780] [DEBUG] debug-file - hvigorfile, resolve hvigorfile dependencies in 24 ms 
[2026-04-21T17:38:00.780] [DEBUG] debug-file - project has submodules:entry
[2026-04-21T17:38:00.781] [DEBUG] debug-file - start to load updatedOhPackageInfo to the disk
[2026-04-21T17:38:00.788] [DEBUG] debug-file - load to the disk finished
[2026-04-21T17:38:00.789] [DEBUG] debug-file - Start to initialize dependency information.
[2026-04-21T17:38:00.792] [DEBUG] debug-file - Module health_-service_-kit_-sample-code-master Collected Dependency: 
[2026-04-21T17:38:00.792] [DEBUG] debug-file - Module health_-service_-kit_-sample-code-master's total dependency: 0
[2026-04-21T17:38:00.793] [DEBUG] debug-file - Start to initialize dependency information.
[2026-04-21T17:38:00.795] [DEBUG] debug-file - Module entry Collected Dependency: 
[2026-04-21T17:38:00.795] [DEBUG] debug-file - Module entry's total dependency: 0
[2026-04-21T17:38:00.797] [DEBUG] debug-file - Configuration phase cost:117 ms 
[2026-04-21T17:38:00.798] [DEBUG] debug-file - Configuration task cost before running: 125 ms 
[2026-04-21T17:38:00.802] [DEBUG] debug-file - Executing task :entry:default@PreBuild
[2026-04-21T17:38:00.803] [WARN] debug-file - The project has not explicitly set the 'targetSdkVersion' version at build-profile.json5. It is recommended to configure it. Reference: https://developer.huawei.com/consumer/cn/doc/harmonyos-guides/ide-hvigor-build-profile-app#section45865492619
[2026-04-21T17:38:00.804] [DEBUG] debug-file - Task 'entry:default@PreBuild' cost while wrapping incremental declarations: 1 ms 
[2026-04-21T17:38:00.810] [DEBUG] debug-file - Incremental task entry:default@PreBuild pre-execution cost: 5 ms .
[2026-04-21T17:38:00.810] [DEBUG] debug-file - entry : default@PreBuild cost memory 0.3645782470703125
[2026-04-21T17:38:00.812] [INFO] debug-file - UP-TO-DATE :entry:default@PreBuild...  
[2026-04-21T17:38:00.813] [DEBUG] debug-file - Executing task :entry:default@CreateModuleInfo
[2026-04-21T17:38:00.813] [DEBUG] debug-file - Task 'entry:default@CreateModuleInfo' cost while wrapping incremental declarations: 1 ms 
[2026-04-21T17:38:00.814] [DEBUG] debug-file - entry : default@CreateModuleInfo cost memory 0.0436248779296875
[2026-04-21T17:38:00.814] [DEBUG] debug-file - runTaskFromQueue task cost before running: 141 ms 
[2026-04-21T17:38:00.814] [INFO] debug-file - Finished :entry:default@CreateModuleInfo... after 1 ms 
[2026-04-21T17:38:00.815] [DEBUG] debug-file - Executing task :entry:default@GenerateMetadata
[2026-04-21T17:38:00.816] [DEBUG] debug-file - Task 'entry:default@GenerateMetadata' cost while wrapping incremental declarations: 1 ms 
[2026-04-21T17:38:00.816] [DEBUG] debug-file - Incremental task entry:default@GenerateMetadata pre-execution cost: 1 ms .
[2026-04-21T17:38:00.817] [DEBUG] debug-file - entry : default@GenerateMetadata cost memory 0.08687591552734375
[2026-04-21T17:38:00.817] [INFO] debug-file - UP-TO-DATE :entry:default@GenerateMetadata...  
[2026-04-21T17:38:00.818] [DEBUG] debug-file - Executing task :entry:default@ConfigureCmake
[2026-04-21T17:38:00.818] [DEBUG] debug-file - entry : default@ConfigureCmake cost memory 0.0141448974609375
[2026-04-21T17:38:00.818] [DEBUG] debug-file - runTaskFromQueue task cost before running: 145 ms 
[2026-04-21T17:38:00.818] [INFO] debug-file - Finished :entry:default@ConfigureCmake... after 1 ms 
[2026-04-21T17:38:00.819] [DEBUG] debug-file - Executing task :entry:default@MergeProfile
[2026-04-21T17:38:00.819] [DEBUG] debug-file - Task 'entry:default@MergeProfile' cost while wrapping incremental declarations: 1 ms 
[2026-04-21T17:38:00.822] [DEBUG] debug-file - Incremental task entry:default@MergeProfile pre-execution cost: 2 ms .
[2026-04-21T17:38:00.822] [DEBUG] debug-file - entry : default@MergeProfile cost memory 0.1513824462890625
[2026-04-21T17:38:00.822] [INFO] debug-file - UP-TO-DATE :entry:default@MergeProfile...  
[2026-04-21T17:38:00.823] [DEBUG] debug-file - Executing task :entry:default@CreateBuildProfile
[2026-04-21T17:38:00.823] [DEBUG] debug-file - Task 'entry:default@CreateBuildProfile' cost while wrapping incremental declarations: 1 ms 
[2026-04-21T17:38:00.824] [DEBUG] debug-file - Incremental task entry:default@CreateBuildProfile pre-execution cost: 1 ms .
[2026-04-21T17:38:00.825] [DEBUG] debug-file - entry : default@CreateBuildProfile cost memory 0.09891510009765625
[2026-04-21T17:38:00.825] [INFO] debug-file - UP-TO-DATE :entry:default@CreateBuildProfile...  
[2026-04-21T17:38:00.826] [DEBUG] debug-file - Executing task :entry:default@PreCheckSyscap
[2026-04-21T17:38:00.826] [DEBUG] debug-file - entry : default@PreCheckSyscap cost memory 0.0144195556640625
[2026-04-21T17:38:00.826] [DEBUG] debug-file - runTaskFromQueue task cost before running: 154 ms 
[2026-04-21T17:38:00.827] [INFO] debug-file - Finished :entry:default@PreCheckSyscap... after 1 ms 
[2026-04-21T17:38:00.828] [DEBUG] debug-file - Executing task :entry:default@GeneratePkgContextInfo
[2026-04-21T17:38:00.832] [DEBUG] debug-file - Task 'entry:default@GeneratePkgContextInfo' cost while wrapping incremental declarations: 1 ms 
[2026-04-21T17:38:00.833] [DEBUG] debug-file - entry : default@GeneratePkgContextInfo cost memory -1.30340576171875
[2026-04-21T17:38:00.833] [DEBUG] debug-file - runTaskFromQueue task cost before running: 160 ms 
[2026-04-21T17:38:00.833] [INFO] debug-file - Finished :entry:default@GeneratePkgContextInfo... after 5 ms 
[2026-04-21T17:38:00.836] [DEBUG] debug-file - Executing task :entry:default@ProcessIntegratedHsp
[2026-04-21T17:38:00.836] [DEBUG] debug-file - entry:default@ProcessIntegratedHsp is not up-to-date, since the output file 'C:\Users\lzf\Desktop\health_-service_-kit_-sample-code-master\health_-service_-kit_-sample-code-master\build\cache\default\integrated_hsp\integratedHspCache.json' does not exist.
[2026-04-21T17:38:00.836] [DEBUG] debug-file - Incremental task entry:default@ProcessIntegratedHsp pre-execution cost: 1 ms .
[2026-04-21T17:38:00.836] [DEBUG] debug-file - entry : default@ProcessIntegratedHsp cost memory 0.06710052490234375
[2026-04-21T17:38:00.837] [DEBUG] debug-file - runTaskFromQueue task cost before running: 164 ms 
[2026-04-21T17:38:00.837] [INFO] debug-file - Finished :entry:default@ProcessIntegratedHsp... after 1 ms 
[2026-04-21T17:38:00.838] [DEBUG] debug-file - Executing task :entry:default@BuildNativeWithCmake
[2026-04-21T17:38:00.838] [DEBUG] debug-file - entry : default@BuildNativeWithCmake cost memory 0.01419830322265625
[2026-04-21T17:38:00.838] [DEBUG] debug-file - runTaskFromQueue task cost before running: 165 ms 
[2026-04-21T17:38:00.838] [INFO] debug-file - Finished :entry:default@BuildNativeWithCmake... after 1 ms 
[2026-04-21T17:38:00.839] [DEBUG] debug-file - Executing task :entry:default@MakePackInfo
[2026-04-21T17:38:00.840] [DEBUG] debug-file - Incremental task entry:default@MakePackInfo pre-execution cost: 2 ms .
[2026-04-21T17:38:00.841] [DEBUG] debug-file - entry : default@MakePackInfo cost memory 0.11190032958984375
[2026-04-21T17:38:00.841] [INFO] debug-file - UP-TO-DATE :entry:default@MakePackInfo...  
[2026-04-21T17:38:00.842] [DEBUG] debug-file - Executing task :entry:default@SyscapTransform
[2026-04-21T17:38:00.842] [DEBUG] debug-file - File: 'C:\Users\lzf\Desktop\health_-service_-kit_-sample-code-master\health_-service_-kit_-sample-code-master\entry\src\main\syscap.json' from 'sysCapJsonPath' is not exists, just ignore.
[2026-04-21T17:38:00.843] [DEBUG] debug-file - Task 'entry:default@SyscapTransform' cost while wrapping incremental declarations: 1 ms 
[2026-04-21T17:38:00.844] [DEBUG] debug-file - entry:default@SyscapTransform is not up-to-date, since the output file 'C:\Users\lzf\Desktop\health_-service_-kit_-sample-code-master\health_-service_-kit_-sample-code-master\entry\build\default\intermediates\syscap\default\rpcid.sc' does not exist.
[2026-04-21T17:38:00.844] [DEBUG] debug-file - Incremental task entry:default@SyscapTransform pre-execution cost: 2 ms .
[2026-04-21T17:38:00.844] [DEBUG] debug-file - entry : default@SyscapTransform cost memory 0.139801025390625
[2026-04-21T17:38:00.844] [DEBUG] debug-file - runTaskFromQueue task cost before running: 171 ms 
[2026-04-21T17:38:00.844] [INFO] debug-file - Finished :entry:default@SyscapTransform... after 3 ms 
[2026-04-21T17:38:00.845] [DEBUG] debug-file - Executing task :entry:default@ProcessProfile
[2026-04-21T17:38:00.846] [DEBUG] debug-file - Task 'entry:default@ProcessProfile' cost while wrapping incremental declarations: 1 ms 
[2026-04-21T17:38:00.847] [DEBUG] debug-file - Incremental task entry:default@ProcessProfile pre-execution cost: 1 ms .
[2026-04-21T17:38:00.847] [DEBUG] debug-file - entry : default@ProcessProfile cost memory 0.1290435791015625
[2026-04-21T17:38:00.848] [INFO] debug-file - UP-TO-DATE :entry:default@ProcessProfile...  
[2026-04-21T17:38:00.849] [DEBUG] debug-file - Executing task :entry:default@ProcessRouterMap
[2026-04-21T17:38:00.851] [DEBUG] debug-file - Incremental task entry:default@ProcessRouterMap pre-execution cost: 2 ms .
[2026-04-21T17:38:00.851] [DEBUG] debug-file - entry : default@ProcessRouterMap cost memory 0.1576690673828125
[2026-04-21T17:38:00.852] [INFO] debug-file - UP-TO-DATE :entry:default@ProcessRouterMap...  
[2026-04-21T17:38:00.853] [DEBUG] debug-file - Executing task :entry:default@ProcessShareConfig
[2026-04-21T17:38:00.856] [DEBUG] debug-file - Incremental task entry:default@ProcessShareConfig pre-execution cost: 3 ms .
[2026-04-21T17:38:00.856] [DEBUG] debug-file - entry : default@ProcessShareConfig cost memory -1.4722824096679688
[2026-04-21T17:38:00.856] [INFO] debug-file - UP-TO-DATE :entry:default@ProcessShareConfig...  
[2026-04-21T17:38:00.857] [DEBUG] debug-file - Executing task :entry:default@ProcessStartupConfig
[2026-04-21T17:38:00.857] [DEBUG] debug-file - Task 'entry:default@ProcessStartupConfig' cost while wrapping incremental declarations: 1 ms 
[2026-04-21T17:38:00.858] [DEBUG] debug-file - entry:default@ProcessStartupConfig is not up-to-date, since the output file 'C:\Users\lzf\Desktop\health_-service_-kit_-sample-code-master\health_-service_-kit_-sample-code-master\entry\build\default\intermediates\startup\default\startup_config.json' does not exist.
[2026-04-21T17:38:00.858] [DEBUG] debug-file - Incremental task entry:default@ProcessStartupConfig pre-execution cost: 1 ms .
[2026-04-21T17:38:00.858] [DEBUG] debug-file - entry : default@ProcessStartupConfig cost memory 0.10448455810546875
[2026-04-21T17:38:00.858] [DEBUG] debug-file - runTaskFromQueue task cost before running: 185 ms 
[2026-04-21T17:38:00.858] [INFO] debug-file - Finished :entry:default@ProcessStartupConfig... after 2 ms 
[2026-04-21T17:38:00.859] [DEBUG] debug-file - Executing task :entry:default@BuildNativeWithNinja
[2026-04-21T17:38:00.860] [DEBUG] debug-file - entry : default@BuildNativeWithNinja cost memory 0.0247344970703125
[2026-04-21T17:38:00.860] [DEBUG] debug-file - runTaskFromQueue task cost before running: 187 ms 
[2026-04-21T17:38:00.860] [INFO] debug-file - Finished :entry:default@BuildNativeWithNinja... after 1 ms 
[2026-04-21T17:38:00.862] [DEBUG] debug-file - restool module names: entry; moduleName=entry, taskName=default@ProcessResource
[2026-04-21T17:38:00.863] [DEBUG] debug-file - Executing task :entry:default@ProcessResource
[2026-04-21T17:38:00.863] [DEBUG] debug-file - Task 'entry:default@ProcessResource' cost while wrapping incremental declarations: 1 ms 
[2026-04-21T17:38:00.864] [DEBUG] debug-file - Incremental task entry:default@ProcessResource pre-execution cost: 1 ms .
[2026-04-21T17:38:00.864] [DEBUG] debug-file - entry : default@ProcessResource cost memory 0.14411163330078125
[2026-04-21T17:38:00.866] [INFO] debug-file - UP-TO-DATE :entry:default@ProcessResource...  
[2026-04-21T17:38:00.868] [DEBUG] debug-file - Executing task :entry:default@GenerateLoaderJson
[2026-04-21T17:38:00.868] [DEBUG] debug-file - Task 'entry:default@GenerateLoaderJson' cost while wrapping incremental declarations: 1 ms 
[2026-04-21T17:38:00.875] [DEBUG] debug-file - Incremental task entry:default@GenerateLoaderJson pre-execution cost: 5 ms .
[2026-04-21T17:38:00.876] [DEBUG] debug-file - entry : default@GenerateLoaderJson cost memory 0.5766983032226562
[2026-04-21T17:38:00.879] [INFO] debug-file - UP-TO-DATE :entry:default@GenerateLoaderJson...  
[2026-04-21T17:38:00.881] [DEBUG] debug-file - Executing task :entry:default@ProcessLibs
[2026-04-21T17:38:00.883] [DEBUG] debug-file - Incremental task entry:default@ProcessLibs pre-execution cost: 2 ms .
[2026-04-21T17:38:00.883] [DEBUG] debug-file - entry : default@ProcessLibs cost memory 0.118194580078125
[2026-04-21T17:38:00.883] [INFO] debug-file - UP-TO-DATE :entry:default@ProcessLibs...  
[2026-04-21T17:38:00.885] [DEBUG] debug-file - restool module names: entry; moduleName=entry, taskName=default@CompileResource
[2026-04-21T17:38:00.885] [DEBUG] debug-file - Executing task :entry:default@CompileResource
[2026-04-21T17:38:00.896] [DEBUG] debug-file - Incremental task entry:default@CompileResource pre-execution cost: 10 ms .
[2026-04-21T17:38:00.896] [DEBUG] debug-file - entry : default@CompileResource cost memory 0.6641082763671875
[2026-04-21T17:38:00.897] [INFO] debug-file - UP-TO-DATE :entry:default@CompileResource...  
[2026-04-21T17:38:00.898] [DEBUG] debug-file - Executing task :entry:default@DoNativeStrip
[2026-04-21T17:38:00.899] [DEBUG] debug-file - Task 'entry:default@DoNativeStrip' cost while wrapping incremental declarations: 1 ms 
[2026-04-21T17:38:00.899] [DEBUG] debug-file - Incremental task entry:default@DoNativeStrip pre-execution cost: 1 ms .
[2026-04-21T17:38:00.900] [DEBUG] debug-file - entry : default@DoNativeStrip cost memory 0.08068084716796875
[2026-04-21T17:38:00.900] [INFO] debug-file - UP-TO-DATE :entry:default@DoNativeStrip...  
[2026-04-21T17:38:00.902] [DEBUG] debug-file - Executing task :entry:default@CompileArkTS
[2026-04-21T17:38:00.902] [DEBUG] debug-file - obfuscationOptions: undefined
[2026-04-21T17:38:00.904] [DEBUG] debug-file - Task 'entry:default@CompileArkTS' cost while wrapping incremental declarations: 1 ms 
[2026-04-21T17:38:00.915] [DEBUG] debug-file - build config:
[2026-04-21T17:38:00.915] [DEBUG] debug-file - {
  moduleType: 'entry',
  perf: 0,
  targetName: '.default',
  packageManagerType: 'ohpm',
  localPropertiesPath: 'C:\\Users\\lzf\\Desktop\\health_-service_-kit_-sample-code-master\\health_-service_-kit_-sample-code-master\\local.properties',
  isPreview: false,
  isOhosTest: false,
  isLocalTest: false,
  buildMode: 'Debug',
  hotReloadBuild: undefined,
  watchMode: 'false',
  aceProfilePath: 'C:\\Users\\lzf\\Desktop\\health_-service_-kit_-sample-code-master\\health_-service_-kit_-sample-code-master\\entry\\build\\default\\intermediates\\res\\default\\resources\\base\\profile',
  etsLoaderPath: 'D:\\DevEco Studio\\sdk\\default\\openharmony\\ets\\build-tools\\ets-loader',
  modulePath: 'C:\\Users\\lzf\\Desktop\\health_-service_-kit_-sample-code-master\\health_-service_-kit_-sample-code-master\\entry',
  testFrameworkPar: {
    testMode: undefined,
    coveragePathFilter: undefined,
    coverageMode: undefined
  },
  needCoverageInsert: false,
  debugLine: false,
  projectTopDir: 'C:\\Users\\lzf\\Desktop\\health_-service_-kit_-sample-code-master\\health_-service_-kit_-sample-code-master',
  compileSdkVersion: 22,
  compatibleSdkVersion: 12,
  originCompatibleSdkVersion: '5.0.0(12)',
  compatibleSdkVersionStage: 'beta1',
  bundleName: 'c***n',
  etsLoaderVersion: '6.0.2.130',
  etsLoaderReleaseType: 'Release',
  aotCompileMode: 'type',
  apPath: 'C:\\Users\\lzf\\Desktop\\health_-service_-kit_-sample-code-master\\health_-service_-kit_-sample-code-master\\entry\\modules.ap',
  entryModuleName: 'entry',
  entryModuleVersion: '1.0.0',
  entryPackageName: 'entry',
  allModuleNameHash: 'bb6dfe8d2e193c35b0cb6b8a0846875a3be2b3ae6338f35de853e6a29232da55',
  externalApiPaths: [ 'D:\\DevEco Studio\\sdk\\default\\hms\\ets' ],
  compilerTypes: [],
  isCrossplatform: false,
  hvigorPluginFile: undefined,
  compilePluginPath: undefined,
  buildGeneratedProfilePath: 'C:\\Users\\lzf\\Desktop\\health_-service_-kit_-sample-code-master\\health_-service_-kit_-sample-code-master\\entry\\build\\default\\generated\\profile\\default',
  bundleType: 'app',
  arkTSVersion: undefined,
  apiVersion: 22,
  needCompleteSourcesMap: false,
  isFaMode: false,
  buildDir: 'C:\\Users\\lzf\\Desktop\\health_-service_-kit_-sample-code-master\\health_-service_-kit_-sample-code-master\\entry\\build',
  deviceTypes: [ 'phone', 'tablet' ],
  pkgContextInfo: undefined,
  ohPackagePathMap: {},
  dependencyAliasMap: {},
  permission: { requestPermissions: undefined, definePermissions: undefined },
  useGetCurrentBundleName: false,
  projectArkOption: {},
  sourceMapDir: undefined,
  branchElimination: false,
  transformLib: undefined,
  tsImportSendable: false,
  resolveConflictMode: true,
  depName2RootPath: {},
  depName2DepInfo: {},
  rootPathSet: [
    'C:\\Users\\lzf\\Desktop\\health_-service_-kit_-sample-code-master\\health_-service_-kit_-sample-code-master'
  ],
  useNativeResolver: true,
  shouldEmitJs: true,
  useTscResolve: false,
  singleFileEmit: false,
  userProjectConfig: {
    autoLazyImport: false,
    allowEmptyBundleName: false,
    reExportCheckMode: 'noCheck',
    executionMode: 'memory',
    usePathPlaceholder: false,
    writeRollupCache: true,
    isExpandImportEnabled: false,
    expandImportExclude: '',
    lazyImportExclude: '',
    lazyImportInclude: '',
    ignoreCrossplatformCheck: false,
    isHarDeduplicateEnabled: false,
    skipOhModulesLint: false,
    enableStrictCheckOHModule: false,
    disableSendableCheckRules: [],
    useDeclarationFileSignature: false,
    customizedOptions: undefined,
    integratedHsp: false,
    isPreloadSoEnabled: false
  },
  executionMode: 'memory',
  arkCompileCachePath: 'C:\\Users\\lzf\\Desktop\\health_-service_-kit_-sample-code-master\\health_-service_-kit_-sample-code-master\\entry\\build\\default\\cache\\default\\default@CompileArkTS\\esmodule',
  autoLazyFilter: undefined,
  isHarDeduplicateEnabled: false,
  intermediateHarDuplicateDirPath: 'C:\\Users\\lzf\\Desktop\\health_-service_-kit_-sample-code-master\\health_-service_-kit_-sample-code-master\\entry\\build\\default\\intermediates\\har_duplicate\\default',
  autoLazyImport: false,
  allowEmptyBundleName: false,
  reExportCheckMode: 'noCheck',
  usePathPlaceholder: false,
  writeRollupCache: true,
  isExpandImportEnabled: false,
  expandImportExclude: '',
  lazyImportExclude: '',
  lazyImportInclude: '',
  ignoreCrossplatformCheck: false,
  skipOhModulesLint: false,
  enableStrictCheckOHModule: false,
  disableSendableCheckRules: [],
  useDeclarationFileSignature: false,
  customizedOptions: undefined,
  integratedHsp: false,
  isPreloadSoEnabled: false,
  strictMode: undefined,
  useNormalizedOHMUrl: false,
  caseSensitiveCheck: false,
  aceModuleJsonPath: 'C:\\Users\\lzf\\Desktop\\health_-service_-kit_-sample-code-master\\health_-service_-kit_-sample-code-master\\entry\\build\\default\\intermediates\\res\\default\\ark_module.json',
  appResource: 'C:\\Users\\lzf\\Desktop\\health_-service_-kit_-sample-code-master\\health_-service_-kit_-sample-code-master\\entry\\build\\default\\intermediates\\res\\default\\ResourceTable.txt',
  rawFileResource: 'C:\\Users\\lzf\\Desktop\\health_-service_-kit_-sample-code-master\\health_-service_-kit_-sample-code-master\\entry\\build\\default\\intermediates\\res\\default\\resources\\rawfile',
  resourceTableHash: 'fce136b98a333daacd6837dfafa7c58bc85531faa021073e77ebf6d9e051944e',
  runtimeOS: 'HarmonyOS',
  sdkInfo: 'false:22:6.0.2.130:Release',
  aceModuleRoot: 'C:\\Users\\lzf\\Desktop\\health_-service_-kit_-sample-code-master\\health_-service_-kit_-sample-code-master\\entry\\src\\main\\ets',
  compileMode: 'esmodule',
  aceSuperVisualPath: 'C:\\Users\\lzf\\Desktop\\health_-service_-kit_-sample-code-master\\health_-service_-kit_-sample-code-master\\entry\\src\\main\\supervisual',
  aceBuildJson: 'C:\\Users\\lzf\\Desktop\\health_-service_-kit_-sample-code-master\\health_-service_-kit_-sample-code-master\\entry\\build\\default\\intermediates\\loader\\default\\loader.json',
  cachePath: 'C:\\Users\\lzf\\Desktop\\health_-service_-kit_-sample-code-master\\health_-service_-kit_-sample-code-master\\entry\\build\\default\\cache\\default\\default@CompileArkTS\\esmodule\\debug',
  aceModuleBuild: 'C:\\Users\\lzf\\Desktop\\health_-service_-kit_-sample-code-master\\health_-service_-kit_-sample-code-master\\entry\\build\\default\\intermediates\\loader_out\\default\\ets',
  supportChunks: true,
  declaredFilesPath: undefined,
  shouldCollectDirectImportees: false,
  isByteCodeHarOptimize: false,
  expandImportPath: undefined,
  pkgNameToPkgBriefInfo: {
    entry: {
      pkgRoot: 'C:\\Users\\lzf\\Desktop\\health_-service_-kit_-sample-code-master\\health_-service_-kit_-sample-code-master\\entry',
      originalSourceRoots: undefined,
      sourceRoots: [Array],
      pkgName: 'entry'
    }
  },
  projectModel: {
    'C:\\Users\\lzf\\Desktop\\health_-service_-kit_-sample-code-master\\health_-service_-kit_-sample-code-master\\entry\\src\\main': {
      moduleName: 'entry',
      modulePkgPath: 'C:\\Users\\lzf\\Desktop\\health_-service_-kit_-sample-code-master\\health_-service_-kit_-sample-code-master\\entry',
      belongProjectPath: 'C:\\Users\\lzf\\Desktop\\health_-service_-kit_-sample-code-master\\health_-service_-kit_-sample-code-master'
    },
    'C:\\Users\\lzf\\Desktop\\health_-service_-kit_-sample-code-master\\health_-service_-kit_-sample-code-master\\entry\\src\\ohosTest': {
      moduleName: 'entry_test',
      modulePkgPath: 'C:\\Users\\lzf\\Desktop\\health_-service_-kit_-sample-code-master\\health_-service_-kit_-sample-code-master\\entry',
      belongProjectPath: 'C:\\Users\\lzf\\Desktop\\health_-service_-kit_-sample-code-master\\health_-service_-kit_-sample-code-master'
    },
    'C:\\Users\\lzf\\Desktop\\health_-service_-kit_-sample-code-master\\health_-service_-kit_-sample-code-master\\entry': {
      moduleName: 'entry',
      modulePkgPath: 'C:\\Users\\lzf\\Desktop\\health_-service_-kit_-sample-code-master\\health_-service_-kit_-sample-code-master\\entry',
      belongProjectPath: 'C:\\Users\\lzf\\Desktop\\health_-service_-kit_-sample-code-master\\health_-service_-kit_-sample-code-master'
    },
    'C:\\Users\\lzf\\Desktop\\health_-service_-kit_-sample-code-master\\health_-service_-kit_-sample-code-master': {
      moduleName: 'health_-service_-kit_-sample-code-master',
      modulePkgPath: 'C:\\Users\\lzf\\Desktop\\health_-service_-kit_-sample-code-master\\health_-service_-kit_-sample-code-master',
      belongProjectPath: 'C:\\Users\\lzf\\Desktop\\health_-service_-kit_-sample-code-master\\health_-service_-kit_-sample-code-master'
    }
  },
  pkgJsonFileHash: '53c3da6ecb1d24a3ad581eea1fadab6cbeeaa772966670d8effc1efcec277957',
  allModulePaths: [
    'C:\\Users\\lzf\\Desktop\\health_-service_-kit_-sample-code-master\\health_-service_-kit_-sample-code-master\\entry'
  ],
  routerMap: {},
  obfuscationOptions: undefined,
  byteCodeHarToDependencyKeys: undefined,
  compileBlockPkg: [],
  mockParams: {
    decorator: '@MockSetup',
    packageName: '@ohos/hamock',
    etsSourceRootPath: 'src/main/ets',
    mockConfigPath: undefined,
    mockConfigKey2ModuleInfo: {},
    source2ModuleIdMap: {}
  },
  copyCodeResourceEnable: true,
  copyCodeResourceExcludes: [],
  copyCodeResourceIncludes: undefined,
  uiTransformOptimization: false,
  sdkPath: 'D:/DevEco Studio/sdk',
  needPreloadSoFileSet: {},
  preloadSoFilePath: 'C:\\Users\\lzf\\Desktop\\health_-service_-kit_-sample-code-master\\health_-service_-kit_-sample-code-master\\entry\\build\\default\\intermediates\\preload\\default\\preload.json',
  useSourceHash: false,
  localModuleParamMap: {},
  otherPaths: {
    'entry/*': [
      '..\\*',
      '..\\..\\..\\build\\default\\generated\\profile\\default\\*'
    ]
  },
  collectImportersConfig: undefined
}
[2026-04-21T17:38:00.916] [DEBUG] debug-file - Compile arkts with external api path: D:\DevEco Studio\sdk\default\hms\ets
[2026-04-21T17:38:00.917] [DEBUG] debug-file - default@CompileArkTS work[11] is submitted.
[2026-04-21T17:38:00.917] [DEBUG] debug-file - default@CompileArkTS work[11] is pushed to ready queue.
[2026-04-21T17:38:00.917] [DEBUG] debug-file - A work dispatched to worker[23] failed because unable to get work from ready queue.
[2026-04-21T17:38:00.918] [DEBUG] debug-file - A work dispatched to worker[22] failed because unable to get work from ready queue.
[2026-04-21T17:38:00.918] [DEBUG] debug-file - A work dispatched to worker[21] failed because unable to get work from ready queue.
[2026-04-21T17:38:00.918] [DEBUG] debug-file - A work dispatched to worker[20] failed because unable to get work from ready queue.
[2026-04-21T17:38:00.918] [DEBUG] debug-file - A work dispatched to worker[19] failed because unable to get work from ready queue.
[2026-04-21T17:38:00.918] [DEBUG] debug-file - A work dispatched to worker[18] failed because unable to get work from ready queue.
[2026-04-21T17:38:00.918] [DEBUG] debug-file - A work dispatched to worker[17] failed because unable to get work from ready queue.
[2026-04-21T17:38:00.918] [DEBUG] debug-file - A work dispatched to worker[16] failed because unable to get work from ready queue.
[2026-04-21T17:38:00.918] [DEBUG] debug-file - A work dispatched to worker[15] failed because unable to get work from ready queue.
[2026-04-21T17:38:00.918] [DEBUG] debug-file - A work dispatched to worker[14] failed because unable to get work from ready queue.
[2026-04-21T17:38:00.918] [DEBUG] debug-file - A work dispatched to worker[13] failed because unable to get work from ready queue.
[2026-04-21T17:38:00.918] [DEBUG] debug-file - A work dispatched to worker[12] failed because unable to get work from ready queue.
[2026-04-21T17:38:00.918] [DEBUG] debug-file - A work dispatched to worker[11] failed because unable to get work from ready queue.
[2026-04-21T17:38:00.918] [DEBUG] debug-file - A work dispatched to worker[10] failed because unable to get work from ready queue.
[2026-04-21T17:38:00.918] [DEBUG] debug-file - A work dispatched to worker[9] failed because unable to get work from ready queue.
[2026-04-21T17:38:00.918] [DEBUG] debug-file - A work dispatched to worker[8] failed because unable to get work from ready queue.
[2026-04-21T17:38:00.918] [DEBUG] debug-file - A work dispatched to worker[7] failed because unable to get work from ready queue.
[2026-04-21T17:38:00.918] [DEBUG] debug-file - A work dispatched to worker[6] failed because unable to get work from ready queue.
[2026-04-21T17:38:00.918] [DEBUG] debug-file - A work dispatched to worker[5] failed because unable to get work from ready queue.
[2026-04-21T17:38:00.918] [DEBUG] debug-file - default@CompileArkTS work[11] has been dispatched to worker[4].
[2026-04-21T17:38:00.918] [DEBUG] debug-file - default@CompileArkTS work[11] is dispatched.
[2026-04-21T17:38:00.918] [DEBUG] debug-file - CopyResources startTime: 3925063655300
[2026-04-21T17:38:00.918] [DEBUG] debug-file - default@CompileArkTS work[12] is submitted.
[2026-04-21T17:38:00.919] [DEBUG] debug-file - default@CompileArkTS work[12] is pushed to ready queue.
[2026-04-21T17:38:00.919] [DEBUG] debug-file - A work dispatched to worker[23] failed because unable to get work from ready queue.
[2026-04-21T17:38:00.919] [DEBUG] debug-file - Create  resident worker with id: 22.
[2026-04-21T17:38:00.920] [DEBUG] debug-file - default@CompileArkTS work[12] has been dispatched to worker[22].
[2026-04-21T17:38:00.920] [DEBUG] debug-file - default@CompileArkTS work[12] is dispatched.
[2026-04-21T17:38:00.920] [DEBUG] debug-file - entry : default@CompileArkTS cost memory -0.37128448486328125
[2026-04-21T17:38:00.922] [DEBUG] debug-file - Executing task :entry:default@BuildJS
[2026-04-21T17:38:00.922] [DEBUG] debug-file - Task 'entry:default@BuildJS' cost while wrapping incremental declarations: 1 ms 
[2026-04-21T17:38:00.924] [DEBUG] debug-file - entry : default@BuildJS cost memory 0.16619110107421875
[2026-04-21T17:38:00.924] [DEBUG] debug-file - runTaskFromQueue task cost before running: 251 ms 
[2026-04-21T17:38:00.924] [INFO] debug-file - Finished :entry:default@BuildJS... after 3 ms 
[2026-04-21T17:38:00.926] [DEBUG] debug-file - Executing task :entry:default@CacheNativeLibs
[2026-04-21T17:38:00.926] [DEBUG] debug-file - Task 'entry:default@CacheNativeLibs' cost while wrapping incremental declarations: 1 ms 
[2026-04-21T17:38:00.927] [DEBUG] debug-file - Incremental task entry:default@CacheNativeLibs pre-execution cost: 1 ms .
[2026-04-21T17:38:00.928] [DEBUG] debug-file - entry : default@CacheNativeLibs cost memory 0.096588134765625
[2026-04-21T17:38:00.928] [INFO] debug-file - UP-TO-DATE :entry:default@CacheNativeLibs...  
[2026-04-21T17:38:02.229] [DEBUG] debug-file - worker[22] has one work done.
[2026-04-21T17:38:02.229] [DEBUG] debug-file - CopyResources is end, endTime: 3926374693500
[2026-04-21T17:38:02.230] [DEBUG] debug-file - default@CompileArkTS work[12] done.
[2026-04-21T17:38:02.230] [DEBUG] debug-file - A work dispatched to worker[22] failed because unable to get work from ready queue.
[2026-04-21T17:38:03.473] [WARN] debug-file - [33mWARN: [33m[33mArkTS:WARN File: C:/Users/lzf/Desktop/health_-service_-kit_-sample-code-master/health_-service_-kit_-sample-code-master/entry/src/main/ets/pages/AuthIndex.ets:19:48
 'getContext' has been deprecated.
[39m[39m

[2026-04-21T17:38:03.474] [DEBUG] debug-file - Ark compile task finished.finished time is 3927619034300
[2026-04-21T17:38:03.474] [DEBUG] debug-file - worker[4] has one work done.
[2026-04-21T17:38:03.476] [DEBUG] debug-file - default@CompileArkTS work[11] done.
[2026-04-21T17:38:03.476] [DEBUG] debug-file - A work dispatched to worker[4] failed because unable to get work from ready queue.
[2026-04-21T17:38:03.478] [INFO] debug-file - Finished :entry:default@CompileArkTS... after 2 s 572 ms 
[2026-04-21T17:38:03.480] [DEBUG] debug-file - Executing task :entry:default@GeneratePkgModuleJson
[2026-04-21T17:38:03.480] [DEBUG] debug-file - File: 'C:\Users\lzf\Desktop\health_-service_-kit_-sample-code-master\health_-service_-kit_-sample-code-master\entry\build\default\intermediates\preload\default\preload.json' from 'preloadSoJsonPath' is not exists, just ignore.
[2026-04-21T17:38:03.480] [DEBUG] debug-file - Error occurs while handling @Input 'shouldDeduplicateHar': The "data" argument must be of type string or an instance of Buffer, TypedArray, or DataView. Received undefined
[2026-04-21T17:38:03.481] [DEBUG] debug-file - Task 'entry:default@GeneratePkgModuleJson' cost while wrapping incremental declarations: 1 ms 
[2026-04-21T17:38:03.482] [DEBUG] debug-file - Incremental task entry:default@GeneratePkgModuleJson pre-execution cost: 1 ms .
[2026-04-21T17:38:03.482] [DEBUG] debug-file - entry : default@GeneratePkgModuleJson cost memory 0.10886383056640625
[2026-04-21T17:38:03.482] [INFO] debug-file - UP-TO-DATE :entry:default@GeneratePkgModuleJson...  
[2026-04-21T17:38:03.483] [DEBUG] debug-file - Executing task :entry:default@ProcessCompiledResources
[2026-04-21T17:38:03.483] [DEBUG] debug-file - File: 'C:\Users\lzf\Desktop\health_-service_-kit_-sample-code-master\health_-service_-kit_-sample-code-master\entry\build\default\intermediates\preload\default\preload.json' from 'preloadSoJsonPath' is not exists, just ignore.
[2026-04-21T17:38:03.483] [DEBUG] debug-file - Task 'entry:default@ProcessCompiledResources' cost while wrapping incremental declarations: 1 ms 
[2026-04-21T17:38:03.485] [DEBUG] debug-file - entry : default@ProcessCompiledResources cost memory 0.06519317626953125
[2026-04-21T17:38:03.485] [DEBUG] debug-file - runTaskFromQueue task cost before running: 2 s 812 ms 
[2026-04-21T17:38:03.485] [INFO] debug-file - Finished :entry:default@ProcessCompiledResources... after 3 ms 
[2026-04-21T17:38:03.489] [DEBUG] debug-file - Executing task :entry:default@PackageHap
[2026-04-21T17:38:03.495] [DEBUG] debug-file - entry:default@PackageHap is not up-to-date, since the input file 'C:\Users\lzf\Desktop\health_-service_-kit_-sample-code-master\health_-service_-kit_-sample-code-master\entry\build\default\intermediates\loader_out\default\ets' has been changed.
[2026-04-21T17:38:03.495] [DEBUG] debug-file - Incremental task entry:default@PackageHap pre-execution cost: 5 ms .
[2026-04-21T17:38:03.496] [DEBUG] debug-file - Use tool [D:\DevEco Studio\sdk\default\openharmony\toolchains\lib\app_packing_tool.jar]
 [
  'java',
  '-Dfile.encoding=GBK',
  '-jar',
  'D:\\DevEco Studio\\sdk\\default\\openharmony\\toolchains\\lib\\app_packing_tool.jar',
  '--mode',
  'hap',
  '--force',
  'true',
  '--lib-path',
  'C:\\Users\\lzf\\Desktop\\health_-service_-kit_-sample-code-master\\health_-service_-kit_-sample-code-master\\entry\\build\\default\\intermediates\\stripped_native_libs\\default',
  '--json-path',
  'C:\\Users\\lzf\\Desktop\\health_-service_-kit_-sample-code-master\\health_-service_-kit_-sample-code-master\\entry\\build\\default\\intermediates\\package\\default\\module.json',
  '--resources-path',
  'C:\\Users\\lzf\\Desktop\\health_-service_-kit_-sample-code-master\\health_-service_-kit_-sample-code-master\\entry\\build\\default\\intermediates\\res\\default\\resources',
  '--index-path',
  'C:\\Users\\lzf\\Desktop\\health_-service_-kit_-sample-code-master\\health_-service_-kit_-sample-code-master\\entry\\build\\default\\intermediates\\res\\default\\resources.index',
  '--pack-info-path',
  'C:\\Users\\lzf\\Desktop\\health_-service_-kit_-sample-code-master\\health_-service_-kit_-sample-code-master\\entry\\build\\default\\outputs\\default\\pack.info',
  '--out-path',
  'C:\\Users\\lzf\\Desktop\\health_-service_-kit_-sample-code-master\\health_-service_-kit_-sample-code-master\\entry\\build\\default\\outputs\\default\\entry-default-unsigned.hap',
  '--ets-path',
  'C:\\Users\\lzf\\Desktop\\health_-service_-kit_-sample-code-master\\health_-service_-kit_-sample-code-master\\entry\\build\\default\\intermediates\\loader_out\\default\\ets'
]
[2026-04-21T17:38:03.563] [DEBUG] debug-file - java daemon socket received message:{"code":0,"message":"pack success"}
[2026-04-21T17:38:03.567] [DEBUG] debug-file - entry : default@PackageHap cost memory 0.6636810302734375
[2026-04-21T17:38:03.567] [DEBUG] debug-file - runTaskFromQueue task cost before running: 2 s 894 ms 
[2026-04-21T17:38:03.569] [INFO] debug-file - Finished :entry:default@PackageHap... after 79 ms 
[2026-04-21T17:38:03.570] [DEBUG] debug-file - Executing task :entry:default@PackingCheck
[2026-04-21T17:38:03.576] [DEBUG] debug-file - entry : default@PackingCheck cost memory -1.2240982055664062
[2026-04-21T17:38:03.577] [DEBUG] debug-file - runTaskFromQueue task cost before running: 2 s 904 ms 
[2026-04-21T17:38:03.577] [INFO] debug-file - Finished :entry:default@PackingCheck... after 7 ms 
[2026-04-21T17:38:03.578] [DEBUG] debug-file - Executing task :entry:default@SignHap
[2026-04-21T17:38:03.578] [WARN] debug-file - Will skip sign 'hos_hap'. No signingConfigs profile is configured in current project.
             If needed, configure the signingConfigs in C:\Users\lzf\Desktop\health_-service_-kit_-sample-code-master\health_-service_-kit_-sample-code-master\build-profile.json5.
[2026-04-21T17:38:03.579] [DEBUG] debug-file - entry:default@SignHap is not up-to-date, since the input file 'C:\Users\lzf\Desktop\health_-service_-kit_-sample-code-master\health_-service_-kit_-sample-code-master\entry\build\default\outputs\default\entry-default-unsigned.hap' has been changed.
[2026-04-21T17:38:03.579] [DEBUG] debug-file - Incremental task entry:default@SignHap pre-execution cost: 1 ms .
[2026-04-21T17:38:03.580] [DEBUG] debug-file - entry : default@SignHap cost memory 0.093505859375
[2026-04-21T17:38:03.580] [DEBUG] debug-file - runTaskFromQueue task cost before running: 2 s 907 ms 
[2026-04-21T17:38:03.580] [INFO] debug-file - Finished :entry:default@SignHap... after 2 ms 
[2026-04-21T17:38:03.581] [DEBUG] debug-file - Executing task :entry:default@CollectDebugSymbol
[2026-04-21T17:38:03.582] [DEBUG] debug-file - entry : default@CollectDebugSymbol cost memory 0.11617279052734375
[2026-04-21T17:38:03.582] [DEBUG] debug-file - runTaskFromQueue task cost before running: 2 s 910 ms 
[2026-04-21T17:38:03.583] [INFO] debug-file - Finished :entry:default@CollectDebugSymbol... after 2 ms 
[2026-04-21T17:38:03.583] [DEBUG] debug-file - Executing task :entry:assembleHap
[2026-04-21T17:38:03.583] [DEBUG] debug-file - entry : assembleHap cost memory 0.01235198974609375
[2026-04-21T17:38:03.583] [DEBUG] debug-file - runTaskFromQueue task cost before running: 2 s 910 ms 
[2026-04-21T17:38:03.583] [INFO] debug-file - Finished :entry:assembleHap... after 1 ms 
[2026-04-21T17:38:03.592] [INFO] debug-file - BUILD SUCCESSFUL in 2 s 919 ms 
[2026-04-21T17:38:03.593] [DEBUG] debug-file - There is no need to refresh cache, since the incremental task entry:default@PreBuild is up-to-date.
[2026-04-21T17:38:03.593] [DEBUG] debug-file - Update task entry:default@CreateModuleInfo output file:C:\Users\lzf\Desktop\health_-service_-kit_-sample-code-master\health_-service_-kit_-sample-code-master\entry\build\default\generated\profile\default\ModuleInfo.ts cache.
[2026-04-21T17:38:03.593] [DEBUG] debug-file - Incremental task entry:default@CreateModuleInfo post-execution cost:1 ms .
[2026-04-21T17:38:03.593] [DEBUG] debug-file - There is no need to refresh cache, since the incremental task entry:default@GenerateMetadata is up-to-date.
[2026-04-21T17:38:03.593] [DEBUG] debug-file - There is no need to refresh cache, since the incremental task entry:default@MergeProfile is up-to-date.
[2026-04-21T17:38:03.593] [DEBUG] debug-file - There is no need to refresh cache, since the incremental task entry:default@CreateBuildProfile is up-to-date.
[2026-04-21T17:38:03.593] [DEBUG] debug-file - Update task entry:default@GeneratePkgContextInfo output file:C:\Users\lzf\Desktop\health_-service_-kit_-sample-code-master\health_-service_-kit_-sample-code-master\entry\build\default\intermediates\loader\default\pkgContextInfo.json cache.
[2026-04-21T17:38:03.594] [DEBUG] debug-file - Incremental task entry:default@GeneratePkgContextInfo post-execution cost:1 ms .
[2026-04-21T17:38:03.594] [DEBUG] debug-file - Update task entry:default@ProcessIntegratedHsp output file:C:\Users\lzf\Desktop\health_-service_-kit_-sample-code-master\health_-service_-kit_-sample-code-master\build\cache\default\integrated_hsp\integratedHspCache.json cache.
[2026-04-21T17:38:03.594] [DEBUG] debug-file - Incremental task entry:default@ProcessIntegratedHsp post-execution cost:1 ms .
[2026-04-21T17:38:03.594] [DEBUG] debug-file - There is no need to refresh cache, since the incremental task entry:default@MakePackInfo is up-to-date.
[2026-04-21T17:38:03.594] [DEBUG] debug-file - Update task entry:default@SyscapTransform input file:D:\DevEco Studio\sdk\default\openharmony\toolchains\syscap_tool.exe cache by regenerate.
[2026-04-21T17:38:03.594] [DEBUG] debug-file - Update task entry:default@SyscapTransform input file:D:\DevEco Studio\sdk\default\openharmony\ets\api\device-define cache by regenerate.
[2026-04-21T17:38:03.595] [DEBUG] debug-file - Update task entry:default@SyscapTransform output file:C:\Users\lzf\Desktop\health_-service_-kit_-sample-code-master\health_-service_-kit_-sample-code-master\entry\build\default\intermediates\syscap\default\rpcid.sc cache.
[2026-04-21T17:38:03.595] [DEBUG] debug-file - Incremental task entry:default@SyscapTransform post-execution cost:2 ms .
[2026-04-21T17:38:03.595] [DEBUG] debug-file - There is no need to refresh cache, since the incremental task entry:default@ProcessProfile is up-to-date.
[2026-04-21T17:38:03.595] [DEBUG] debug-file - There is no need to refresh cache, since the incremental task entry:default@ProcessRouterMap is up-to-date.
[2026-04-21T17:38:03.595] [DEBUG] debug-file - There is no need to refresh cache, since the incremental task entry:default@ProcessShareConfig is up-to-date.
[2026-04-21T17:38:03.595] [DEBUG] debug-file - Update task entry:default@ProcessStartupConfig output file:C:\Users\lzf\Desktop\health_-service_-kit_-sample-code-master\health_-service_-kit_-sample-code-master\entry\build\default\intermediates\startup\default\startup_config.json cache.
[2026-04-21T17:38:03.596] [DEBUG] debug-file - Incremental task entry:default@ProcessStartupConfig post-execution cost:1 ms .
[2026-04-21T17:38:03.596] [DEBUG] debug-file - There is no need to refresh cache, since the incremental task entry:default@ProcessResource is up-to-date.
[2026-04-21T17:38:03.596] [DEBUG] debug-file - There is no need to refresh cache, since the incremental task entry:default@GenerateLoaderJson is up-to-date.
[2026-04-21T17:38:03.596] [DEBUG] debug-file - There is no need to refresh cache, since the incremental task entry:default@ProcessLibs is up-to-date.
[2026-04-21T17:38:03.596] [DEBUG] debug-file - There is no need to refresh cache, since the incremental task entry:default@CompileResource is up-to-date.
[2026-04-21T17:38:03.596] [DEBUG] debug-file - There is no need to refresh cache, since the incremental task entry:default@DoNativeStrip is up-to-date.
[2026-04-21T17:38:03.597] [DEBUG] debug-file - Update task entry:default@CompileArkTS input file:C:\Users\lzf\Desktop\health_-service_-kit_-sample-code-master\health_-service_-kit_-sample-code-master\entry\build\default\intermediates\loader\default cache by regenerate.
[2026-04-21T17:38:03.598] [DEBUG] debug-file - Update task entry:default@CompileArkTS input file:C:\Users\lzf\Desktop\health_-service_-kit_-sample-code-master\health_-service_-kit_-sample-code-master\entry\build\default\intermediates\res\default\ResourceTable.txt cache by regenerate.
[2026-04-21T17:38:03.598] [DEBUG] debug-file - Update task entry:default@CompileArkTS input file:C:\Users\lzf\Desktop\health_-service_-kit_-sample-code-master\health_-service_-kit_-sample-code-master\entry\build\default\intermediates\res\default\ark_module.json cache by regenerate.
[2026-04-21T17:38:03.598] [DEBUG] debug-file - Update task entry:default@CompileArkTS input file:C:\Users\lzf\Desktop\health_-service_-kit_-sample-code-master\health_-service_-kit_-sample-code-master\entry\build\default\intermediates\res\default\resources\base\profile cache by regenerate.
[2026-04-21T17:38:03.598] [DEBUG] debug-file - Update task entry:default@CompileArkTS input file:C:\Users\lzf\Desktop\health_-service_-kit_-sample-code-master\health_-service_-kit_-sample-code-master\entry\src\main\ets cache by regenerate.
[2026-04-21T17:38:03.601] [DEBUG] debug-file - Update task entry:default@CompileArkTS input file:C:\Users\lzf\Desktop\health_-service_-kit_-sample-code-master\health_-service_-kit_-sample-code-master\entry\build\default\generated\profile\default\BuildProfile.ets cache by regenerate.
[2026-04-21T17:38:03.601] [DEBUG] debug-file - Update task entry:default@CompileArkTS output file:C:\Users\lzf\Desktop\health_-service_-kit_-sample-code-master\health_-service_-kit_-sample-code-master\entry\build\default\intermediates\loader_out\default\ets cache.
[2026-04-21T17:38:03.602] [DEBUG] debug-file - Incremental task entry:default@CompileArkTS post-execution cost:7 ms .
[2026-04-21T17:38:03.604] [DEBUG] debug-file - Update task entry:default@BuildJS input file:C:\Users\lzf\Desktop\health_-service_-kit_-sample-code-master\health_-service_-kit_-sample-code-master\entry\build\default\intermediates\loader\default cache by regenerate.
[2026-04-21T17:38:03.604] [DEBUG] debug-file - Update task entry:default@BuildJS input file:C:\Users\lzf\Desktop\health_-service_-kit_-sample-code-master\health_-service_-kit_-sample-code-master\entry\build\default\intermediates\res\default\ResourceTable.txt cache by regenerate.
[2026-04-21T17:38:03.604] [DEBUG] debug-file - Update task entry:default@BuildJS input file:C:\Users\lzf\Desktop\health_-service_-kit_-sample-code-master\health_-service_-kit_-sample-code-master\entry\build\default\intermediates\res\default\ark_module.json cache by regenerate.
[2026-04-21T17:38:03.605] [DEBUG] debug-file - Update task entry:default@BuildJS input file:C:\Users\lzf\Desktop\health_-service_-kit_-sample-code-master\health_-service_-kit_-sample-code-master\entry\build\default\intermediates\res\default\resources\base\profile cache by regenerate.
[2026-04-21T17:38:03.605] [DEBUG] debug-file - Update task entry:default@BuildJS output file:C:\Users\lzf\Desktop\health_-service_-kit_-sample-code-master\health_-service_-kit_-sample-code-master\entry\build\default\intermediates\loader_out\default\js cache.
[2026-04-21T17:38:03.605] [DEBUG] debug-file - Incremental task entry:default@BuildJS post-execution cost:4 ms .
[2026-04-21T17:38:03.605] [DEBUG] debug-file - There is no need to refresh cache, since the incremental task entry:default@CacheNativeLibs is up-to-date.
[2026-04-21T17:38:03.605] [DEBUG] debug-file - There is no need to refresh cache, since the incremental task entry:default@GeneratePkgModuleJson is up-to-date.
[2026-04-21T17:38:03.605] [DEBUG] debug-file - Incremental task entry:default@ProcessCompiledResources post-execution cost:1 ms .
[2026-04-21T17:38:03.606] [DEBUG] debug-file - Update task entry:default@PackageHap input file:C:\Users\lzf\Desktop\health_-service_-kit_-sample-code-master\health_-service_-kit_-sample-code-master\entry\build\default\intermediates\stripped_native_libs\default cache by regenerate.
[2026-04-21T17:38:03.606] [DEBUG] debug-file - Update task entry:default@PackageHap input file:C:\Users\lzf\Desktop\health_-service_-kit_-sample-code-master\health_-service_-kit_-sample-code-master\entry\build\default\intermediates\res\default\module.json cache by regenerate.
[2026-04-21T17:38:03.606] [DEBUG] debug-file - Update task entry:default@PackageHap input file:C:\Users\lzf\Desktop\health_-service_-kit_-sample-code-master\health_-service_-kit_-sample-code-master\entry\build\default\intermediates\res\default\resources cache by regenerate.
[2026-04-21T17:38:03.607] [DEBUG] debug-file - Update task entry:default@PackageHap input file:C:\Users\lzf\Desktop\health_-service_-kit_-sample-code-master\health_-service_-kit_-sample-code-master\entry\build\default\intermediates\res\default\resources.index cache by regenerate.
[2026-04-21T17:38:03.608] [DEBUG] debug-file - Update task entry:default@PackageHap input file:C:\Users\lzf\Desktop\health_-service_-kit_-sample-code-master\health_-service_-kit_-sample-code-master\entry\build\default\outputs\default\pack.info cache by regenerate.
[2026-04-21T17:38:03.608] [DEBUG] debug-file - Update task entry:default@PackageHap input file:C:\Users\lzf\Desktop\health_-service_-kit_-sample-code-master\health_-service_-kit_-sample-code-master\entry\build\default\intermediates\loader_out\default\ets cache from map.
[2026-04-21T17:38:03.608] [DEBUG] debug-file - Update task entry:default@PackageHap input file:C:\Users\lzf\Desktop\health_-service_-kit_-sample-code-master\health_-service_-kit_-sample-code-master\entry\build\default\intermediates\loader_out\default\ets\sourceMaps.map cache by regenerate.
[2026-04-21T17:38:03.608] [DEBUG] debug-file - Update task entry:default@PackageHap input file:C:\Users\lzf\Desktop\health_-service_-kit_-sample-code-master\health_-service_-kit_-sample-code-master\entry\build\default\generated\profile\default\BuildProfile.ets cache by regenerate.
[2026-04-21T17:38:03.608] [DEBUG] debug-file - Update task entry:default@PackageHap output file:C:\Users\lzf\Desktop\health_-service_-kit_-sample-code-master\health_-service_-kit_-sample-code-master\entry\build\default\outputs\default\entry-default-unsigned.hap cache.
[2026-04-21T17:38:03.608] [DEBUG] debug-file - Update task entry:default@PackageHap output file:C:\Users\lzf\Desktop\health_-service_-kit_-sample-code-master\health_-service_-kit_-sample-code-master\entry\build\default\intermediates\source_map\default\sourceMaps.map cache.
[2026-04-21T17:38:03.609] [DEBUG] debug-file - Update task entry:default@PackageHap output file:C:\Users\lzf\Desktop\health_-service_-kit_-sample-code-master\health_-service_-kit_-sample-code-master\entry\build\default\outputs\default\mapping\sourceMaps.map cache.
[2026-04-21T17:38:03.609] [DEBUG] debug-file - Incremental task entry:default@PackageHap post-execution cost:4 ms .
[2026-04-21T17:38:03.609] [DEBUG] debug-file - Update task entry:default@SignHap input file:C:\Users\lzf\Desktop\health_-service_-kit_-sample-code-master\health_-service_-kit_-sample-code-master\entry\build\default\outputs\default\entry-default-unsigned.hap cache from map.
[2026-04-21T17:38:03.609] [DEBUG] debug-file - Update task entry:default@SignHap output file:C:\Users\lzf\Desktop\health_-service_-kit_-sample-code-master\health_-service_-kit_-sample-code-master\entry\build\default\outputs\default\entry-default-signed.hap cache.
[2026-04-21T17:38:03.609] [DEBUG] debug-file - Incremental task entry:default@SignHap post-execution cost:1 ms .
[2026-04-21T17:38:03.610] [DEBUG] debug-file - Update task entry:default@CollectDebugSymbol input file:C:\Users\lzf\Desktop\health_-service_-kit_-sample-code-master\health_-service_-kit_-sample-code-master\entry\build\default\intermediates\loader_out\default\ets\sourceMaps.map cache by regenerate.
[2026-04-21T17:38:03.610] [DEBUG] debug-file - Update task entry:default@CollectDebugSymbol input file:C:\Users\lzf\Desktop\health_-service_-kit_-sample-code-master\health_-service_-kit_-sample-code-master\entry\build\default\intermediates\libs\default cache by regenerate.
[2026-04-21T17:38:03.610] [DEBUG] debug-file - Update task entry:default@CollectDebugSymbol output file:C:\Users\lzf\Desktop\health_-service_-kit_-sample-code-master\health_-service_-kit_-sample-code-master\entry\build\default\outputs\default\symbol cache.
[2026-04-21T17:38:03.610] [DEBUG] debug-file - Incremental task entry:default@CollectDebugSymbol post-execution cost:1 ms .
[2026-04-21T17:38:03.631] [DEBUG] debug-file - Cleanup worker 22.
[2026-04-21T17:38:03.631] [DEBUG] debug-file - Worker 22 has been cleaned up.
[2026-04-21T17:38:03.631] [DEBUG] debug-file - Current idle worker size: 1.
[2026-04-21T17:38:03.631] [DEBUG] debug-file - Current resident worker size: 2.
[2026-04-21T17:38:03.632] [DEBUG] debug-file - hvigor build process will be closed.
[2026-04-21T17:38:03.632] [DEBUG] debug-file - java daemon socket close code:1000 reason:close by user
[2026-04-21T17:38:03.639] [DEBUG] debug-file - session manager: send message to worker process.
[2026-04-21T17:38:03.640] [DEBUG] debug-file - session manager: send message to worker process.
[2026-04-21T17:38:03.640] [DEBUG] debug-file - watch worker: worker id should be larger than 0. Nothing will be sent to any worker thread.
[2026-04-21T17:38:03.641] [DEBUG] debug-file - watch worker: worker id should be larger than 0. Nothing will be sent to any worker thread.
[2026-04-21T17:38:03.644] [DEBUG] debug-file - worker[22] exits with exit code 1.
[2026-04-21T17:46:44.523] [DEBUG] debug-file - session manager: set active socket. socketId=ThZN6MjFYpFURyv-AAAP
[2026-04-21T17:46:44.531] [DEBUG] debug-file - watch worker: worker id should be larger than 0. Nothing will be sent to any worker thread.
[2026-04-21T17:46:44.536] [DEBUG] debug-file - Workers' log level updated to INFO
[2026-04-21T17:46:44.539] [DEBUG] debug-file - Hvigor init with startParameters:{
  hvigorfileTypeCheck: false,
  parallelExecution: true,
  incrementalExecution: true,
  printStackTrace: false,
  daemon: true,
  analyze: 0,
  logLevel: Level { level: 20000, levelStr: 'INFO', colour: 'green' },
  optimizationStrategy: 'memory',
  hotCompile: undefined,
  hotReloadBuild: undefined,
  customizedParam: undefined
}
[2026-04-21T17:46:44.543] [DEBUG] debug-file - Cache service initialization finished in 4 ms 
[2026-04-21T17:46:44.544] [DEBUG] debug-file - hvigorfile, resolving C:\Users\lzf\Desktop\health_-service_-kit_-sample-code-master\health_-service_-kit_-sample-code-master\hvigorfile.ts
[2026-04-21T17:46:44.550] [DEBUG] debug-file - hvigorfile, require result:  { default: { plugins: [] } }
[2026-04-21T17:46:44.550] [DEBUG] debug-file - hvigorfile, binding system plugins null
[2026-04-21T17:46:44.551] [DEBUG] debug-file - Starting plugin build process
[2026-04-21T17:46:44.551] [DEBUG] debug-file - App plugin prepare start...
[2026-04-21T17:46:44.551] [DEBUG] debug-file - App plugin prepare end...
[2026-04-21T17:46:44.551] [DEBUG] debug-file - App plugin creating...
[2026-04-21T17:46:44.558] [DEBUG] debug-file - App plugin register hook start...
[2026-04-21T17:46:44.558] [DEBUG] debug-file - App plugin register hook end...
[2026-04-21T17:46:44.558] [DEBUG] debug-file - Plugin build process completed
[2026-04-21T17:46:44.558] [DEBUG] debug-file - Start initialize project's product build option map with build mode debug.
[2026-04-21T17:46:44.558] [DEBUG] debug-file - Picking option from product 'default' with build mode 'debug'.
[2026-04-21T17:46:44.559] [DEBUG] debug-file - Product 'default' build option initialized
[2026-04-21T17:46:44.559] [DEBUG] debug-file - End initialize project's product build option map with build mode 'debug'.
[2026-04-21T17:46:44.560] [DEBUG] debug-file - Obtain build option for product 'default'in this build.
[2026-04-21T17:46:44.561] [DEBUG] debug-file - No signingConfig found, initRemoteHspCache failed.
[2026-04-21T17:46:44.565] [DEBUG] debug-file - Start recording SDK configuration permission data.
[2026-04-21T17:46:44.597] [DEBUG] debug-file - Sdk init in 36 ms 
[2026-04-21T17:46:44.601] [DEBUG] debug-file - Project task initialization takes 4 ms 
[2026-04-21T17:46:44.601] [DEBUG] debug-file - hvigorfile, binding custom plugins []
[2026-04-21T17:46:44.601] [DEBUG] debug-file - hvigorfile, no custom plugins were found in C:\Users\lzf\Desktop\health_-service_-kit_-sample-code-master\health_-service_-kit_-sample-code-master\hvigorfile.ts
[2026-04-21T17:46:44.601] [DEBUG] debug-file - hvigorfile, resolve finished C:\Users\lzf\Desktop\health_-service_-kit_-sample-code-master\health_-service_-kit_-sample-code-master\hvigorfile.ts
[2026-04-21T17:46:44.602] [DEBUG] debug-file - hvigorfile, resolving C:\Users\lzf\Desktop\health_-service_-kit_-sample-code-master\health_-service_-kit_-sample-code-master\entry\hvigorfile.ts
[2026-04-21T17:46:44.605] [DEBUG] debug-file - hvigorfile, require result:  { default: { plugins: [] } }
[2026-04-21T17:46:44.606] [DEBUG] debug-file - hvigorfile, binding system plugins null
[2026-04-21T17:46:44.606] [DEBUG] debug-file - Starting plugin build process
[2026-04-21T17:46:44.606] [DEBUG] debug-file - Hap plugin creating...
[2026-04-21T17:46:44.607] [DEBUG] debug-file - failed to load cangjie to dynamically generate schemas: Error: Cannot find module '@ohos/cangjie-build-support/index'
Require stack:
- D:\DevEco Studio\tools\hvigor\hvigor-ohos-plugin\src\plugin\hooks\cangjie-register.js
- D:\DevEco Studio\tools\hvigor\hvigor-ohos-plugin\src\plugin\strategy\stage-init-strategy.js
- D:\DevEco Studio\tools\hvigor\hvigor-ohos-plugin\src\plugin\builder\abstract-plugin-builder.js
- D:\DevEco Studio\tools\hvigor\hvigor-ohos-plugin\src\plugin\builder\app-plugin-builder.js
- D:\DevEco Studio\tools\hvigor\hvigor-ohos-plugin\src\plugin\factory\plugin-factory.js
- D:\DevEco Studio\tools\hvigor\hvigor-ohos-plugin\index.js
- C:\Users\lzf\Desktop\health_-service_-kit_-sample-code-master\health_-service_-kit_-sample-code-master\hvigorfile.ts
- D:\DevEco Studio\tools\hvigor\hvigor\src\base\internal\lifecycle\configuration.js
- D:\DevEco Studio\tools\hvigor\hvigor\src\base\boot\index.js
- D:\DevEco Studio\tools\hvigor\hvigor\src\base\daemon\cluster\worker-process-lifecycle.js
- D:\DevEco Studio\tools\hvigor\hvigor\src\base\daemon\process\daemon-process-boot-script.js
[2026-04-21T17:46:44.610] [DEBUG] debug-file - Start initialize module-target build option map, moduleName=entry, buildMode=debug
[2026-04-21T17:46:44.610] [DEBUG] debug-file - Target 'default' config initialized
[2026-04-21T17:46:44.610] [DEBUG] debug-file - Target 'ohosTest' config initialized
[2026-04-21T17:46:44.610] [DEBUG] debug-file - Module 'entry' target 'default' build option initialized
[2026-04-21T17:46:44.610] [DEBUG] debug-file - Module 'entry' target 'ohosTest' build option initialized
[2026-04-21T17:46:44.610] [DEBUG] debug-file - End initialize module-target build option map, moduleName=entry
[2026-04-21T17:46:44.610] [DEBUG] debug-file - Start initialize module-target build option map, moduleName=entry, buildMode=release
[2026-04-21T17:46:44.610] [DEBUG] debug-file - Target 'default' config initialized
[2026-04-21T17:46:44.610] [DEBUG] debug-file - Target 'ohosTest' config initialized
[2026-04-21T17:46:44.610] [DEBUG] debug-file - Module 'entry' target 'default' build option initialized
[2026-04-21T17:46:44.610] [DEBUG] debug-file - Module 'entry' target 'ohosTest' build option initialized
[2026-04-21T17:46:44.610] [DEBUG] debug-file - End initialize module-target build option map, moduleName=entry
[2026-04-21T17:46:44.611] [DEBUG] debug-file - Start initialize module-target build option map, moduleName=entry, buildMode=debug
[2026-04-21T17:46:44.611] [DEBUG] debug-file - Target 'default' config initialized
[2026-04-21T17:46:44.611] [DEBUG] debug-file - Target 'ohosTest' config initialized
[2026-04-21T17:46:44.611] [DEBUG] debug-file - Module 'entry' target 'default' build option initialized
[2026-04-21T17:46:44.611] [DEBUG] debug-file - Module 'entry' target 'ohosTest' build option initialized
[2026-04-21T17:46:44.611] [DEBUG] debug-file - End initialize module-target build option map, moduleName=entry
[2026-04-21T17:46:44.611] [DEBUG] debug-file - Obtain build option for module 'entry' target 'default'in this build.
[2026-04-21T17:46:44.613] [DEBUG] debug-file - Module entry task initialization takes 1 ms 
[2026-04-21T17:46:44.613] [DEBUG] debug-file - Hap plugin register hook start...
[2026-04-21T17:46:44.613] [DEBUG] debug-file - Hap plugin register hook end...
[2026-04-21T17:46:44.613] [DEBUG] debug-file - Plugin build process completed
[2026-04-21T17:46:44.613] [DEBUG] debug-file - hvigorfile, binding custom plugins []
[2026-04-21T17:46:44.613] [DEBUG] debug-file - hvigorfile, no custom plugins were found in C:\Users\lzf\Desktop\health_-service_-kit_-sample-code-master\health_-service_-kit_-sample-code-master\entry\hvigorfile.ts
[2026-04-21T17:46:44.613] [DEBUG] debug-file - hvigorfile, resolve finished C:\Users\lzf\Desktop\health_-service_-kit_-sample-code-master\health_-service_-kit_-sample-code-master\entry\hvigorfile.ts
[2026-04-21T17:46:44.638] [DEBUG] debug-file - hvigorfile, resolve hvigorfile dependencies in 24 ms 
[2026-04-21T17:46:44.638] [DEBUG] debug-file - project has submodules:entry
[2026-04-21T17:46:44.639] [DEBUG] debug-file - start to load updatedOhPackageInfo to the disk
[2026-04-21T17:46:44.648] [DEBUG] debug-file - load to the disk finished
[2026-04-21T17:46:44.648] [DEBUG] debug-file - Start to initialize dependency information.
[2026-04-21T17:46:44.652] [DEBUG] debug-file - Module health_-service_-kit_-sample-code-master Collected Dependency: 
[2026-04-21T17:46:44.652] [DEBUG] debug-file - Module health_-service_-kit_-sample-code-master's total dependency: 0
[2026-04-21T17:46:44.653] [DEBUG] debug-file - Start to initialize dependency information.
[2026-04-21T17:46:44.654] [DEBUG] debug-file - Module entry Collected Dependency: 
[2026-04-21T17:46:44.655] [DEBUG] debug-file - Module entry's total dependency: 0
[2026-04-21T17:46:44.656] [DEBUG] debug-file - Configuration phase cost:113 ms 
[2026-04-21T17:46:44.657] [DEBUG] debug-file - Configuration task cost before running: 121 ms 
[2026-04-21T17:46:44.661] [DEBUG] debug-file - Executing task :entry:default@PreBuild
[2026-04-21T17:46:44.662] [WARN] debug-file - The project has not explicitly set the 'targetSdkVersion' version at build-profile.json5. It is recommended to configure it. Reference: https://developer.huawei.com/consumer/cn/doc/harmonyos-guides/ide-hvigor-build-profile-app#section45865492619
[2026-04-21T17:46:44.662] [DEBUG] debug-file - Task 'entry:default@PreBuild' cost while wrapping incremental declarations: 1 ms 
[2026-04-21T17:46:44.670] [DEBUG] debug-file - Incremental task entry:default@PreBuild pre-execution cost: 5 ms .
[2026-04-21T17:46:44.670] [DEBUG] debug-file - entry : default@PreBuild cost memory 0.356048583984375
[2026-04-21T17:46:44.673] [INFO] debug-file - UP-TO-DATE :entry:default@PreBuild...  
[2026-04-21T17:46:44.674] [DEBUG] debug-file - Executing task :entry:default@CreateModuleInfo
[2026-04-21T17:46:44.675] [DEBUG] debug-file - Task 'entry:default@CreateModuleInfo' cost while wrapping incremental declarations: 1 ms 
[2026-04-21T17:46:44.676] [DEBUG] debug-file - entry : default@CreateModuleInfo cost memory -1.6745223999023438
[2026-04-21T17:46:44.676] [DEBUG] debug-file - runTaskFromQueue task cost before running: 140 ms 
[2026-04-21T17:46:44.676] [INFO] debug-file - Finished :entry:default@CreateModuleInfo... after 2 ms 
[2026-04-21T17:46:44.678] [DEBUG] debug-file - Executing task :entry:default@GenerateMetadata
[2026-04-21T17:46:44.678] [DEBUG] debug-file - Task 'entry:default@GenerateMetadata' cost while wrapping incremental declarations: 1 ms 
[2026-04-21T17:46:44.679] [DEBUG] debug-file - Incremental task entry:default@GenerateMetadata pre-execution cost: 1 ms .
[2026-04-21T17:46:44.679] [DEBUG] debug-file - entry : default@GenerateMetadata cost memory 0.0886383056640625
[2026-04-21T17:46:44.679] [INFO] debug-file - UP-TO-DATE :entry:default@GenerateMetadata...  
[2026-04-21T17:46:44.680] [DEBUG] debug-file - Executing task :entry:default@ConfigureCmake
[2026-04-21T17:46:44.681] [DEBUG] debug-file - entry : default@ConfigureCmake cost memory 0.01419830322265625
[2026-04-21T17:46:44.681] [DEBUG] debug-file - runTaskFromQueue task cost before running: 145 ms 
[2026-04-21T17:46:44.681] [INFO] debug-file - Finished :entry:default@ConfigureCmake... after 1 ms 
[2026-04-21T17:46:44.682] [DEBUG] debug-file - Executing task :entry:default@MergeProfile
[2026-04-21T17:46:44.682] [DEBUG] debug-file - Task 'entry:default@MergeProfile' cost while wrapping incremental declarations: 1 ms 
[2026-04-21T17:46:44.683] [DEBUG] debug-file - Incremental task entry:default@MergeProfile pre-execution cost: 2 ms .
[2026-04-21T17:46:44.683] [DEBUG] debug-file - entry : default@MergeProfile cost memory 0.1264801025390625
[2026-04-21T17:46:44.684] [INFO] debug-file - UP-TO-DATE :entry:default@MergeProfile...  
[2026-04-21T17:46:44.685] [DEBUG] debug-file - Executing task :entry:default@CreateBuildProfile
[2026-04-21T17:46:44.685] [DEBUG] debug-file - Task 'entry:default@CreateBuildProfile' cost while wrapping incremental declarations: 1 ms 
[2026-04-21T17:46:44.686] [DEBUG] debug-file - Incremental task entry:default@CreateBuildProfile pre-execution cost: 1 ms .
[2026-04-21T17:46:44.686] [DEBUG] debug-file - entry : default@CreateBuildProfile cost memory 0.09514617919921875
[2026-04-21T17:46:44.686] [INFO] debug-file - UP-TO-DATE :entry:default@CreateBuildProfile...  
[2026-04-21T17:46:44.687] [DEBUG] debug-file - Executing task :entry:default@PreCheckSyscap
[2026-04-21T17:46:44.687] [DEBUG] debug-file - entry : default@PreCheckSyscap cost memory 0.0144195556640625
[2026-04-21T17:46:44.687] [DEBUG] debug-file - runTaskFromQueue task cost before running: 152 ms 
[2026-04-21T17:46:44.687] [INFO] debug-file - Finished :entry:default@PreCheckSyscap... after 1 ms 
[2026-04-21T17:46:44.689] [DEBUG] debug-file - Executing task :entry:default@GeneratePkgContextInfo
[2026-04-21T17:46:44.692] [DEBUG] debug-file - Task 'entry:default@GeneratePkgContextInfo' cost while wrapping incremental declarations: 1 ms 
[2026-04-21T17:46:44.692] [DEBUG] debug-file - entry : default@GeneratePkgContextInfo cost memory 0.19944000244140625
[2026-04-21T17:46:44.692] [DEBUG] debug-file - runTaskFromQueue task cost before running: 156 ms 
[2026-04-21T17:46:44.692] [INFO] debug-file - Finished :entry:default@GeneratePkgContextInfo... after 4 ms 
[2026-04-21T17:46:44.695] [DEBUG] debug-file - Executing task :entry:default@ProcessIntegratedHsp
[2026-04-21T17:46:44.695] [DEBUG] debug-file - entry:default@ProcessIntegratedHsp is not up-to-date, since the output file 'C:\Users\lzf\Desktop\health_-service_-kit_-sample-code-master\health_-service_-kit_-sample-code-master\build\cache\default\integrated_hsp\integratedHspCache.json' does not exist.
[2026-04-21T17:46:44.695] [DEBUG] debug-file - Incremental task entry:default@ProcessIntegratedHsp pre-execution cost: 1 ms .
[2026-04-21T17:46:44.695] [DEBUG] debug-file - entry : default@ProcessIntegratedHsp cost memory 0.0645751953125
[2026-04-21T17:46:44.696] [DEBUG] debug-file - runTaskFromQueue task cost before running: 160 ms 
[2026-04-21T17:46:44.696] [INFO] debug-file - Finished :entry:default@ProcessIntegratedHsp... after 1 ms 
[2026-04-21T17:46:44.697] [DEBUG] debug-file - Executing task :entry:default@BuildNativeWithCmake
[2026-04-21T17:46:44.697] [DEBUG] debug-file - entry : default@BuildNativeWithCmake cost memory 0.01419830322265625
[2026-04-21T17:46:44.697] [DEBUG] debug-file - runTaskFromQueue task cost before running: 162 ms 
[2026-04-21T17:46:44.697] [INFO] debug-file - Finished :entry:default@BuildNativeWithCmake... after 1 ms 
[2026-04-21T17:46:44.699] [DEBUG] debug-file - Executing task :entry:default@MakePackInfo
[2026-04-21T17:46:44.701] [DEBUG] debug-file - Incremental task entry:default@MakePackInfo pre-execution cost: 3 ms .
[2026-04-21T17:46:44.701] [DEBUG] debug-file - entry : default@MakePackInfo cost memory -1.4306640625
[2026-04-21T17:46:44.701] [INFO] debug-file - UP-TO-DATE :entry:default@MakePackInfo...  
[2026-04-21T17:46:44.702] [DEBUG] debug-file - Executing task :entry:default@SyscapTransform
[2026-04-21T17:46:44.702] [DEBUG] debug-file - File: 'C:\Users\lzf\Desktop\health_-service_-kit_-sample-code-master\health_-service_-kit_-sample-code-master\entry\src\main\syscap.json' from 'sysCapJsonPath' is not exists, just ignore.
[2026-04-21T17:46:44.703] [DEBUG] debug-file - Task 'entry:default@SyscapTransform' cost while wrapping incremental declarations: 1 ms 
[2026-04-21T17:46:44.704] [DEBUG] debug-file - entry:default@SyscapTransform is not up-to-date, since the output file 'C:\Users\lzf\Desktop\health_-service_-kit_-sample-code-master\health_-service_-kit_-sample-code-master\entry\build\default\intermediates\syscap\default\rpcid.sc' does not exist.
[2026-04-21T17:46:44.704] [DEBUG] debug-file - Incremental task entry:default@SyscapTransform pre-execution cost: 2 ms .
[2026-04-21T17:46:44.705] [DEBUG] debug-file - entry : default@SyscapTransform cost memory 0.1398162841796875
[2026-04-21T17:46:44.705] [DEBUG] debug-file - runTaskFromQueue task cost before running: 169 ms 
[2026-04-21T17:46:44.705] [INFO] debug-file - Finished :entry:default@SyscapTransform... after 3 ms 
[2026-04-21T17:46:44.706] [DEBUG] debug-file - Executing task :entry:default@ProcessProfile
[2026-04-21T17:46:44.707] [DEBUG] debug-file - Task 'entry:default@ProcessProfile' cost while wrapping incremental declarations: 1 ms 
[2026-04-21T17:46:44.708] [DEBUG] debug-file - Incremental task entry:default@ProcessProfile pre-execution cost: 1 ms .
[2026-04-21T17:46:44.708] [DEBUG] debug-file - entry : default@ProcessProfile cost memory 0.12647247314453125
[2026-04-21T17:46:44.708] [INFO] debug-file - UP-TO-DATE :entry:default@ProcessProfile...  
[2026-04-21T17:46:44.709] [DEBUG] debug-file - Executing task :entry:default@ProcessRouterMap
[2026-04-21T17:46:44.711] [DEBUG] debug-file - Incremental task entry:default@ProcessRouterMap pre-execution cost: 2 ms .
[2026-04-21T17:46:44.711] [DEBUG] debug-file - entry : default@ProcessRouterMap cost memory 0.1637420654296875
[2026-04-21T17:46:44.712] [INFO] debug-file - UP-TO-DATE :entry:default@ProcessRouterMap...  
[2026-04-21T17:46:44.712] [DEBUG] debug-file - Executing task :entry:default@ProcessShareConfig
[2026-04-21T17:46:44.714] [DEBUG] debug-file - Incremental task entry:default@ProcessShareConfig pre-execution cost: 2 ms .
[2026-04-21T17:46:44.714] [DEBUG] debug-file - entry : default@ProcessShareConfig cost memory 0.12563323974609375
[2026-04-21T17:46:44.714] [INFO] debug-file - UP-TO-DATE :entry:default@ProcessShareConfig...  
[2026-04-21T17:46:44.715] [DEBUG] debug-file - Executing task :entry:default@ProcessStartupConfig
[2026-04-21T17:46:44.715] [DEBUG] debug-file - Task 'entry:default@ProcessStartupConfig' cost while wrapping incremental declarations: 1 ms 
[2026-04-21T17:46:44.716] [DEBUG] debug-file - entry:default@ProcessStartupConfig is not up-to-date, since the output file 'C:\Users\lzf\Desktop\health_-service_-kit_-sample-code-master\health_-service_-kit_-sample-code-master\entry\build\default\intermediates\startup\default\startup_config.json' does not exist.
[2026-04-21T17:46:44.716] [DEBUG] debug-file - Incremental task entry:default@ProcessStartupConfig pre-execution cost: 1 ms .
[2026-04-21T17:46:44.716] [DEBUG] debug-file - entry : default@ProcessStartupConfig cost memory 0.1068115234375
[2026-04-21T17:46:44.716] [DEBUG] debug-file - runTaskFromQueue task cost before running: 180 ms 
[2026-04-21T17:46:44.716] [INFO] debug-file - Finished :entry:default@ProcessStartupConfig... after 1 ms 
[2026-04-21T17:46:44.717] [DEBUG] debug-file - Executing task :entry:default@BuildNativeWithNinja
[2026-04-21T17:46:44.718] [DEBUG] debug-file - entry : default@BuildNativeWithNinja cost memory 0.0262298583984375
[2026-04-21T17:46:44.718] [DEBUG] debug-file - runTaskFromQueue task cost before running: 182 ms 
[2026-04-21T17:46:44.718] [INFO] debug-file - Finished :entry:default@BuildNativeWithNinja... after 1 ms 
[2026-04-21T17:46:44.719] [DEBUG] debug-file - restool module names: entry; moduleName=entry, taskName=default@ProcessResource
[2026-04-21T17:46:44.720] [DEBUG] debug-file - Executing task :entry:default@ProcessResource
[2026-04-21T17:46:44.721] [DEBUG] debug-file - Task 'entry:default@ProcessResource' cost while wrapping incremental declarations: 1 ms 
[2026-04-21T17:46:44.722] [DEBUG] debug-file - Incremental task entry:default@ProcessResource pre-execution cost: 1 ms .
[2026-04-21T17:46:44.723] [DEBUG] debug-file - entry : default@ProcessResource cost memory -1.4461746215820312
[2026-04-21T17:46:44.724] [INFO] debug-file - UP-TO-DATE :entry:default@ProcessResource...  
[2026-04-21T17:46:44.725] [DEBUG] debug-file - Executing task :entry:default@GenerateLoaderJson
[2026-04-21T17:46:44.726] [DEBUG] debug-file - Task 'entry:default@GenerateLoaderJson' cost while wrapping incremental declarations: 1 ms 
[2026-04-21T17:46:44.733] [DEBUG] debug-file - Incremental task entry:default@GenerateLoaderJson pre-execution cost: 5 ms .
[2026-04-21T17:46:44.733] [DEBUG] debug-file - entry : default@GenerateLoaderJson cost memory 0.5826339721679688
[2026-04-21T17:46:44.737] [INFO] debug-file - UP-TO-DATE :entry:default@GenerateLoaderJson...  
[2026-04-21T17:46:44.738] [DEBUG] debug-file - Executing task :entry:default@ProcessLibs
[2026-04-21T17:46:44.740] [DEBUG] debug-file - Incremental task entry:default@ProcessLibs pre-execution cost: 2 ms .
[2026-04-21T17:46:44.740] [DEBUG] debug-file - entry : default@ProcessLibs cost memory 0.129241943359375
[2026-04-21T17:46:44.741] [INFO] debug-file - UP-TO-DATE :entry:default@ProcessLibs...  
[2026-04-21T17:46:44.742] [DEBUG] debug-file - restool module names: entry; moduleName=entry, taskName=default@CompileResource
[2026-04-21T17:46:44.742] [DEBUG] debug-file - Executing task :entry:default@CompileResource
[2026-04-21T17:46:44.752] [DEBUG] debug-file - Incremental task entry:default@CompileResource pre-execution cost: 10 ms .
[2026-04-21T17:46:44.752] [DEBUG] debug-file - entry : default@CompileResource cost memory -1.024017333984375
[2026-04-21T17:46:44.753] [INFO] debug-file - UP-TO-DATE :entry:default@CompileResource...  
[2026-04-21T17:46:44.754] [DEBUG] debug-file - Executing task :entry:default@DoNativeStrip
[2026-04-21T17:46:44.755] [DEBUG] debug-file - Task 'entry:default@DoNativeStrip' cost while wrapping incremental declarations: 1 ms 
[2026-04-21T17:46:44.756] [DEBUG] debug-file - Incremental task entry:default@DoNativeStrip pre-execution cost: 1 ms .
[2026-04-21T17:46:44.756] [DEBUG] debug-file - entry : default@DoNativeStrip cost memory 0.08435821533203125
[2026-04-21T17:46:44.756] [INFO] debug-file - UP-TO-DATE :entry:default@DoNativeStrip...  
[2026-04-21T17:46:44.757] [DEBUG] debug-file - Executing task :entry:default@CompileArkTS
[2026-04-21T17:46:44.757] [DEBUG] debug-file - obfuscationOptions: undefined
[2026-04-21T17:46:44.758] [DEBUG] debug-file - Task 'entry:default@CompileArkTS' cost while wrapping incremental declarations: 1 ms 
[2026-04-21T17:46:44.766] [DEBUG] debug-file - entry:default@CompileArkTS is not up-to-date, since the input file 'C:\Users\lzf\Desktop\health_-service_-kit_-sample-code-master\health_-service_-kit_-sample-code-master\entry\src\main\ets' has been changed.
[2026-04-21T17:46:44.766] [DEBUG] debug-file - Incremental task entry:default@CompileArkTS pre-execution cost: 7 ms .
[2026-04-21T17:46:44.778] [DEBUG] debug-file - build config:
[2026-04-21T17:46:44.778] [DEBUG] debug-file - {
  moduleType: 'entry',
  perf: 0,
  targetName: '.default',
  packageManagerType: 'ohpm',
  localPropertiesPath: 'C:\\Users\\lzf\\Desktop\\health_-service_-kit_-sample-code-master\\health_-service_-kit_-sample-code-master\\local.properties',
  isPreview: false,
  isOhosTest: false,
  isLocalTest: false,
  buildMode: 'Debug',
  hotReloadBuild: undefined,
  watchMode: 'false',
  aceProfilePath: 'C:\\Users\\lzf\\Desktop\\health_-service_-kit_-sample-code-master\\health_-service_-kit_-sample-code-master\\entry\\build\\default\\intermediates\\res\\default\\resources\\base\\profile',
  etsLoaderPath: 'D:\\DevEco Studio\\sdk\\default\\openharmony\\ets\\build-tools\\ets-loader',
  modulePath: 'C:\\Users\\lzf\\Desktop\\health_-service_-kit_-sample-code-master\\health_-service_-kit_-sample-code-master\\entry',
  testFrameworkPar: {
    testMode: undefined,
    coveragePathFilter: undefined,
    coverageMode: undefined
  },
  needCoverageInsert: false,
  debugLine: false,
  projectTopDir: 'C:\\Users\\lzf\\Desktop\\health_-service_-kit_-sample-code-master\\health_-service_-kit_-sample-code-master',
  compileSdkVersion: 22,
  compatibleSdkVersion: 12,
  originCompatibleSdkVersion: '5.0.0(12)',
  compatibleSdkVersionStage: 'beta1',
  bundleName: 'c***n',
  etsLoaderVersion: '6.0.2.130',
  etsLoaderReleaseType: 'Release',
  aotCompileMode: 'type',
  apPath: 'C:\\Users\\lzf\\Desktop\\health_-service_-kit_-sample-code-master\\health_-service_-kit_-sample-code-master\\entry\\modules.ap',
  entryModuleName: 'entry',
  entryModuleVersion: '1.0.0',
  entryPackageName: 'entry',
  allModuleNameHash: 'bb6dfe8d2e193c35b0cb6b8a0846875a3be2b3ae6338f35de853e6a29232da55',
  externalApiPaths: [ 'D:\\DevEco Studio\\sdk\\default\\hms\\ets' ],
  compilerTypes: [],
  isCrossplatform: false,
  hvigorPluginFile: undefined,
  compilePluginPath: undefined,
  buildGeneratedProfilePath: 'C:\\Users\\lzf\\Desktop\\health_-service_-kit_-sample-code-master\\health_-service_-kit_-sample-code-master\\entry\\build\\default\\generated\\profile\\default',
  bundleType: 'app',
  arkTSVersion: undefined,
  apiVersion: 22,
  needCompleteSourcesMap: false,
  isFaMode: false,
  buildDir: 'C:\\Users\\lzf\\Desktop\\health_-service_-kit_-sample-code-master\\health_-service_-kit_-sample-code-master\\entry\\build',
  deviceTypes: [ 'phone', 'tablet' ],
  pkgContextInfo: undefined,
  ohPackagePathMap: {},
  dependencyAliasMap: {},
  permission: { requestPermissions: undefined, definePermissions: undefined },
  useGetCurrentBundleName: false,
  projectArkOption: {},
  sourceMapDir: undefined,
  branchElimination: false,
  transformLib: undefined,
  tsImportSendable: false,
  resolveConflictMode: true,
  depName2RootPath: {},
  depName2DepInfo: {},
  rootPathSet: [
    'C:\\Users\\lzf\\Desktop\\health_-service_-kit_-sample-code-master\\health_-service_-kit_-sample-code-master'
  ],
  useNativeResolver: true,
  shouldEmitJs: true,
  useTscResolve: false,
  singleFileEmit: false,
  userProjectConfig: {
    autoLazyImport: false,
    allowEmptyBundleName: false,
    reExportCheckMode: 'noCheck',
    executionMode: 'memory',
    usePathPlaceholder: false,
    writeRollupCache: true,
    isExpandImportEnabled: false,
    expandImportExclude: '',
    lazyImportExclude: '',
    lazyImportInclude: '',
    ignoreCrossplatformCheck: false,
    isHarDeduplicateEnabled: false,
    skipOhModulesLint: false,
    enableStrictCheckOHModule: false,
    disableSendableCheckRules: [],
    useDeclarationFileSignature: false,
    customizedOptions: undefined,
    integratedHsp: false,
    isPreloadSoEnabled: false
  },
  executionMode: 'memory',
  arkCompileCachePath: 'C:\\Users\\lzf\\Desktop\\health_-service_-kit_-sample-code-master\\health_-service_-kit_-sample-code-master\\entry\\build\\default\\cache\\default\\default@CompileArkTS\\esmodule',
  autoLazyFilter: undefined,
  isHarDeduplicateEnabled: false,
  intermediateHarDuplicateDirPath: 'C:\\Users\\lzf\\Desktop\\health_-service_-kit_-sample-code-master\\health_-service_-kit_-sample-code-master\\entry\\build\\default\\intermediates\\har_duplicate\\default',
  autoLazyImport: false,
  allowEmptyBundleName: false,
  reExportCheckMode: 'noCheck',
  usePathPlaceholder: false,
  writeRollupCache: true,
  isExpandImportEnabled: false,
  expandImportExclude: '',
  lazyImportExclude: '',
  lazyImportInclude: '',
  ignoreCrossplatformCheck: false,
  skipOhModulesLint: false,
  enableStrictCheckOHModule: false,
  disableSendableCheckRules: [],
  useDeclarationFileSignature: false,
  customizedOptions: undefined,
  integratedHsp: false,
  isPreloadSoEnabled: false,
  strictMode: undefined,
  useNormalizedOHMUrl: false,
  caseSensitiveCheck: false,
  aceModuleJsonPath: 'C:\\Users\\lzf\\Desktop\\health_-service_-kit_-sample-code-master\\health_-service_-kit_-sample-code-master\\entry\\build\\default\\intermediates\\res\\default\\ark_module.json',
  appResource: 'C:\\Users\\lzf\\Desktop\\health_-service_-kit_-sample-code-master\\health_-service_-kit_-sample-code-master\\entry\\build\\default\\intermediates\\res\\default\\ResourceTable.txt',
  rawFileResource: 'C:\\Users\\lzf\\Desktop\\health_-service_-kit_-sample-code-master\\health_-service_-kit_-sample-code-master\\entry\\build\\default\\intermediates\\res\\default\\resources\\rawfile',
  resourceTableHash: 'fce136b98a333daacd6837dfafa7c58bc85531faa021073e77ebf6d9e051944e',
  runtimeOS: 'HarmonyOS',
  sdkInfo: 'false:22:6.0.2.130:Release',
  aceModuleRoot: 'C:\\Users\\lzf\\Desktop\\health_-service_-kit_-sample-code-master\\health_-service_-kit_-sample-code-master\\entry\\src\\main\\ets',
  compileMode: 'esmodule',
  aceSuperVisualPath: 'C:\\Users\\lzf\\Desktop\\health_-service_-kit_-sample-code-master\\health_-service_-kit_-sample-code-master\\entry\\src\\main\\supervisual',
  aceBuildJson: 'C:\\Users\\lzf\\Desktop\\health_-service_-kit_-sample-code-master\\health_-service_-kit_-sample-code-master\\entry\\build\\default\\intermediates\\loader\\default\\loader.json',
  cachePath: 'C:\\Users\\lzf\\Desktop\\health_-service_-kit_-sample-code-master\\health_-service_-kit_-sample-code-master\\entry\\build\\default\\cache\\default\\default@CompileArkTS\\esmodule\\debug',
  aceModuleBuild: 'C:\\Users\\lzf\\Desktop\\health_-service_-kit_-sample-code-master\\health_-service_-kit_-sample-code-master\\entry\\build\\default\\intermediates\\loader_out\\default\\ets',
  supportChunks: true,
  declaredFilesPath: undefined,
  shouldCollectDirectImportees: false,
  isByteCodeHarOptimize: false,
  expandImportPath: undefined,
  pkgNameToPkgBriefInfo: {
    entry: {
      pkgRoot: 'C:\\Users\\lzf\\Desktop\\health_-service_-kit_-sample-code-master\\health_-service_-kit_-sample-code-master\\entry',
      originalSourceRoots: undefined,
      sourceRoots: [Array],
      pkgName: 'entry'
    }
  },
  projectModel: {
    'C:\\Users\\lzf\\Desktop\\health_-service_-kit_-sample-code-master\\health_-service_-kit_-sample-code-master\\entry\\src\\main': {
      moduleName: 'entry',
      modulePkgPath: 'C:\\Users\\lzf\\Desktop\\health_-service_-kit_-sample-code-master\\health_-service_-kit_-sample-code-master\\entry',
      belongProjectPath: 'C:\\Users\\lzf\\Desktop\\health_-service_-kit_-sample-code-master\\health_-service_-kit_-sample-code-master'
    },
    'C:\\Users\\lzf\\Desktop\\health_-service_-kit_-sample-code-master\\health_-service_-kit_-sample-code-master\\entry\\src\\ohosTest': {
      moduleName: 'entry_test',
      modulePkgPath: 'C:\\Users\\lzf\\Desktop\\health_-service_-kit_-sample-code-master\\health_-service_-kit_-sample-code-master\\entry',
      belongProjectPath: 'C:\\Users\\lzf\\Desktop\\health_-service_-kit_-sample-code-master\\health_-service_-kit_-sample-code-master'
    },
    'C:\\Users\\lzf\\Desktop\\health_-service_-kit_-sample-code-master\\health_-service_-kit_-sample-code-master\\entry': {
      moduleName: 'entry',
      modulePkgPath: 'C:\\Users\\lzf\\Desktop\\health_-service_-kit_-sample-code-master\\health_-service_-kit_-sample-code-master\\entry',
      belongProjectPath: 'C:\\Users\\lzf\\Desktop\\health_-service_-kit_-sample-code-master\\health_-service_-kit_-sample-code-master'
    },
    'C:\\Users\\lzf\\Desktop\\health_-service_-kit_-sample-code-master\\health_-service_-kit_-sample-code-master': {
      moduleName: 'health_-service_-kit_-sample-code-master',
      modulePkgPath: 'C:\\Users\\lzf\\Desktop\\health_-service_-kit_-sample-code-master\\health_-service_-kit_-sample-code-master',
      belongProjectPath: 'C:\\Users\\lzf\\Desktop\\health_-service_-kit_-sample-code-master\\health_-service_-kit_-sample-code-master'
    }
  },
  pkgJsonFileHash: '53c3da6ecb1d24a3ad581eea1fadab6cbeeaa772966670d8effc1efcec277957',
  allModulePaths: [
    'C:\\Users\\lzf\\Desktop\\health_-service_-kit_-sample-code-master\\health_-service_-kit_-sample-code-master\\entry'
  ],
  routerMap: {},
  obfuscationOptions: undefined,
  byteCodeHarToDependencyKeys: undefined,
  compileBlockPkg: [],
  mockParams: {
    decorator: '@MockSetup',
    packageName: '@ohos/hamock',
    etsSourceRootPath: 'src/main/ets',
    mockConfigPath: undefined,
    mockConfigKey2ModuleInfo: {},
    source2ModuleIdMap: {}
  },
  copyCodeResourceEnable: true,
  copyCodeResourceExcludes: [],
  copyCodeResourceIncludes: undefined,
  uiTransformOptimization: false,
  sdkPath: 'D:/DevEco Studio/sdk',
  needPreloadSoFileSet: {},
  preloadSoFilePath: 'C:\\Users\\lzf\\Desktop\\health_-service_-kit_-sample-code-master\\health_-service_-kit_-sample-code-master\\entry\\build\\default\\intermediates\\preload\\default\\preload.json',
  useSourceHash: false,
  localModuleParamMap: {},
  otherPaths: {
    'entry/*': [
      '..\\*',
      '..\\..\\..\\build\\default\\generated\\profile\\default\\*'
    ]
  },
  collectImportersConfig: undefined
}
[2026-04-21T17:46:44.778] [DEBUG] debug-file - Compile arkts with external api path: D:\DevEco Studio\sdk\default\hms\ets
[2026-04-21T17:46:44.780] [DEBUG] debug-file - default@CompileArkTS work[13] is submitted.
[2026-04-21T17:46:44.780] [DEBUG] debug-file - default@CompileArkTS work[13] is pushed to ready queue.
[2026-04-21T17:46:44.780] [DEBUG] debug-file - A work dispatched to worker[23] failed because unable to get work from ready queue.
[2026-04-21T17:46:44.780] [DEBUG] debug-file - A work dispatched to worker[22] failed because unable to get work from ready queue.
[2026-04-21T17:46:44.780] [DEBUG] debug-file - A work dispatched to worker[21] failed because unable to get work from ready queue.
[2026-04-21T17:46:44.780] [DEBUG] debug-file - A work dispatched to worker[20] failed because unable to get work from ready queue.
[2026-04-21T17:46:44.780] [DEBUG] debug-file - A work dispatched to worker[19] failed because unable to get work from ready queue.
[2026-04-21T17:46:44.780] [DEBUG] debug-file - A work dispatched to worker[18] failed because unable to get work from ready queue.
[2026-04-21T17:46:44.780] [DEBUG] debug-file - A work dispatched to worker[17] failed because unable to get work from ready queue.
[2026-04-21T17:46:44.780] [DEBUG] debug-file - A work dispatched to worker[16] failed because unable to get work from ready queue.
[2026-04-21T17:46:44.780] [DEBUG] debug-file - A work dispatched to worker[15] failed because unable to get work from ready queue.
[2026-04-21T17:46:44.780] [DEBUG] debug-file - A work dispatched to worker[14] failed because unable to get work from ready queue.
[2026-04-21T17:46:44.780] [DEBUG] debug-file - A work dispatched to worker[13] failed because unable to get work from ready queue.
[2026-04-21T17:46:44.780] [DEBUG] debug-file - A work dispatched to worker[12] failed because unable to get work from ready queue.
[2026-04-21T17:46:44.780] [DEBUG] debug-file - A work dispatched to worker[11] failed because unable to get work from ready queue.
[2026-04-21T17:46:44.780] [DEBUG] debug-file - A work dispatched to worker[10] failed because unable to get work from ready queue.
[2026-04-21T17:46:44.780] [DEBUG] debug-file - A work dispatched to worker[9] failed because unable to get work from ready queue.
[2026-04-21T17:46:44.780] [DEBUG] debug-file - A work dispatched to worker[8] failed because unable to get work from ready queue.
[2026-04-21T17:46:44.780] [DEBUG] debug-file - A work dispatched to worker[7] failed because unable to get work from ready queue.
[2026-04-21T17:46:44.780] [DEBUG] debug-file - A work dispatched to worker[6] failed because unable to get work from ready queue.
[2026-04-21T17:46:44.780] [DEBUG] debug-file - A work dispatched to worker[5] failed because unable to get work from ready queue.
[2026-04-21T17:46:44.781] [DEBUG] debug-file - default@CompileArkTS work[13] has been dispatched to worker[4].
[2026-04-21T17:46:44.781] [DEBUG] debug-file - default@CompileArkTS work[13] is dispatched.
[2026-04-21T17:46:44.781] [DEBUG] debug-file - CopyResources startTime: 4448926645900
[2026-04-21T17:46:44.781] [DEBUG] debug-file - default@CompileArkTS work[14] is submitted.
[2026-04-21T17:46:44.781] [DEBUG] debug-file - default@CompileArkTS work[14] is pushed to ready queue.
[2026-04-21T17:46:44.781] [DEBUG] debug-file - A work dispatched to worker[23] failed because unable to get work from ready queue.
[2026-04-21T17:46:44.781] [DEBUG] debug-file - Create  resident worker with id: 22.
[2026-04-21T17:46:44.783] [DEBUG] debug-file - default@CompileArkTS work[14] has been dispatched to worker[22].
[2026-04-21T17:46:44.783] [DEBUG] debug-file - default@CompileArkTS work[14] is dispatched.
[2026-04-21T17:46:44.783] [DEBUG] debug-file - entry : default@CompileArkTS cost memory -0.09603118896484375
[2026-04-21T17:46:44.785] [DEBUG] debug-file - Executing task :entry:default@BuildJS
[2026-04-21T17:46:44.785] [DEBUG] debug-file - Task 'entry:default@BuildJS' cost while wrapping incremental declarations: 1 ms 
[2026-04-21T17:46:44.789] [DEBUG] debug-file - entry : default@BuildJS cost memory 0.16315460205078125
[2026-04-21T17:46:44.789] [DEBUG] debug-file - runTaskFromQueue task cost before running: 253 ms 
[2026-04-21T17:46:44.789] [INFO] debug-file - Finished :entry:default@BuildJS... after 5 ms 
[2026-04-21T17:46:44.791] [DEBUG] debug-file - Executing task :entry:default@CacheNativeLibs
[2026-04-21T17:46:44.792] [DEBUG] debug-file - Task 'entry:default@CacheNativeLibs' cost while wrapping incremental declarations: 1 ms 
[2026-04-21T17:46:44.793] [DEBUG] debug-file - Incremental task entry:default@CacheNativeLibs pre-execution cost: 2 ms .
[2026-04-21T17:46:44.793] [DEBUG] debug-file - entry : default@CacheNativeLibs cost memory 0.10036468505859375
[2026-04-21T17:46:44.793] [INFO] debug-file - UP-TO-DATE :entry:default@CacheNativeLibs...  
[2026-04-21T17:46:46.012] [DEBUG] debug-file - worker[22] has one work done.
[2026-04-21T17:46:46.012] [DEBUG] debug-file - CopyResources is end, endTime: 4450157621700
[2026-04-21T17:46:46.012] [DEBUG] debug-file - default@CompileArkTS work[14] done.
[2026-04-21T17:46:46.012] [DEBUG] debug-file - A work dispatched to worker[22] failed because unable to get work from ready queue.
[2026-04-21T17:46:46.074] [WARN] debug-file - [33mWARN: [33m[33mArkTS:WARN File: C:/Users/lzf/Desktop/health_-service_-kit_-sample-code-master/health_-service_-kit_-sample-code-master/entry/src/main/ets/pages/MainIndex.ets:184:14
 'pushUrl' has been deprecated.
[39m[39m
[33mWARN: [33m[33mArkTS:WARN File: C:/Users/lzf/Desktop/health_-service_-kit_-sample-code-master/health_-service_-kit_-sample-code-master/entry/src/main/ets/pages/AuthIndex.ets:19:48
 'getContext' has been deprecated.
[39m[39m

[2026-04-21T17:46:46.075] [DEBUG] debug-file - Ark compile task finished.finished time is 4450220446900
[2026-04-21T17:46:46.075] [DEBUG] debug-file - worker[4] has one work done.
[2026-04-21T17:46:46.077] [DEBUG] debug-file - default@CompileArkTS work[13] done.
[2026-04-21T17:46:46.077] [DEBUG] debug-file - A work dispatched to worker[4] failed because unable to get work from ready queue.
[2026-04-21T17:46:46.078] [INFO] debug-file - Finished :entry:default@CompileArkTS... after 1 s 318 ms 
[2026-04-21T17:46:46.080] [DEBUG] debug-file - Executing task :entry:default@GeneratePkgModuleJson
[2026-04-21T17:46:46.080] [DEBUG] debug-file - File: 'C:\Users\lzf\Desktop\health_-service_-kit_-sample-code-master\health_-service_-kit_-sample-code-master\entry\build\default\intermediates\preload\default\preload.json' from 'preloadSoJsonPath' is not exists, just ignore.
[2026-04-21T17:46:46.080] [DEBUG] debug-file - Error occurs while handling @Input 'shouldDeduplicateHar': The "data" argument must be of type string or an instance of Buffer, TypedArray, or DataView. Received undefined
[2026-04-21T17:46:46.081] [DEBUG] debug-file - Task 'entry:default@GeneratePkgModuleJson' cost while wrapping incremental declarations: 1 ms 
[2026-04-21T17:46:46.081] [DEBUG] debug-file - Incremental task entry:default@GeneratePkgModuleJson pre-execution cost: 1 ms .
[2026-04-21T17:46:46.081] [DEBUG] debug-file - entry : default@GeneratePkgModuleJson cost memory 0.10613250732421875
[2026-04-21T17:46:46.082] [INFO] debug-file - UP-TO-DATE :entry:default@GeneratePkgModuleJson...  
[2026-04-21T17:46:46.083] [DEBUG] debug-file - Executing task :entry:default@ProcessCompiledResources
[2026-04-21T17:46:46.083] [DEBUG] debug-file - File: 'C:\Users\lzf\Desktop\health_-service_-kit_-sample-code-master\health_-service_-kit_-sample-code-master\entry\build\default\intermediates\preload\default\preload.json' from 'preloadSoJsonPath' is not exists, just ignore.
[2026-04-21T17:46:46.083] [DEBUG] debug-file - Task 'entry:default@ProcessCompiledResources' cost while wrapping incremental declarations: 1 ms 
[2026-04-21T17:46:46.084] [DEBUG] debug-file - entry : default@ProcessCompiledResources cost memory 0.0630950927734375
[2026-04-21T17:46:46.084] [DEBUG] debug-file - runTaskFromQueue task cost before running: 1 s 548 ms 
[2026-04-21T17:46:46.084] [INFO] debug-file - Finished :entry:default@ProcessCompiledResources... after 1 ms 
[2026-04-21T17:46:46.087] [DEBUG] debug-file - Executing task :entry:default@PackageHap
[2026-04-21T17:46:46.092] [DEBUG] debug-file - entry:default@PackageHap is not up-to-date, since the input file 'C:\Users\lzf\Desktop\health_-service_-kit_-sample-code-master\health_-service_-kit_-sample-code-master\entry\build\default\intermediates\loader_out\default\ets' has been changed.
[2026-04-21T17:46:46.092] [DEBUG] debug-file - Incremental task entry:default@PackageHap pre-execution cost: 4 ms .
[2026-04-21T17:46:46.093] [DEBUG] debug-file - Use tool [D:\DevEco Studio\sdk\default\openharmony\toolchains\lib\app_packing_tool.jar]
 [
  'java',
  '-Dfile.encoding=GBK',
  '-jar',
  'D:\\DevEco Studio\\sdk\\default\\openharmony\\toolchains\\lib\\app_packing_tool.jar',
  '--mode',
  'hap',
  '--force',
  'true',
  '--lib-path',
  'C:\\Users\\lzf\\Desktop\\health_-service_-kit_-sample-code-master\\health_-service_-kit_-sample-code-master\\entry\\build\\default\\intermediates\\stripped_native_libs\\default',
  '--json-path',
  'C:\\Users\\lzf\\Desktop\\health_-service_-kit_-sample-code-master\\health_-service_-kit_-sample-code-master\\entry\\build\\default\\intermediates\\package\\default\\module.json',
  '--resources-path',
  'C:\\Users\\lzf\\Desktop\\health_-service_-kit_-sample-code-master\\health_-service_-kit_-sample-code-master\\entry\\build\\default\\intermediates\\res\\default\\resources',
  '--index-path',
  'C:\\Users\\lzf\\Desktop\\health_-service_-kit_-sample-code-master\\health_-service_-kit_-sample-code-master\\entry\\build\\default\\intermediates\\res\\default\\resources.index',
  '--pack-info-path',
  'C:\\Users\\lzf\\Desktop\\health_-service_-kit_-sample-code-master\\health_-service_-kit_-sample-code-master\\entry\\build\\default\\outputs\\default\\pack.info',
  '--out-path',
  'C:\\Users\\lzf\\Desktop\\health_-service_-kit_-sample-code-master\\health_-service_-kit_-sample-code-master\\entry\\build\\default\\outputs\\default\\entry-default-unsigned.hap',
  '--ets-path',
  'C:\\Users\\lzf\\Desktop\\health_-service_-kit_-sample-code-master\\health_-service_-kit_-sample-code-master\\entry\\build\\default\\intermediates\\loader_out\\default\\ets'
]
[2026-04-21T17:46:46.142] [DEBUG] debug-file - java daemon socket received message:{"code":0,"message":"pack success"}
[2026-04-21T17:46:46.146] [DEBUG] debug-file - entry : default@PackageHap cost memory 0.5913848876953125
[2026-04-21T17:46:46.147] [DEBUG] debug-file - runTaskFromQueue task cost before running: 1 s 611 ms 
[2026-04-21T17:46:46.148] [INFO] debug-file - Finished :entry:default@PackageHap... after 60 ms 
[2026-04-21T17:46:46.149] [DEBUG] debug-file - Executing task :entry:default@PackingCheck
[2026-04-21T17:46:46.153] [DEBUG] debug-file - entry : default@PackingCheck cost memory 0.31781768798828125
[2026-04-21T17:46:46.153] [DEBUG] debug-file - runTaskFromQueue task cost before running: 1 s 617 ms 
[2026-04-21T17:46:46.153] [INFO] debug-file - Finished :entry:default@PackingCheck... after 4 ms 
[2026-04-21T17:46:46.154] [DEBUG] debug-file - Executing task :entry:default@SignHap
[2026-04-21T17:46:46.154] [WARN] debug-file - Will skip sign 'hos_hap'. No signingConfigs profile is configured in current project.
             If needed, configure the signingConfigs in C:\Users\lzf\Desktop\health_-service_-kit_-sample-code-master\health_-service_-kit_-sample-code-master\build-profile.json5.
[2026-04-21T17:46:46.155] [DEBUG] debug-file - entry:default@SignHap is not up-to-date, since the input file 'C:\Users\lzf\Desktop\health_-service_-kit_-sample-code-master\health_-service_-kit_-sample-code-master\entry\build\default\outputs\default\entry-default-unsigned.hap' has been changed.
[2026-04-21T17:46:46.155] [DEBUG] debug-file - Incremental task entry:default@SignHap pre-execution cost: 1 ms .
[2026-04-21T17:46:46.156] [DEBUG] debug-file - entry : default@SignHap cost memory 0.09368896484375
[2026-04-21T17:46:46.156] [DEBUG] debug-file - runTaskFromQueue task cost before running: 1 s 620 ms 
[2026-04-21T17:46:46.156] [INFO] debug-file - Finished :entry:default@SignHap... after 2 ms 
[2026-04-21T17:46:46.157] [DEBUG] debug-file - Executing task :entry:default@CollectDebugSymbol
[2026-04-21T17:46:46.158] [DEBUG] debug-file - entry : default@CollectDebugSymbol cost memory 0.111083984375
[2026-04-21T17:46:46.158] [DEBUG] debug-file - runTaskFromQueue task cost before running: 1 s 622 ms 
[2026-04-21T17:46:46.158] [INFO] debug-file - Finished :entry:default@CollectDebugSymbol... after 2 ms 
[2026-04-21T17:46:46.158] [DEBUG] debug-file - Executing task :entry:assembleHap
[2026-04-21T17:46:46.159] [DEBUG] debug-file - entry : assembleHap cost memory 0.01230621337890625
[2026-04-21T17:46:46.160] [DEBUG] debug-file - runTaskFromQueue task cost before running: 1 s 624 ms 
[2026-04-21T17:46:46.160] [INFO] debug-file - Finished :entry:assembleHap... after 2 ms 
[2026-04-21T17:46:46.168] [INFO] debug-file - BUILD SUCCESSFUL in 1 s 632 ms 
[2026-04-21T17:46:46.168] [DEBUG] debug-file - There is no need to refresh cache, since the incremental task entry:default@PreBuild is up-to-date.
[2026-04-21T17:46:46.168] [DEBUG] debug-file - Update task entry:default@CreateModuleInfo output file:C:\Users\lzf\Desktop\health_-service_-kit_-sample-code-master\health_-service_-kit_-sample-code-master\entry\build\default\generated\profile\default\ModuleInfo.ts cache.
[2026-04-21T17:46:46.168] [DEBUG] debug-file - Incremental task entry:default@CreateModuleInfo post-execution cost:1 ms .
[2026-04-21T17:46:46.169] [DEBUG] debug-file - There is no need to refresh cache, since the incremental task entry:default@GenerateMetadata is up-to-date.
[2026-04-21T17:46:46.169] [DEBUG] debug-file - There is no need to refresh cache, since the incremental task entry:default@MergeProfile is up-to-date.
[2026-04-21T17:46:46.169] [DEBUG] debug-file - There is no need to refresh cache, since the incremental task entry:default@CreateBuildProfile is up-to-date.
[2026-04-21T17:46:46.169] [DEBUG] debug-file - Update task entry:default@GeneratePkgContextInfo output file:C:\Users\lzf\Desktop\health_-service_-kit_-sample-code-master\health_-service_-kit_-sample-code-master\entry\build\default\intermediates\loader\default\pkgContextInfo.json cache.
[2026-04-21T17:46:46.169] [DEBUG] debug-file - Incremental task entry:default@GeneratePkgContextInfo post-execution cost:1 ms .
[2026-04-21T17:46:46.169] [DEBUG] debug-file - Update task entry:default@ProcessIntegratedHsp output file:C:\Users\lzf\Desktop\health_-service_-kit_-sample-code-master\health_-service_-kit_-sample-code-master\build\cache\default\integrated_hsp\integratedHspCache.json cache.
[2026-04-21T17:46:46.169] [DEBUG] debug-file - Incremental task entry:default@ProcessIntegratedHsp post-execution cost:1 ms .
[2026-04-21T17:46:46.169] [DEBUG] debug-file - There is no need to refresh cache, since the incremental task entry:default@MakePackInfo is up-to-date.
[2026-04-21T17:46:46.169] [DEBUG] debug-file - Update task entry:default@SyscapTransform input file:D:\DevEco Studio\sdk\default\openharmony\toolchains\syscap_tool.exe cache by regenerate.
[2026-04-21T17:46:46.169] [DEBUG] debug-file - Update task entry:default@SyscapTransform input file:D:\DevEco Studio\sdk\default\openharmony\ets\api\device-define cache by regenerate.
[2026-04-21T17:46:46.170] [DEBUG] debug-file - Update task entry:default@SyscapTransform output file:C:\Users\lzf\Desktop\health_-service_-kit_-sample-code-master\health_-service_-kit_-sample-code-master\entry\build\default\intermediates\syscap\default\rpcid.sc cache.
[2026-04-21T17:46:46.171] [DEBUG] debug-file - Incremental task entry:default@SyscapTransform post-execution cost:2 ms .
[2026-04-21T17:46:46.171] [DEBUG] debug-file - There is no need to refresh cache, since the incremental task entry:default@ProcessProfile is up-to-date.
[2026-04-21T17:46:46.171] [DEBUG] debug-file - There is no need to refresh cache, since the incremental task entry:default@ProcessRouterMap is up-to-date.
[2026-04-21T17:46:46.171] [DEBUG] debug-file - There is no need to refresh cache, since the incremental task entry:default@ProcessShareConfig is up-to-date.
[2026-04-21T17:46:46.171] [DEBUG] debug-file - Update task entry:default@ProcessStartupConfig output file:C:\Users\lzf\Desktop\health_-service_-kit_-sample-code-master\health_-service_-kit_-sample-code-master\entry\build\default\intermediates\startup\default\startup_config.json cache.
[2026-04-21T17:46:46.171] [DEBUG] debug-file - Incremental task entry:default@ProcessStartupConfig post-execution cost:1 ms .
[2026-04-21T17:46:46.171] [DEBUG] debug-file - There is no need to refresh cache, since the incremental task entry:default@ProcessResource is up-to-date.
[2026-04-21T17:46:46.171] [DEBUG] debug-file - There is no need to refresh cache, since the incremental task entry:default@GenerateLoaderJson is up-to-date.
[2026-04-21T17:46:46.171] [DEBUG] debug-file - There is no need to refresh cache, since the incremental task entry:default@ProcessLibs is up-to-date.
[2026-04-21T17:46:46.171] [DEBUG] debug-file - There is no need to refresh cache, since the incremental task entry:default@CompileResource is up-to-date.
[2026-04-21T17:46:46.171] [DEBUG] debug-file - There is no need to refresh cache, since the incremental task entry:default@DoNativeStrip is up-to-date.
[2026-04-21T17:46:46.173] [DEBUG] debug-file - Update task entry:default@CompileArkTS input file:C:\Users\lzf\Desktop\health_-service_-kit_-sample-code-master\health_-service_-kit_-sample-code-master\entry\build\default\intermediates\loader\default cache by regenerate.
[2026-04-21T17:46:46.173] [DEBUG] debug-file - Update task entry:default@CompileArkTS input file:C:\Users\lzf\Desktop\health_-service_-kit_-sample-code-master\health_-service_-kit_-sample-code-master\entry\build\default\intermediates\res\default\ResourceTable.txt cache by regenerate.
[2026-04-21T17:46:46.173] [DEBUG] debug-file - Update task entry:default@CompileArkTS input file:C:\Users\lzf\Desktop\health_-service_-kit_-sample-code-master\health_-service_-kit_-sample-code-master\entry\build\default\intermediates\res\default\ark_module.json cache by regenerate.
[2026-04-21T17:46:46.173] [DEBUG] debug-file - Update task entry:default@CompileArkTS input file:C:\Users\lzf\Desktop\health_-service_-kit_-sample-code-master\health_-service_-kit_-sample-code-master\entry\build\default\intermediates\res\default\resources\base\profile cache by regenerate.
[2026-04-21T17:46:46.174] [DEBUG] debug-file - Update task entry:default@CompileArkTS input file:C:\Users\lzf\Desktop\health_-service_-kit_-sample-code-master\health_-service_-kit_-sample-code-master\entry\src\main\ets cache from map.
[2026-04-21T17:46:46.174] [DEBUG] debug-file - Update task entry:default@CompileArkTS input file:C:\Users\lzf\Desktop\health_-service_-kit_-sample-code-master\health_-service_-kit_-sample-code-master\entry\build\default\generated\profile\default\BuildProfile.ets cache by regenerate.
[2026-04-21T17:46:46.174] [DEBUG] debug-file - Update task entry:default@CompileArkTS output file:C:\Users\lzf\Desktop\health_-service_-kit_-sample-code-master\health_-service_-kit_-sample-code-master\entry\build\default\intermediates\loader_out\default\ets cache.
[2026-04-21T17:46:46.175] [DEBUG] debug-file - Incremental task entry:default@CompileArkTS post-execution cost:4 ms .
[2026-04-21T17:46:46.176] [DEBUG] debug-file - Update task entry:default@BuildJS input file:C:\Users\lzf\Desktop\health_-service_-kit_-sample-code-master\health_-service_-kit_-sample-code-master\entry\build\default\intermediates\loader\default cache by regenerate.
[2026-04-21T17:46:46.176] [DEBUG] debug-file - Update task entry:default@BuildJS input file:C:\Users\lzf\Desktop\health_-service_-kit_-sample-code-master\health_-service_-kit_-sample-code-master\entry\build\default\intermediates\res\default\ResourceTable.txt cache by regenerate.
[2026-04-21T17:46:46.176] [DEBUG] debug-file - Update task entry:default@BuildJS input file:C:\Users\lzf\Desktop\health_-service_-kit_-sample-code-master\health_-service_-kit_-sample-code-master\entry\build\default\intermediates\res\default\ark_module.json cache by regenerate.
[2026-04-21T17:46:46.177] [DEBUG] debug-file - Update task entry:default@BuildJS input file:C:\Users\lzf\Desktop\health_-service_-kit_-sample-code-master\health_-service_-kit_-sample-code-master\entry\build\default\intermediates\res\default\resources\base\profile cache by regenerate.
[2026-04-21T17:46:46.177] [DEBUG] debug-file - Update task entry:default@BuildJS output file:C:\Users\lzf\Desktop\health_-service_-kit_-sample-code-master\health_-service_-kit_-sample-code-master\entry\build\default\intermediates\loader_out\default\js cache.
[2026-04-21T17:46:46.178] [DEBUG] debug-file - Incremental task entry:default@BuildJS post-execution cost:3 ms .
[2026-04-21T17:46:46.178] [DEBUG] debug-file - There is no need to refresh cache, since the incremental task entry:default@CacheNativeLibs is up-to-date.
[2026-04-21T17:46:46.178] [DEBUG] debug-file - There is no need to refresh cache, since the incremental task entry:default@GeneratePkgModuleJson is up-to-date.
[2026-04-21T17:46:46.178] [DEBUG] debug-file - Incremental task entry:default@ProcessCompiledResources post-execution cost:1 ms .
[2026-04-21T17:46:46.179] [DEBUG] debug-file - Update task entry:default@PackageHap input file:C:\Users\lzf\Desktop\health_-service_-kit_-sample-code-master\health_-service_-kit_-sample-code-master\entry\build\default\intermediates\stripped_native_libs\default cache by regenerate.
[2026-04-21T17:46:46.179] [DEBUG] debug-file - Update task entry:default@PackageHap input file:C:\Users\lzf\Desktop\health_-service_-kit_-sample-code-master\health_-service_-kit_-sample-code-master\entry\build\default\intermediates\res\default\module.json cache by regenerate.
[2026-04-21T17:46:46.179] [DEBUG] debug-file - Update task entry:default@PackageHap input file:C:\Users\lzf\Desktop\health_-service_-kit_-sample-code-master\health_-service_-kit_-sample-code-master\entry\build\default\intermediates\res\default\resources cache by regenerate.
[2026-04-21T17:46:46.180] [DEBUG] debug-file - Update task entry:default@PackageHap input file:C:\Users\lzf\Desktop\health_-service_-kit_-sample-code-master\health_-service_-kit_-sample-code-master\entry\build\default\intermediates\res\default\resources.index cache by regenerate.
[2026-04-21T17:46:46.180] [DEBUG] debug-file - Update task entry:default@PackageHap input file:C:\Users\lzf\Desktop\health_-service_-kit_-sample-code-master\health_-service_-kit_-sample-code-master\entry\build\default\outputs\default\pack.info cache by regenerate.
[2026-04-21T17:46:46.180] [DEBUG] debug-file - Update task entry:default@PackageHap input file:C:\Users\lzf\Desktop\health_-service_-kit_-sample-code-master\health_-service_-kit_-sample-code-master\entry\build\default\intermediates\loader_out\default\ets cache from map.
[2026-04-21T17:46:46.181] [DEBUG] debug-file - Update task entry:default@PackageHap input file:C:\Users\lzf\Desktop\health_-service_-kit_-sample-code-master\health_-service_-kit_-sample-code-master\entry\build\default\intermediates\loader_out\default\ets\sourceMaps.map cache by regenerate.
[2026-04-21T17:46:46.181] [DEBUG] debug-file - Update task entry:default@PackageHap input file:C:\Users\lzf\Desktop\health_-service_-kit_-sample-code-master\health_-service_-kit_-sample-code-master\entry\build\default\generated\profile\default\BuildProfile.ets cache by regenerate.
[2026-04-21T17:46:46.181] [DEBUG] debug-file - Update task entry:default@PackageHap output file:C:\Users\lzf\Desktop\health_-service_-kit_-sample-code-master\health_-service_-kit_-sample-code-master\entry\build\default\outputs\default\entry-default-unsigned.hap cache.
[2026-04-21T17:46:46.181] [DEBUG] debug-file - Update task entry:default@PackageHap output file:C:\Users\lzf\Desktop\health_-service_-kit_-sample-code-master\health_-service_-kit_-sample-code-master\entry\build\default\intermediates\source_map\default\sourceMaps.map cache.
[2026-04-21T17:46:46.181] [DEBUG] debug-file - Update task entry:default@PackageHap output file:C:\Users\lzf\Desktop\health_-service_-kit_-sample-code-master\health_-service_-kit_-sample-code-master\entry\build\default\outputs\default\mapping\sourceMaps.map cache.
[2026-04-21T17:46:46.181] [DEBUG] debug-file - Incremental task entry:default@PackageHap post-execution cost:4 ms .
[2026-04-21T17:46:46.182] [DEBUG] debug-file - Update task entry:default@SignHap input file:C:\Users\lzf\Desktop\health_-service_-kit_-sample-code-master\health_-service_-kit_-sample-code-master\entry\build\default\outputs\default\entry-default-unsigned.hap cache from map.
[2026-04-21T17:46:46.182] [DEBUG] debug-file - Update task entry:default@SignHap output file:C:\Users\lzf\Desktop\health_-service_-kit_-sample-code-master\health_-service_-kit_-sample-code-master\entry\build\default\outputs\default\entry-default-signed.hap cache.
[2026-04-21T17:46:46.182] [DEBUG] debug-file - Incremental task entry:default@SignHap post-execution cost:1 ms .
[2026-04-21T17:46:46.182] [DEBUG] debug-file - Update task entry:default@CollectDebugSymbol input file:C:\Users\lzf\Desktop\health_-service_-kit_-sample-code-master\health_-service_-kit_-sample-code-master\entry\build\default\intermediates\loader_out\default\ets\sourceMaps.map cache by regenerate.
[2026-04-21T17:46:46.182] [DEBUG] debug-file - Update task entry:default@CollectDebugSymbol input file:C:\Users\lzf\Desktop\health_-service_-kit_-sample-code-master\health_-service_-kit_-sample-code-master\entry\build\default\intermediates\libs\default cache by regenerate.
[2026-04-21T17:46:46.183] [DEBUG] debug-file - Update task entry:default@CollectDebugSymbol output file:C:\Users\lzf\Desktop\health_-service_-kit_-sample-code-master\health_-service_-kit_-sample-code-master\entry\build\default\outputs\default\symbol cache.
[2026-04-21T17:46:46.183] [DEBUG] debug-file - Incremental task entry:default@CollectDebugSymbol post-execution cost:1 ms .
[2026-04-21T17:46:46.204] [DEBUG] debug-file - Cleanup worker 22.
[2026-04-21T17:46:46.204] [DEBUG] debug-file - Worker 22 has been cleaned up.
[2026-04-21T17:46:46.204] [DEBUG] debug-file - Current idle worker size: 1.
[2026-04-21T17:46:46.204] [DEBUG] debug-file - Current resident worker size: 2.
[2026-04-21T17:46:46.205] [DEBUG] debug-file - hvigor build process will be closed.
[2026-04-21T17:46:46.205] [DEBUG] debug-file - java daemon socket close code:1000 reason:close by user
[2026-04-21T17:46:46.214] [DEBUG] debug-file - session manager: send message to worker process.
[2026-04-21T17:46:46.215] [DEBUG] debug-file - session manager: send message to worker process.
[2026-04-21T17:46:46.213] [DEBUG] debug-file - worker[22] exits with exit code 1.
[2026-04-21T17:46:46.214] [DEBUG] debug-file - watch worker: worker id should be larger than 0. Nothing will be sent to any worker thread.
[2026-04-21T17:46:46.215] [DEBUG] debug-file - watch worker: worker id should be larger than 0. Nothing will be sent to any worker thread.
[2026-04-21T17:47:14.358] [DEBUG] debug-file - session manager: set active socket. socketId=hm4_nZDdEmtlzLXmAAAR
[2026-04-21T17:47:14.367] [DEBUG] debug-file - watch worker: worker id should be larger than 0. Nothing will be sent to any worker thread.
[2026-04-21T17:47:14.371] [DEBUG] debug-file - Workers' log level updated to INFO
[2026-04-21T17:47:14.374] [DEBUG] debug-file - Hvigor init with startParameters:{
  hvigorfileTypeCheck: false,
  parallelExecution: true,
  incrementalExecution: true,
  printStackTrace: false,
  daemon: true,
  analyze: 0,
  logLevel: Level { level: 20000, levelStr: 'INFO', colour: 'green' },
  optimizationStrategy: 'memory',
  hotCompile: undefined,
  hotReloadBuild: undefined,
  customizedParam: undefined
}
[2026-04-21T17:47:14.379] [DEBUG] debug-file - Cache service initialization finished in 5 ms 
[2026-04-21T17:47:14.380] [DEBUG] debug-file - hvigorfile, resolving C:\Users\lzf\Desktop\health_-service_-kit_-sample-code-master\health_-service_-kit_-sample-code-master\hvigorfile.ts
[2026-04-21T17:47:14.386] [DEBUG] debug-file - hvigorfile, require result:  { default: { plugins: [] } }
[2026-04-21T17:47:14.386] [DEBUG] debug-file - hvigorfile, binding system plugins null
[2026-04-21T17:47:14.387] [DEBUG] debug-file - Starting plugin build process
[2026-04-21T17:47:14.387] [DEBUG] debug-file - App plugin prepare start...
[2026-04-21T17:47:14.387] [DEBUG] debug-file - App plugin prepare end...
[2026-04-21T17:47:14.387] [DEBUG] debug-file - App plugin creating...
[2026-04-21T17:47:14.393] [DEBUG] debug-file - App plugin register hook start...
[2026-04-21T17:47:14.394] [DEBUG] debug-file - App plugin register hook end...
[2026-04-21T17:47:14.394] [DEBUG] debug-file - Plugin build process completed
[2026-04-21T17:47:14.394] [DEBUG] debug-file - Start initialize project's product build option map with build mode debug.
[2026-04-21T17:47:14.394] [DEBUG] debug-file - Picking option from product 'default' with build mode 'debug'.
[2026-04-21T17:47:14.394] [DEBUG] debug-file - Product 'default' build option initialized
[2026-04-21T17:47:14.394] [DEBUG] debug-file - End initialize project's product build option map with build mode 'debug'.
[2026-04-21T17:47:14.395] [DEBUG] debug-file - Obtain build option for product 'default'in this build.
[2026-04-21T17:47:14.396] [DEBUG] debug-file - No signingConfig found, initRemoteHspCache failed.
[2026-04-21T17:47:14.400] [DEBUG] debug-file - Start recording SDK configuration permission data.
[2026-04-21T17:47:14.436] [DEBUG] debug-file - Sdk init in 39 ms 
[2026-04-21T17:47:14.440] [DEBUG] debug-file - Project task initialization takes 4 ms 
[2026-04-21T17:47:14.441] [DEBUG] debug-file - hvigorfile, binding custom plugins []
[2026-04-21T17:47:14.441] [DEBUG] debug-file - hvigorfile, no custom plugins were found in C:\Users\lzf\Desktop\health_-service_-kit_-sample-code-master\health_-service_-kit_-sample-code-master\hvigorfile.ts
[2026-04-21T17:47:14.441] [DEBUG] debug-file - hvigorfile, resolve finished C:\Users\lzf\Desktop\health_-service_-kit_-sample-code-master\health_-service_-kit_-sample-code-master\hvigorfile.ts
[2026-04-21T17:47:14.441] [DEBUG] debug-file - hvigorfile, resolving C:\Users\lzf\Desktop\health_-service_-kit_-sample-code-master\health_-service_-kit_-sample-code-master\entry\hvigorfile.ts
[2026-04-21T17:47:14.445] [DEBUG] debug-file - hvigorfile, require result:  { default: { plugins: [] } }
[2026-04-21T17:47:14.445] [DEBUG] debug-file - hvigorfile, binding system plugins null
[2026-04-21T17:47:14.445] [DEBUG] debug-file - Starting plugin build process
[2026-04-21T17:47:14.445] [DEBUG] debug-file - Hap plugin creating...
[2026-04-21T17:47:14.446] [DEBUG] debug-file - failed to load cangjie to dynamically generate schemas: Error: Cannot find module '@ohos/cangjie-build-support/index'
Require stack:
- D:\DevEco Studio\tools\hvigor\hvigor-ohos-plugin\src\plugin\hooks\cangjie-register.js
- D:\DevEco Studio\tools\hvigor\hvigor-ohos-plugin\src\plugin\strategy\stage-init-strategy.js
- D:\DevEco Studio\tools\hvigor\hvigor-ohos-plugin\src\plugin\builder\abstract-plugin-builder.js
- D:\DevEco Studio\tools\hvigor\hvigor-ohos-plugin\src\plugin\builder\app-plugin-builder.js
- D:\DevEco Studio\tools\hvigor\hvigor-ohos-plugin\src\plugin\factory\plugin-factory.js
- D:\DevEco Studio\tools\hvigor\hvigor-ohos-plugin\index.js
- C:\Users\lzf\Desktop\health_-service_-kit_-sample-code-master\health_-service_-kit_-sample-code-master\hvigorfile.ts
- D:\DevEco Studio\tools\hvigor\hvigor\src\base\internal\lifecycle\configuration.js
- D:\DevEco Studio\tools\hvigor\hvigor\src\base\boot\index.js
- D:\DevEco Studio\tools\hvigor\hvigor\src\base\daemon\cluster\worker-process-lifecycle.js
- D:\DevEco Studio\tools\hvigor\hvigor\src\base\daemon\process\daemon-process-boot-script.js
[2026-04-21T17:47:14.449] [DEBUG] debug-file - Start initialize module-target build option map, moduleName=entry, buildMode=debug
[2026-04-21T17:47:14.449] [DEBUG] debug-file - Target 'default' config initialized
[2026-04-21T17:47:14.449] [DEBUG] debug-file - Target 'ohosTest' config initialized
[2026-04-21T17:47:14.450] [DEBUG] debug-file - Module 'entry' target 'default' build option initialized
[2026-04-21T17:47:14.450] [DEBUG] debug-file - Module 'entry' target 'ohosTest' build option initialized
[2026-04-21T17:47:14.450] [DEBUG] debug-file - End initialize module-target build option map, moduleName=entry
[2026-04-21T17:47:14.450] [DEBUG] debug-file - Start initialize module-target build option map, moduleName=entry, buildMode=release
[2026-04-21T17:47:14.451] [DEBUG] debug-file - Target 'default' config initialized
[2026-04-21T17:47:14.451] [DEBUG] debug-file - Target 'ohosTest' config initialized
[2026-04-21T17:47:14.451] [DEBUG] debug-file - Module 'entry' target 'default' build option initialized
[2026-04-21T17:47:14.451] [DEBUG] debug-file - Module 'entry' target 'ohosTest' build option initialized
[2026-04-21T17:47:14.451] [DEBUG] debug-file - End initialize module-target build option map, moduleName=entry
[2026-04-21T17:47:14.451] [DEBUG] debug-file - Start initialize module-target build option map, moduleName=entry, buildMode=debug
[2026-04-21T17:47:14.451] [DEBUG] debug-file - Target 'default' config initialized
[2026-04-21T17:47:14.451] [DEBUG] debug-file - Target 'ohosTest' config initialized
[2026-04-21T17:47:14.451] [DEBUG] debug-file - Module 'entry' target 'default' build option initialized
[2026-04-21T17:47:14.451] [DEBUG] debug-file - Module 'entry' target 'ohosTest' build option initialized
[2026-04-21T17:47:14.451] [DEBUG] debug-file - End initialize module-target build option map, moduleName=entry
[2026-04-21T17:47:14.451] [DEBUG] debug-file - Obtain build option for module 'entry' target 'default'in this build.
[2026-04-21T17:47:14.454] [DEBUG] debug-file - Module entry task initialization takes 3 ms 
[2026-04-21T17:47:14.454] [DEBUG] debug-file - Hap plugin register hook start...
[2026-04-21T17:47:14.454] [DEBUG] debug-file - Hap plugin register hook end...
[2026-04-21T17:47:14.454] [DEBUG] debug-file - Plugin build process completed
[2026-04-21T17:47:14.455] [DEBUG] debug-file - hvigorfile, binding custom plugins []
[2026-04-21T17:47:14.455] [DEBUG] debug-file - hvigorfile, no custom plugins were found in C:\Users\lzf\Desktop\health_-service_-kit_-sample-code-master\health_-service_-kit_-sample-code-master\entry\hvigorfile.ts
[2026-04-21T17:47:14.455] [DEBUG] debug-file - hvigorfile, resolve finished C:\Users\lzf\Desktop\health_-service_-kit_-sample-code-master\health_-service_-kit_-sample-code-master\entry\hvigorfile.ts
[2026-04-21T17:47:14.482] [DEBUG] debug-file - hvigorfile, resolve hvigorfile dependencies in 27 ms 
[2026-04-21T17:47:14.482] [DEBUG] debug-file - project has submodules:entry
[2026-04-21T17:47:14.485] [DEBUG] debug-file - start to load updatedOhPackageInfo to the disk
[2026-04-21T17:47:14.492] [DEBUG] debug-file - load to the disk finished
[2026-04-21T17:47:14.493] [DEBUG] debug-file - Start to initialize dependency information.
[2026-04-21T17:47:14.496] [DEBUG] debug-file - Module health_-service_-kit_-sample-code-master Collected Dependency: 
[2026-04-21T17:47:14.496] [DEBUG] debug-file - Module health_-service_-kit_-sample-code-master's total dependency: 0
[2026-04-21T17:47:14.496] [DEBUG] debug-file - Start to initialize dependency information.
[2026-04-21T17:47:14.498] [DEBUG] debug-file - Module entry Collected Dependency: 
[2026-04-21T17:47:14.498] [DEBUG] debug-file - Module entry's total dependency: 0
[2026-04-21T17:47:14.501] [DEBUG] debug-file - Configuration phase cost:122 ms 
[2026-04-21T17:47:14.502] [DEBUG] debug-file - Configuration task cost before running: 131 ms 
[2026-04-21T17:47:14.506] [DEBUG] debug-file - Executing task :entry:default@PreBuild
[2026-04-21T17:47:14.507] [WARN] debug-file - The project has not explicitly set the 'targetSdkVersion' version at build-profile.json5. It is recommended to configure it. Reference: https://developer.huawei.com/consumer/cn/doc/harmonyos-guides/ide-hvigor-build-profile-app#section45865492619
[2026-04-21T17:47:14.508] [DEBUG] debug-file - Task 'entry:default@PreBuild' cost while wrapping incremental declarations: 1 ms 
[2026-04-21T17:47:14.514] [DEBUG] debug-file - Incremental task entry:default@PreBuild pre-execution cost: 5 ms .
[2026-04-21T17:47:14.515] [DEBUG] debug-file - entry : default@PreBuild cost memory -1.434539794921875
[2026-04-21T17:47:14.517] [INFO] debug-file - UP-TO-DATE :entry:default@PreBuild...  
[2026-04-21T17:47:14.518] [DEBUG] debug-file - Executing task :entry:default@CreateModuleInfo
[2026-04-21T17:47:14.518] [DEBUG] debug-file - Task 'entry:default@CreateModuleInfo' cost while wrapping incremental declarations: 1 ms 
[2026-04-21T17:47:14.518] [DEBUG] debug-file - entry : default@CreateModuleInfo cost memory 0.04045867919921875
[2026-04-21T17:47:14.519] [DEBUG] debug-file - runTaskFromQueue task cost before running: 147 ms 
[2026-04-21T17:47:14.519] [INFO] debug-file - Finished :entry:default@CreateModuleInfo... after 1 ms 
[2026-04-21T17:47:14.520] [DEBUG] debug-file - Executing task :entry:default@GenerateMetadata
[2026-04-21T17:47:14.521] [DEBUG] debug-file - Task 'entry:default@GenerateMetadata' cost while wrapping incremental declarations: 1 ms 
[2026-04-21T17:47:14.522] [DEBUG] debug-file - Incremental task entry:default@GenerateMetadata pre-execution cost: 1 ms .
[2026-04-21T17:47:14.522] [DEBUG] debug-file - entry : default@GenerateMetadata cost memory 0.0868988037109375
[2026-04-21T17:47:14.522] [INFO] debug-file - UP-TO-DATE :entry:default@GenerateMetadata...  
[2026-04-21T17:47:14.523] [DEBUG] debug-file - Executing task :entry:default@ConfigureCmake
[2026-04-21T17:47:14.523] [DEBUG] debug-file - entry : default@ConfigureCmake cost memory 0.01419830322265625
[2026-04-21T17:47:14.523] [DEBUG] debug-file - runTaskFromQueue task cost before running: 152 ms 
[2026-04-21T17:47:14.524] [INFO] debug-file - Finished :entry:default@ConfigureCmake... after 1 ms 
[2026-04-21T17:47:14.525] [DEBUG] debug-file - Executing task :entry:default@MergeProfile
[2026-04-21T17:47:14.525] [DEBUG] debug-file - Task 'entry:default@MergeProfile' cost while wrapping incremental declarations: 1 ms 
[2026-04-21T17:47:14.527] [DEBUG] debug-file - Incremental task entry:default@MergeProfile pre-execution cost: 2 ms .
[2026-04-21T17:47:14.527] [DEBUG] debug-file - entry : default@MergeProfile cost memory 0.12636566162109375
[2026-04-21T17:47:14.527] [INFO] debug-file - UP-TO-DATE :entry:default@MergeProfile...  
[2026-04-21T17:47:14.529] [DEBUG] debug-file - Executing task :entry:default@CreateBuildProfile
[2026-04-21T17:47:14.530] [DEBUG] debug-file - Task 'entry:default@CreateBuildProfile' cost while wrapping incremental declarations: 1 ms 
[2026-04-21T17:47:14.531] [DEBUG] debug-file - Incremental task entry:default@CreateBuildProfile pre-execution cost: 2 ms .
[2026-04-21T17:47:14.531] [DEBUG] debug-file - entry : default@CreateBuildProfile cost memory 0.0986175537109375
[2026-04-21T17:47:14.532] [INFO] debug-file - UP-TO-DATE :entry:default@CreateBuildProfile...  
[2026-04-21T17:47:14.533] [DEBUG] debug-file - Executing task :entry:default@PreCheckSyscap
[2026-04-21T17:47:14.533] [DEBUG] debug-file - entry : default@PreCheckSyscap cost memory 0.0144195556640625
[2026-04-21T17:47:14.533] [DEBUG] debug-file - runTaskFromQueue task cost before running: 162 ms 
[2026-04-21T17:47:14.533] [INFO] debug-file - Finished :entry:default@PreCheckSyscap... after 1 ms 
[2026-04-21T17:47:14.534] [DEBUG] debug-file - Executing task :entry:default@GeneratePkgContextInfo
[2026-04-21T17:47:14.537] [DEBUG] debug-file - Task 'entry:default@GeneratePkgContextInfo' cost while wrapping incremental declarations: 1 ms 
[2026-04-21T17:47:14.538] [DEBUG] debug-file - entry : default@GeneratePkgContextInfo cost memory 0.1945343017578125
[2026-04-21T17:47:14.538] [DEBUG] debug-file - runTaskFromQueue task cost before running: 167 ms 
[2026-04-21T17:47:14.538] [INFO] debug-file - Finished :entry:default@GeneratePkgContextInfo... after 4 ms 
[2026-04-21T17:47:14.544] [DEBUG] debug-file - Executing task :entry:default@ProcessIntegratedHsp
[2026-04-21T17:47:14.544] [DEBUG] debug-file - entry:default@ProcessIntegratedHsp is not up-to-date, since the output file 'C:\Users\lzf\Desktop\health_-service_-kit_-sample-code-master\health_-service_-kit_-sample-code-master\build\cache\default\integrated_hsp\integratedHspCache.json' does not exist.
[2026-04-21T17:47:14.544] [DEBUG] debug-file - Incremental task entry:default@ProcessIntegratedHsp pre-execution cost: 1 ms .
[2026-04-21T17:47:14.544] [DEBUG] debug-file - entry : default@ProcessIntegratedHsp cost memory 0.060333251953125
[2026-04-21T17:47:14.544] [DEBUG] debug-file - runTaskFromQueue task cost before running: 173 ms 
[2026-04-21T17:47:14.545] [INFO] debug-file - Finished :entry:default@ProcessIntegratedHsp... after 1 ms 
[2026-04-21T17:47:14.546] [DEBUG] debug-file - Executing task :entry:default@BuildNativeWithCmake
[2026-04-21T17:47:14.546] [DEBUG] debug-file - entry : default@BuildNativeWithCmake cost memory 0.01419830322265625
[2026-04-21T17:47:14.546] [DEBUG] debug-file - runTaskFromQueue task cost before running: 175 ms 
[2026-04-21T17:47:14.546] [INFO] debug-file - Finished :entry:default@BuildNativeWithCmake... after 1 ms 
[2026-04-21T17:47:14.547] [DEBUG] debug-file - Executing task :entry:default@MakePackInfo
[2026-04-21T17:47:14.548] [DEBUG] debug-file - Incremental task entry:default@MakePackInfo pre-execution cost: 2 ms .
[2026-04-21T17:47:14.549] [DEBUG] debug-file - entry : default@MakePackInfo cost memory 0.111663818359375
[2026-04-21T17:47:14.549] [INFO] debug-file - UP-TO-DATE :entry:default@MakePackInfo...  
[2026-04-21T17:47:14.550] [DEBUG] debug-file - Executing task :entry:default@SyscapTransform
[2026-04-21T17:47:14.550] [DEBUG] debug-file - File: 'C:\Users\lzf\Desktop\health_-service_-kit_-sample-code-master\health_-service_-kit_-sample-code-master\entry\src\main\syscap.json' from 'sysCapJsonPath' is not exists, just ignore.
[2026-04-21T17:47:14.551] [DEBUG] debug-file - Task 'entry:default@SyscapTransform' cost while wrapping incremental declarations: 1 ms 
[2026-04-21T17:47:14.552] [DEBUG] debug-file - entry:default@SyscapTransform is not up-to-date, since the output file 'C:\Users\lzf\Desktop\health_-service_-kit_-sample-code-master\health_-service_-kit_-sample-code-master\entry\build\default\intermediates\syscap\default\rpcid.sc' does not exist.
[2026-04-21T17:47:14.552] [DEBUG] debug-file - Incremental task entry:default@SyscapTransform pre-execution cost: 2 ms .
[2026-04-21T17:47:14.552] [DEBUG] debug-file - entry : default@SyscapTransform cost memory 0.139801025390625
[2026-04-21T17:47:14.552] [DEBUG] debug-file - runTaskFromQueue task cost before running: 181 ms 
[2026-04-21T17:47:14.552] [INFO] debug-file - Finished :entry:default@SyscapTransform... after 3 ms 
[2026-04-21T17:47:14.554] [DEBUG] debug-file - Executing task :entry:default@ProcessProfile
[2026-04-21T17:47:14.555] [DEBUG] debug-file - Task 'entry:default@ProcessProfile' cost while wrapping incremental declarations: 1 ms 
[2026-04-21T17:47:14.555] [DEBUG] debug-file - Incremental task entry:default@ProcessProfile pre-execution cost: 1 ms .
[2026-04-21T17:47:14.556] [DEBUG] debug-file - entry : default@ProcessProfile cost memory 0.1264495849609375
[2026-04-21T17:47:14.556] [INFO] debug-file - UP-TO-DATE :entry:default@ProcessProfile...  
[2026-04-21T17:47:14.557] [DEBUG] debug-file - Executing task :entry:default@ProcessRouterMap
[2026-04-21T17:47:14.559] [DEBUG] debug-file - Incremental task entry:default@ProcessRouterMap pre-execution cost: 2 ms .
[2026-04-21T17:47:14.559] [DEBUG] debug-file - entry : default@ProcessRouterMap cost memory 0.151214599609375
[2026-04-21T17:47:14.560] [INFO] debug-file - UP-TO-DATE :entry:default@ProcessRouterMap...  
[2026-04-21T17:47:14.562] [DEBUG] debug-file - Executing task :entry:default@ProcessShareConfig
[2026-04-21T17:47:14.563] [DEBUG] debug-file - Incremental task entry:default@ProcessShareConfig pre-execution cost: 2 ms .
[2026-04-21T17:47:14.563] [DEBUG] debug-file - entry : default@ProcessShareConfig cost memory 0.12567901611328125
[2026-04-21T17:47:14.564] [INFO] debug-file - UP-TO-DATE :entry:default@ProcessShareConfig...  
[2026-04-21T17:47:14.565] [DEBUG] debug-file - Executing task :entry:default@ProcessStartupConfig
[2026-04-21T17:47:14.565] [DEBUG] debug-file - Task 'entry:default@ProcessStartupConfig' cost while wrapping incremental declarations: 1 ms 
[2026-04-21T17:47:14.566] [DEBUG] debug-file - entry:default@ProcessStartupConfig is not up-to-date, since the output file 'C:\Users\lzf\Desktop\health_-service_-kit_-sample-code-master\health_-service_-kit_-sample-code-master\entry\build\default\intermediates\startup\default\startup_config.json' does not exist.
[2026-04-21T17:47:14.566] [DEBUG] debug-file - Incremental task entry:default@ProcessStartupConfig pre-execution cost: 1 ms .
[2026-04-21T17:47:14.567] [DEBUG] debug-file - entry : default@ProcessStartupConfig cost memory -1.5007095336914062
[2026-04-21T17:47:14.567] [DEBUG] debug-file - runTaskFromQueue task cost before running: 196 ms 
[2026-04-21T17:47:14.567] [INFO] debug-file - Finished :entry:default@ProcessStartupConfig... after 2 ms 
[2026-04-21T17:47:14.569] [DEBUG] debug-file - Executing task :entry:default@BuildNativeWithNinja
[2026-04-21T17:47:14.569] [DEBUG] debug-file - entry : default@BuildNativeWithNinja cost memory 0.0227508544921875
[2026-04-21T17:47:14.570] [DEBUG] debug-file - runTaskFromQueue task cost before running: 198 ms 
[2026-04-21T17:47:14.570] [INFO] debug-file - Finished :entry:default@BuildNativeWithNinja... after 1 ms 
[2026-04-21T17:47:14.571] [DEBUG] debug-file - restool module names: entry; moduleName=entry, taskName=default@ProcessResource
[2026-04-21T17:47:14.573] [DEBUG] debug-file - Executing task :entry:default@ProcessResource
[2026-04-21T17:47:14.574] [DEBUG] debug-file - Task 'entry:default@ProcessResource' cost while wrapping incremental declarations: 1 ms 
[2026-04-21T17:47:14.575] [DEBUG] debug-file - Incremental task entry:default@ProcessResource pre-execution cost: 1 ms .
[2026-04-21T17:47:14.575] [DEBUG] debug-file - entry : default@ProcessResource cost memory 0.1438446044921875
[2026-04-21T17:47:14.578] [INFO] debug-file - UP-TO-DATE :entry:default@ProcessResource...  
[2026-04-21T17:47:14.581] [DEBUG] debug-file - Executing task :entry:default@GenerateLoaderJson
[2026-04-21T17:47:14.581] [DEBUG] debug-file - Task 'entry:default@GenerateLoaderJson' cost while wrapping incremental declarations: 1 ms 
[2026-04-21T17:47:14.591] [DEBUG] debug-file - Incremental task entry:default@GenerateLoaderJson pre-execution cost: 6 ms .
[2026-04-21T17:47:14.591] [DEBUG] debug-file - entry : default@GenerateLoaderJson cost memory 0.5743484497070312
[2026-04-21T17:47:14.595] [INFO] debug-file - UP-TO-DATE :entry:default@GenerateLoaderJson...  
[2026-04-21T17:47:14.596] [DEBUG] debug-file - Executing task :entry:default@ProcessLibs
[2026-04-21T17:47:14.599] [DEBUG] debug-file - Incremental task entry:default@ProcessLibs pre-execution cost: 2 ms .
[2026-04-21T17:47:14.599] [DEBUG] debug-file - entry : default@ProcessLibs cost memory 0.11812591552734375
[2026-04-21T17:47:14.599] [INFO] debug-file - UP-TO-DATE :entry:default@ProcessLibs...  
[2026-04-21T17:47:14.601] [DEBUG] debug-file - restool module names: entry; moduleName=entry, taskName=default@CompileResource
[2026-04-21T17:47:14.602] [DEBUG] debug-file - Executing task :entry:default@CompileResource
[2026-04-21T17:47:14.613] [DEBUG] debug-file - Incremental task entry:default@CompileResource pre-execution cost: 11 ms .
[2026-04-21T17:47:14.613] [DEBUG] debug-file - entry : default@CompileResource cost memory 0.6602249145507812
[2026-04-21T17:47:14.615] [INFO] debug-file - UP-TO-DATE :entry:default@CompileResource...  
[2026-04-21T17:47:14.616] [DEBUG] debug-file - Executing task :entry:default@DoNativeStrip
[2026-04-21T17:47:14.616] [DEBUG] debug-file - Task 'entry:default@DoNativeStrip' cost while wrapping incremental declarations: 1 ms 
[2026-04-21T17:47:14.617] [DEBUG] debug-file - Incremental task entry:default@DoNativeStrip pre-execution cost: 1 ms .
[2026-04-21T17:47:14.617] [DEBUG] debug-file - entry : default@DoNativeStrip cost memory 0.08068084716796875
[2026-04-21T17:47:14.617] [INFO] debug-file - UP-TO-DATE :entry:default@DoNativeStrip...  
[2026-04-21T17:47:14.619] [DEBUG] debug-file - Executing task :entry:default@CompileArkTS
[2026-04-21T17:47:14.619] [DEBUG] debug-file - obfuscationOptions: undefined
[2026-04-21T17:47:14.621] [DEBUG] debug-file - Task 'entry:default@CompileArkTS' cost while wrapping incremental declarations: 1 ms 
[2026-04-21T17:47:14.634] [DEBUG] debug-file - Incremental task entry:default@CompileArkTS pre-execution cost: 11 ms .
[2026-04-21T17:47:14.634] [DEBUG] debug-file - entry : default@CompileArkTS cost memory -1.0733642578125
[2026-04-21T17:47:14.636] [INFO] debug-file - UP-TO-DATE :entry:default@CompileArkTS...  
[2026-04-21T17:47:14.637] [DEBUG] debug-file - Executing task :entry:default@BuildJS
[2026-04-21T17:47:14.637] [DEBUG] debug-file - Task 'entry:default@BuildJS' cost while wrapping incremental declarations: 1 ms 
[2026-04-21T17:47:14.641] [DEBUG] debug-file - entry : default@BuildJS cost memory 0.23741912841796875
[2026-04-21T17:47:14.641] [DEBUG] debug-file - runTaskFromQueue task cost before running: 270 ms 
[2026-04-21T17:47:14.641] [INFO] debug-file - Finished :entry:default@BuildJS... after 5 ms 
[2026-04-21T17:47:14.643] [DEBUG] debug-file - Executing task :entry:default@CacheNativeLibs
[2026-04-21T17:47:14.643] [DEBUG] debug-file - Task 'entry:default@CacheNativeLibs' cost while wrapping incremental declarations: 1 ms 
[2026-04-21T17:47:14.645] [DEBUG] debug-file - Incremental task entry:default@CacheNativeLibs pre-execution cost: 2 ms .
[2026-04-21T17:47:14.645] [DEBUG] debug-file - entry : default@CacheNativeLibs cost memory 0.100067138671875
[2026-04-21T17:47:14.645] [INFO] debug-file - UP-TO-DATE :entry:default@CacheNativeLibs...  
[2026-04-21T17:47:14.646] [DEBUG] debug-file - Executing task :entry:default@GeneratePkgModuleJson
[2026-04-21T17:47:14.647] [DEBUG] debug-file - File: 'C:\Users\lzf\Desktop\health_-service_-kit_-sample-code-master\health_-service_-kit_-sample-code-master\entry\build\default\intermediates\preload\default\preload.json' from 'preloadSoJsonPath' is not exists, just ignore.
[2026-04-21T17:47:14.648] [DEBUG] debug-file - Error occurs while handling @Input 'shouldDeduplicateHar': The "data" argument must be of type string or an instance of Buffer, TypedArray, or DataView. Received undefined
[2026-04-21T17:47:14.648] [DEBUG] debug-file - Task 'entry:default@GeneratePkgModuleJson' cost while wrapping incremental declarations: 2 ms 
[2026-04-21T17:47:14.649] [DEBUG] debug-file - Incremental task entry:default@GeneratePkgModuleJson pre-execution cost: 1 ms .
[2026-04-21T17:47:14.649] [DEBUG] debug-file - entry : default@GeneratePkgModuleJson cost memory 0.111053466796875
[2026-04-21T17:47:14.650] [INFO] debug-file - UP-TO-DATE :entry:default@GeneratePkgModuleJson...  
[2026-04-21T17:47:14.651] [DEBUG] debug-file - Executing task :entry:default@ProcessCompiledResources
[2026-04-21T17:47:14.651] [DEBUG] debug-file - File: 'C:\Users\lzf\Desktop\health_-service_-kit_-sample-code-master\health_-service_-kit_-sample-code-master\entry\build\default\intermediates\preload\default\preload.json' from 'preloadSoJsonPath' is not exists, just ignore.
[2026-04-21T17:47:14.651] [DEBUG] debug-file - Task 'entry:default@ProcessCompiledResources' cost while wrapping incremental declarations: 1 ms 
[2026-04-21T17:47:14.651] [DEBUG] debug-file - entry : default@ProcessCompiledResources cost memory 0.0631561279296875
[2026-04-21T17:47:14.652] [DEBUG] debug-file - runTaskFromQueue task cost before running: 280 ms 
[2026-04-21T17:47:14.652] [INFO] debug-file - Finished :entry:default@ProcessCompiledResources... after 2 ms 
[2026-04-21T17:47:14.654] [DEBUG] debug-file - Executing task :entry:default@PackageHap
[2026-04-21T17:47:14.663] [DEBUG] debug-file - Incremental task entry:default@PackageHap pre-execution cost: 8 ms .
[2026-04-21T17:47:14.664] [DEBUG] debug-file - entry : default@PackageHap cost memory 0.4454345703125
[2026-04-21T17:47:14.665] [INFO] debug-file - UP-TO-DATE :entry:default@PackageHap...  
[2026-04-21T17:47:14.667] [DEBUG] debug-file - Executing task :entry:default@PackingCheck
[2026-04-21T17:47:14.673] [DEBUG] debug-file - entry : default@PackingCheck cost memory 0.3164825439453125
[2026-04-21T17:47:14.673] [DEBUG] debug-file - runTaskFromQueue task cost before running: 302 ms 
[2026-04-21T17:47:14.674] [INFO] debug-file - Finished :entry:default@PackingCheck... after 6 ms 
[2026-04-21T17:47:14.675] [DEBUG] debug-file - Executing task :entry:default@SignHap
[2026-04-21T17:47:14.675] [WARN] debug-file - Will skip sign 'hos_hap'. No signingConfigs profile is configured in current project.
             If needed, configure the signingConfigs in C:\Users\lzf\Desktop\health_-service_-kit_-sample-code-master\health_-service_-kit_-sample-code-master\build-profile.json5.
[2026-04-21T17:47:14.677] [DEBUG] debug-file - entry:default@SignHap is not up-to-date, since the output file 'C:\Users\lzf\Desktop\health_-service_-kit_-sample-code-master\health_-service_-kit_-sample-code-master\entry\build\default\outputs\default\entry-default-signed.hap' does not exist.
[2026-04-21T17:47:14.677] [DEBUG] debug-file - Incremental task entry:default@SignHap pre-execution cost: 2 ms .
[2026-04-21T17:47:14.677] [DEBUG] debug-file - entry : default@SignHap cost memory 0.0999755859375
[2026-04-21T17:47:14.677] [DEBUG] debug-file - runTaskFromQueue task cost before running: 306 ms 
[2026-04-21T17:47:14.678] [INFO] debug-file - Finished :entry:default@SignHap... after 3 ms 
[2026-04-21T17:47:14.679] [DEBUG] debug-file - Executing task :entry:default@CollectDebugSymbol
[2026-04-21T17:47:14.681] [DEBUG] debug-file - entry : default@CollectDebugSymbol cost memory 0.1111297607421875
[2026-04-21T17:47:14.681] [DEBUG] debug-file - runTaskFromQueue task cost before running: 310 ms 
[2026-04-21T17:47:14.682] [INFO] debug-file - Finished :entry:default@CollectDebugSymbol... after 3 ms 
[2026-04-21T17:47:14.682] [DEBUG] debug-file - Executing task :entry:assembleHap
[2026-04-21T17:47:14.682] [DEBUG] debug-file - entry : assembleHap cost memory 0.01230621337890625
[2026-04-21T17:47:14.682] [DEBUG] debug-file - runTaskFromQueue task cost before running: 311 ms 
[2026-04-21T17:47:14.682] [INFO] debug-file - Finished :entry:assembleHap... after 1 ms 
[2026-04-21T17:47:14.691] [INFO] debug-file - BUILD SUCCESSFUL in 320 ms 
[2026-04-21T17:47:14.691] [DEBUG] debug-file - There is no need to refresh cache, since the incremental task entry:default@PreBuild is up-to-date.
[2026-04-21T17:47:14.691] [DEBUG] debug-file - Update task entry:default@CreateModuleInfo output file:C:\Users\lzf\Desktop\health_-service_-kit_-sample-code-master\health_-service_-kit_-sample-code-master\entry\build\default\generated\profile\default\ModuleInfo.ts cache.
[2026-04-21T17:47:14.692] [DEBUG] debug-file - Incremental task entry:default@CreateModuleInfo post-execution cost:1 ms .
[2026-04-21T17:47:14.692] [DEBUG] debug-file - There is no need to refresh cache, since the incremental task entry:default@GenerateMetadata is up-to-date.
[2026-04-21T17:47:14.692] [DEBUG] debug-file - There is no need to refresh cache, since the incremental task entry:default@MergeProfile is up-to-date.
[2026-04-21T17:47:14.692] [DEBUG] debug-file - There is no need to refresh cache, since the incremental task entry:default@CreateBuildProfile is up-to-date.
[2026-04-21T17:47:14.692] [DEBUG] debug-file - Update task entry:default@GeneratePkgContextInfo output file:C:\Users\lzf\Desktop\health_-service_-kit_-sample-code-master\health_-service_-kit_-sample-code-master\entry\build\default\intermediates\loader\default\pkgContextInfo.json cache.
[2026-04-21T17:47:14.692] [DEBUG] debug-file - Incremental task entry:default@GeneratePkgContextInfo post-execution cost:1 ms .
[2026-04-21T17:47:14.692] [DEBUG] debug-file - Update task entry:default@ProcessIntegratedHsp output file:C:\Users\lzf\Desktop\health_-service_-kit_-sample-code-master\health_-service_-kit_-sample-code-master\build\cache\default\integrated_hsp\integratedHspCache.json cache.
[2026-04-21T17:47:14.692] [DEBUG] debug-file - Incremental task entry:default@ProcessIntegratedHsp post-execution cost:1 ms .
[2026-04-21T17:47:14.692] [DEBUG] debug-file - There is no need to refresh cache, since the incremental task entry:default@MakePackInfo is up-to-date.
[2026-04-21T17:47:14.692] [DEBUG] debug-file - Update task entry:default@SyscapTransform input file:D:\DevEco Studio\sdk\default\openharmony\toolchains\syscap_tool.exe cache by regenerate.
[2026-04-21T17:47:14.693] [DEBUG] debug-file - Update task entry:default@SyscapTransform input file:D:\DevEco Studio\sdk\default\openharmony\ets\api\device-define cache by regenerate.
[2026-04-21T17:47:14.694] [DEBUG] debug-file - Update task entry:default@SyscapTransform output file:C:\Users\lzf\Desktop\health_-service_-kit_-sample-code-master\health_-service_-kit_-sample-code-master\entry\build\default\intermediates\syscap\default\rpcid.sc cache.
[2026-04-21T17:47:14.694] [DEBUG] debug-file - Incremental task entry:default@SyscapTransform post-execution cost:3 ms .
[2026-04-21T17:47:14.695] [DEBUG] debug-file - There is no need to refresh cache, since the incremental task entry:default@ProcessProfile is up-to-date.
[2026-04-21T17:47:14.695] [DEBUG] debug-file - There is no need to refresh cache, since the incremental task entry:default@ProcessRouterMap is up-to-date.
[2026-04-21T17:47:14.695] [DEBUG] debug-file - There is no need to refresh cache, since the incremental task entry:default@ProcessShareConfig is up-to-date.
[2026-04-21T17:47:14.695] [DEBUG] debug-file - Update task entry:default@ProcessStartupConfig output file:C:\Users\lzf\Desktop\health_-service_-kit_-sample-code-master\health_-service_-kit_-sample-code-master\entry\build\default\intermediates\startup\default\startup_config.json cache.
[2026-04-21T17:47:14.695] [DEBUG] debug-file - Incremental task entry:default@ProcessStartupConfig post-execution cost:1 ms .
[2026-04-21T17:47:14.695] [DEBUG] debug-file - There is no need to refresh cache, since the incremental task entry:default@ProcessResource is up-to-date.
[2026-04-21T17:47:14.695] [DEBUG] debug-file - There is no need to refresh cache, since the incremental task entry:default@GenerateLoaderJson is up-to-date.
[2026-04-21T17:47:14.695] [DEBUG] debug-file - There is no need to refresh cache, since the incremental task entry:default@ProcessLibs is up-to-date.
[2026-04-21T17:47:14.696] [DEBUG] debug-file - There is no need to refresh cache, since the incremental task entry:default@CompileResource is up-to-date.
[2026-04-21T17:47:14.696] [DEBUG] debug-file - There is no need to refresh cache, since the incremental task entry:default@DoNativeStrip is up-to-date.
[2026-04-21T17:47:14.697] [DEBUG] debug-file - There is no need to refresh cache, since the incremental task entry:default@CompileArkTS is up-to-date.
[2026-04-21T17:47:14.699] [DEBUG] debug-file - Update task entry:default@BuildJS input file:C:\Users\lzf\Desktop\health_-service_-kit_-sample-code-master\health_-service_-kit_-sample-code-master\entry\build\default\intermediates\loader\default cache by regenerate.
[2026-04-21T17:47:14.700] [DEBUG] debug-file - Update task entry:default@BuildJS input file:C:\Users\lzf\Desktop\health_-service_-kit_-sample-code-master\health_-service_-kit_-sample-code-master\entry\build\default\intermediates\res\default\ResourceTable.txt cache by regenerate.
[2026-04-21T17:47:14.700] [DEBUG] debug-file - Update task entry:default@BuildJS input file:C:\Users\lzf\Desktop\health_-service_-kit_-sample-code-master\health_-service_-kit_-sample-code-master\entry\build\default\intermediates\res\default\ark_module.json cache by regenerate.
[2026-04-21T17:47:14.700] [DEBUG] debug-file - Update task entry:default@BuildJS input file:C:\Users\lzf\Desktop\health_-service_-kit_-sample-code-master\health_-service_-kit_-sample-code-master\entry\build\default\intermediates\res\default\resources\base\profile cache by regenerate.
[2026-04-21T17:47:14.701] [DEBUG] debug-file - Update task entry:default@BuildJS output file:C:\Users\lzf\Desktop\health_-service_-kit_-sample-code-master\health_-service_-kit_-sample-code-master\entry\build\default\intermediates\loader_out\default\js cache.
[2026-04-21T17:47:14.701] [DEBUG] debug-file - Incremental task entry:default@BuildJS post-execution cost:5 ms .
[2026-04-21T17:47:14.702] [DEBUG] debug-file - There is no need to refresh cache, since the incremental task entry:default@CacheNativeLibs is up-to-date.
[2026-04-21T17:47:14.702] [DEBUG] debug-file - There is no need to refresh cache, since the incremental task entry:default@GeneratePkgModuleJson is up-to-date.
[2026-04-21T17:47:14.702] [DEBUG] debug-file - Incremental task entry:default@ProcessCompiledResources post-execution cost:1 ms .
[2026-04-21T17:47:14.702] [DEBUG] debug-file - There is no need to refresh cache, since the incremental task entry:default@PackageHap is up-to-date.
[2026-04-21T17:47:14.702] [DEBUG] debug-file - Update task entry:default@SignHap input file:C:\Users\lzf\Desktop\health_-service_-kit_-sample-code-master\health_-service_-kit_-sample-code-master\entry\build\default\outputs\default\entry-default-unsigned.hap cache by regenerate.
[2026-04-21T17:47:14.702] [DEBUG] debug-file - Update task entry:default@SignHap output file:C:\Users\lzf\Desktop\health_-service_-kit_-sample-code-master\health_-service_-kit_-sample-code-master\entry\build\default\outputs\default\entry-default-signed.hap cache.
[2026-04-21T17:47:14.702] [DEBUG] debug-file - Incremental task entry:default@SignHap post-execution cost:1 ms .
[2026-04-21T17:47:14.703] [DEBUG] debug-file - Update task entry:default@CollectDebugSymbol input file:C:\Users\lzf\Desktop\health_-service_-kit_-sample-code-master\health_-service_-kit_-sample-code-master\entry\build\default\intermediates\loader_out\default\ets\sourceMaps.map cache by regenerate.
[2026-04-21T17:47:14.703] [DEBUG] debug-file - Update task entry:default@CollectDebugSymbol input file:C:\Users\lzf\Desktop\health_-service_-kit_-sample-code-master\health_-service_-kit_-sample-code-master\entry\build\default\intermediates\libs\default cache by regenerate.
[2026-04-21T17:47:14.703] [DEBUG] debug-file - Update task entry:default@CollectDebugSymbol output file:C:\Users\lzf\Desktop\health_-service_-kit_-sample-code-master\health_-service_-kit_-sample-code-master\entry\build\default\outputs\default\symbol cache.
[2026-04-21T17:47:14.704] [DEBUG] debug-file - Incremental task entry:default@CollectDebugSymbol post-execution cost:2 ms .
[2026-04-21T17:47:14.725] [DEBUG] debug-file - hvigor build process will be closed.
[2026-04-21T17:47:14.736] [DEBUG] debug-file - session manager: send message to worker process.
[2026-04-21T17:47:14.737] [DEBUG] debug-file - session manager: send message to worker process.
[2026-04-21T17:47:14.737] [DEBUG] debug-file - watch worker: worker id should be larger than 0. Nothing will be sent to any worker thread.
[2026-04-21T17:47:14.737] [DEBUG] debug-file - watch worker: worker id should be larger than 0. Nothing will be sent to any worker thread.
[2026-04-21T18:07:08.375] [DEBUG] debug-file - session manager: set active socket. socketId=dov0MTTzneFgXWgIAAAT
[2026-04-21T18:07:08.385] [DEBUG] debug-file - watch worker: worker id should be larger than 0. Nothing will be sent to any worker thread.
[2026-04-21T18:07:08.389] [DEBUG] debug-file - Workers' log level updated to INFO
[2026-04-21T18:07:08.393] [DEBUG] debug-file - Hvigor init with startParameters:{
  hvigorfileTypeCheck: false,
  parallelExecution: true,
  incrementalExecution: true,
  printStackTrace: false,
  daemon: true,
  analyze: 0,
  logLevel: Level { level: 20000, levelStr: 'INFO', colour: 'green' },
  optimizationStrategy: 'memory',
  hotCompile: undefined,
  hotReloadBuild: undefined,
  customizedParam: undefined
}
[2026-04-21T18:07:08.398] [DEBUG] debug-file - Cache service initialization finished in 5 ms 
[2026-04-21T18:07:08.399] [DEBUG] debug-file - hvigorfile, resolving C:\Users\lzf\Desktop\health_-service_-kit_-sample-code-master\health_-service_-kit_-sample-code-master\hvigorfile.ts
[2026-04-21T18:07:08.407] [DEBUG] debug-file - hvigorfile, require result:  { default: { plugins: [] } }
[2026-04-21T18:07:08.407] [DEBUG] debug-file - hvigorfile, binding system plugins null
[2026-04-21T18:07:08.408] [DEBUG] debug-file - Starting plugin build process
[2026-04-21T18:07:08.408] [DEBUG] debug-file - App plugin prepare start...
[2026-04-21T18:07:08.408] [DEBUG] debug-file - App plugin prepare end...
[2026-04-21T18:07:08.408] [DEBUG] debug-file - App plugin creating...
[2026-04-21T18:07:08.413] [DEBUG] debug-file - App plugin register hook start...
[2026-04-21T18:07:08.413] [DEBUG] debug-file - App plugin register hook end...
[2026-04-21T18:07:08.413] [DEBUG] debug-file - Plugin build process completed
[2026-04-21T18:07:08.413] [DEBUG] debug-file - Start initialize project's product build option map with build mode debug.
[2026-04-21T18:07:08.413] [DEBUG] debug-file - Picking option from product 'default' with build mode 'debug'.
[2026-04-21T18:07:08.414] [DEBUG] debug-file - Product 'default' build option initialized
[2026-04-21T18:07:08.414] [DEBUG] debug-file - End initialize project's product build option map with build mode 'debug'.
[2026-04-21T18:07:08.415] [DEBUG] debug-file - Obtain build option for product 'default'in this build.
[2026-04-21T18:07:08.417] [DEBUG] debug-file - No signingConfig found, initRemoteHspCache failed.
[2026-04-21T18:07:08.421] [DEBUG] debug-file - Start recording SDK configuration permission data.
[2026-04-21T18:07:08.479] [DEBUG] debug-file - Sdk init in 62 ms 
[2026-04-21T18:07:08.487] [DEBUG] debug-file - Project task initialization takes 7 ms 
[2026-04-21T18:07:08.487] [DEBUG] debug-file - hvigorfile, binding custom plugins []
[2026-04-21T18:07:08.487] [DEBUG] debug-file - hvigorfile, no custom plugins were found in C:\Users\lzf\Desktop\health_-service_-kit_-sample-code-master\health_-service_-kit_-sample-code-master\hvigorfile.ts
[2026-04-21T18:07:08.487] [DEBUG] debug-file - hvigorfile, resolve finished C:\Users\lzf\Desktop\health_-service_-kit_-sample-code-master\health_-service_-kit_-sample-code-master\hvigorfile.ts
[2026-04-21T18:07:08.488] [DEBUG] debug-file - hvigorfile, resolving C:\Users\lzf\Desktop\health_-service_-kit_-sample-code-master\health_-service_-kit_-sample-code-master\entry\hvigorfile.ts
[2026-04-21T18:07:08.496] [DEBUG] debug-file - hvigorfile, require result:  { default: { plugins: [] } }
[2026-04-21T18:07:08.496] [DEBUG] debug-file - hvigorfile, binding system plugins null
[2026-04-21T18:07:08.496] [DEBUG] debug-file - Starting plugin build process
[2026-04-21T18:07:08.496] [DEBUG] debug-file - Hap plugin creating...
[2026-04-21T18:07:08.498] [DEBUG] debug-file - failed to load cangjie to dynamically generate schemas: Error: Cannot find module '@ohos/cangjie-build-support/index'
Require stack:
- D:\DevEco Studio\tools\hvigor\hvigor-ohos-plugin\src\plugin\hooks\cangjie-register.js
- D:\DevEco Studio\tools\hvigor\hvigor-ohos-plugin\src\plugin\strategy\stage-init-strategy.js
- D:\DevEco Studio\tools\hvigor\hvigor-ohos-plugin\src\plugin\builder\abstract-plugin-builder.js
- D:\DevEco Studio\tools\hvigor\hvigor-ohos-plugin\src\plugin\builder\app-plugin-builder.js
- D:\DevEco Studio\tools\hvigor\hvigor-ohos-plugin\src\plugin\factory\plugin-factory.js
- D:\DevEco Studio\tools\hvigor\hvigor-ohos-plugin\index.js
- C:\Users\lzf\Desktop\health_-service_-kit_-sample-code-master\health_-service_-kit_-sample-code-master\hvigorfile.ts
- D:\DevEco Studio\tools\hvigor\hvigor\src\base\internal\lifecycle\configuration.js
- D:\DevEco Studio\tools\hvigor\hvigor\src\base\boot\index.js
- D:\DevEco Studio\tools\hvigor\hvigor\src\base\daemon\cluster\worker-process-lifecycle.js
- D:\DevEco Studio\tools\hvigor\hvigor\src\base\daemon\process\daemon-process-boot-script.js
[2026-04-21T18:07:08.502] [DEBUG] debug-file - Start initialize module-target build option map, moduleName=entry, buildMode=debug
[2026-04-21T18:07:08.502] [DEBUG] debug-file - Target 'default' config initialized
[2026-04-21T18:07:08.503] [DEBUG] debug-file - Target 'ohosTest' config initialized
[2026-04-21T18:07:08.503] [DEBUG] debug-file - Module 'entry' target 'default' build option initialized
[2026-04-21T18:07:08.503] [DEBUG] debug-file - Module 'entry' target 'ohosTest' build option initialized
[2026-04-21T18:07:08.503] [DEBUG] debug-file - End initialize module-target build option map, moduleName=entry
[2026-04-21T18:07:08.503] [DEBUG] debug-file - Start initialize module-target build option map, moduleName=entry, buildMode=release
[2026-04-21T18:07:08.503] [DEBUG] debug-file - Target 'default' config initialized
[2026-04-21T18:07:08.504] [DEBUG] debug-file - Target 'ohosTest' config initialized
[2026-04-21T18:07:08.505] [DEBUG] debug-file - Module 'entry' target 'default' build option initialized
[2026-04-21T18:07:08.505] [DEBUG] debug-file - Module 'entry' target 'ohosTest' build option initialized
[2026-04-21T18:07:08.505] [DEBUG] debug-file - End initialize module-target build option map, moduleName=entry
[2026-04-21T18:07:08.505] [DEBUG] debug-file - Start initialize module-target build option map, moduleName=entry, buildMode=debug
[2026-04-21T18:07:08.505] [DEBUG] debug-file - Target 'default' config initialized
[2026-04-21T18:07:08.505] [DEBUG] debug-file - Target 'ohosTest' config initialized
[2026-04-21T18:07:08.505] [DEBUG] debug-file - Module 'entry' target 'default' build option initialized
[2026-04-21T18:07:08.505] [DEBUG] debug-file - Module 'entry' target 'ohosTest' build option initialized
[2026-04-21T18:07:08.505] [DEBUG] debug-file - End initialize module-target build option map, moduleName=entry
[2026-04-21T18:07:08.506] [DEBUG] debug-file - Obtain build option for module 'entry' target 'default'in this build.
[2026-04-21T18:07:08.508] [DEBUG] debug-file - Module entry task initialization takes 2 ms 
[2026-04-21T18:07:08.509] [DEBUG] debug-file - Hap plugin register hook start...
[2026-04-21T18:07:08.509] [DEBUG] debug-file - Hap plugin register hook end...
[2026-04-21T18:07:08.509] [DEBUG] debug-file - Plugin build process completed
[2026-04-21T18:07:08.509] [DEBUG] debug-file - hvigorfile, binding custom plugins []
[2026-04-21T18:07:08.509] [DEBUG] debug-file - hvigorfile, no custom plugins were found in C:\Users\lzf\Desktop\health_-service_-kit_-sample-code-master\health_-service_-kit_-sample-code-master\entry\hvigorfile.ts
[2026-04-21T18:07:08.509] [DEBUG] debug-file - hvigorfile, resolve finished C:\Users\lzf\Desktop\health_-service_-kit_-sample-code-master\health_-service_-kit_-sample-code-master\entry\hvigorfile.ts
[2026-04-21T18:07:08.557] [DEBUG] debug-file - hvigorfile, resolve hvigorfile dependencies in 47 ms 
[2026-04-21T18:07:08.558] [DEBUG] debug-file - project has submodules:entry
[2026-04-21T18:07:08.560] [DEBUG] debug-file - start to load updatedOhPackageInfo to the disk
[2026-04-21T18:07:08.602] [DEBUG] debug-file - load to the disk finished
[2026-04-21T18:07:08.604] [DEBUG] debug-file - Start to initialize dependency information.
[2026-04-21T18:07:08.610] [DEBUG] debug-file - Module health_-service_-kit_-sample-code-master Collected Dependency: 
[2026-04-21T18:07:08.610] [DEBUG] debug-file - Module health_-service_-kit_-sample-code-master's total dependency: 0
[2026-04-21T18:07:08.611] [DEBUG] debug-file - Start to initialize dependency information.
[2026-04-21T18:07:08.614] [DEBUG] debug-file - Module entry Collected Dependency: 
[2026-04-21T18:07:08.615] [DEBUG] debug-file - Module entry's total dependency: 0
[2026-04-21T18:07:08.620] [DEBUG] debug-file - Configuration phase cost:222 ms 
[2026-04-21T18:07:08.624] [DEBUG] debug-file - Configuration task cost before running: 234 ms 
[2026-04-21T18:07:08.632] [DEBUG] debug-file - Executing task :entry:default@PreBuild
[2026-04-21T18:07:08.633] [WARN] debug-file - The project has not explicitly set the 'targetSdkVersion' version at build-profile.json5. It is recommended to configure it. Reference: https://developer.huawei.com/consumer/cn/doc/harmonyos-guides/ide-hvigor-build-profile-app#section45865492619
[2026-04-21T18:07:08.634] [DEBUG] debug-file - Task 'entry:default@PreBuild' cost while wrapping incremental declarations: 1 ms 
[2026-04-21T18:07:08.648] [DEBUG] debug-file - Incremental task entry:default@PreBuild pre-execution cost: 9 ms .
[2026-04-21T18:07:08.648] [DEBUG] debug-file - entry : default@PreBuild cost memory -1.4088668823242188
[2026-04-21T18:07:08.652] [INFO] debug-file - UP-TO-DATE :entry:default@PreBuild...  
[2026-04-21T18:07:08.653] [DEBUG] debug-file - Executing task :entry:default@CreateModuleInfo
[2026-04-21T18:07:08.654] [DEBUG] debug-file - Task 'entry:default@CreateModuleInfo' cost while wrapping incremental declarations: 1 ms 
[2026-04-21T18:07:08.654] [DEBUG] debug-file - entry : default@CreateModuleInfo cost memory 0.0424652099609375
[2026-04-21T18:07:08.654] [DEBUG] debug-file - runTaskFromQueue task cost before running: 265 ms 
[2026-04-21T18:07:08.655] [INFO] debug-file - Finished :entry:default@CreateModuleInfo... after 2 ms 
[2026-04-21T18:07:08.657] [DEBUG] debug-file - Executing task :entry:default@GenerateMetadata
[2026-04-21T18:07:08.657] [DEBUG] debug-file - Task 'entry:default@GenerateMetadata' cost while wrapping incremental declarations: 1 ms 
[2026-04-21T18:07:08.659] [DEBUG] debug-file - Incremental task entry:default@GenerateMetadata pre-execution cost: 2 ms .
[2026-04-21T18:07:08.660] [DEBUG] debug-file - entry : default@GenerateMetadata cost memory 0.0902252197265625
[2026-04-21T18:07:08.660] [INFO] debug-file - UP-TO-DATE :entry:default@GenerateMetadata...  
[2026-04-21T18:07:08.663] [DEBUG] debug-file - Executing task :entry:default@ConfigureCmake
[2026-04-21T18:07:08.664] [DEBUG] debug-file - entry : default@ConfigureCmake cost memory 0.01415252685546875
[2026-04-21T18:07:08.664] [DEBUG] debug-file - runTaskFromQueue task cost before running: 274 ms 
[2026-04-21T18:07:08.664] [INFO] debug-file - Finished :entry:default@ConfigureCmake... after 1 ms 
[2026-04-21T18:07:08.666] [DEBUG] debug-file - Executing task :entry:default@MergeProfile
[2026-04-21T18:07:08.666] [DEBUG] debug-file - Task 'entry:default@MergeProfile' cost while wrapping incremental declarations: 1 ms 
[2026-04-21T18:07:08.669] [DEBUG] debug-file - Incremental task entry:default@MergeProfile pre-execution cost: 3 ms .
[2026-04-21T18:07:08.669] [DEBUG] debug-file - entry : default@MergeProfile cost memory 0.128936767578125
[2026-04-21T18:07:08.670] [INFO] debug-file - UP-TO-DATE :entry:default@MergeProfile...  
[2026-04-21T18:07:08.672] [DEBUG] debug-file - Executing task :entry:default@CreateBuildProfile
[2026-04-21T18:07:08.674] [DEBUG] debug-file - Task 'entry:default@CreateBuildProfile' cost while wrapping incremental declarations: 1 ms 
[2026-04-21T18:07:08.676] [DEBUG] debug-file - Incremental task entry:default@CreateBuildProfile pre-execution cost: 2 ms .
[2026-04-21T18:07:08.676] [DEBUG] debug-file - entry : default@CreateBuildProfile cost memory 0.09827423095703125
[2026-04-21T18:07:08.676] [INFO] debug-file - UP-TO-DATE :entry:default@CreateBuildProfile...  
[2026-04-21T18:07:08.678] [DEBUG] debug-file - Executing task :entry:default@PreCheckSyscap
[2026-04-21T18:07:08.678] [DEBUG] debug-file - entry : default@PreCheckSyscap cost memory 0.01702117919921875
[2026-04-21T18:07:08.678] [DEBUG] debug-file - runTaskFromQueue task cost before running: 289 ms 
[2026-04-21T18:07:08.678] [INFO] debug-file - Finished :entry:default@PreCheckSyscap... after 1 ms 
[2026-04-21T18:07:08.681] [DEBUG] debug-file - Executing task :entry:default@GeneratePkgContextInfo
[2026-04-21T18:07:08.687] [DEBUG] debug-file - Task 'entry:default@GeneratePkgContextInfo' cost while wrapping incremental declarations: 1 ms 
[2026-04-21T18:07:08.687] [DEBUG] debug-file - entry : default@GeneratePkgContextInfo cost memory 0.26015472412109375
[2026-04-21T18:07:08.688] [DEBUG] debug-file - runTaskFromQueue task cost before running: 298 ms 
[2026-04-21T18:07:08.688] [INFO] debug-file - Finished :entry:default@GeneratePkgContextInfo... after 7 ms 
[2026-04-21T18:07:08.696] [DEBUG] debug-file - Executing task :entry:default@ProcessIntegratedHsp
[2026-04-21T18:07:08.697] [DEBUG] debug-file - entry:default@ProcessIntegratedHsp is not up-to-date, since the output file 'C:\Users\lzf\Desktop\health_-service_-kit_-sample-code-master\health_-service_-kit_-sample-code-master\build\cache\default\integrated_hsp\integratedHspCache.json' does not exist.
[2026-04-21T18:07:08.697] [DEBUG] debug-file - Incremental task entry:default@ProcessIntegratedHsp pre-execution cost: 1 ms .
[2026-04-21T18:07:08.697] [DEBUG] debug-file - entry : default@ProcessIntegratedHsp cost memory 0.0629425048828125
[2026-04-21T18:07:08.698] [DEBUG] debug-file - runTaskFromQueue task cost before running: 308 ms 
[2026-04-21T18:07:08.698] [INFO] debug-file - Finished :entry:default@ProcessIntegratedHsp... after 2 ms 
[2026-04-21T18:07:08.699] [DEBUG] debug-file - Executing task :entry:default@BuildNativeWithCmake
[2026-04-21T18:07:08.700] [DEBUG] debug-file - entry : default@BuildNativeWithCmake cost memory 0.01415252685546875
[2026-04-21T18:07:08.700] [DEBUG] debug-file - runTaskFromQueue task cost before running: 310 ms 
[2026-04-21T18:07:08.700] [INFO] debug-file - Finished :entry:default@BuildNativeWithCmake... after 1 ms 
[2026-04-21T18:07:08.702] [DEBUG] debug-file - Executing task :entry:default@MakePackInfo
[2026-04-21T18:07:08.704] [DEBUG] debug-file - Incremental task entry:default@MakePackInfo pre-execution cost: 2 ms .
[2026-04-21T18:07:08.704] [DEBUG] debug-file - entry : default@MakePackInfo cost memory 0.11159515380859375
[2026-04-21T18:07:08.705] [INFO] debug-file - UP-TO-DATE :entry:default@MakePackInfo...  
[2026-04-21T18:07:08.707] [DEBUG] debug-file - Executing task :entry:default@SyscapTransform
[2026-04-21T18:07:08.707] [DEBUG] debug-file - File: 'C:\Users\lzf\Desktop\health_-service_-kit_-sample-code-master\health_-service_-kit_-sample-code-master\entry\src\main\syscap.json' from 'sysCapJsonPath' is not exists, just ignore.
[2026-04-21T18:07:08.708] [DEBUG] debug-file - Task 'entry:default@SyscapTransform' cost while wrapping incremental declarations: 1 ms 
[2026-04-21T18:07:08.712] [DEBUG] debug-file - entry:default@SyscapTransform is not up-to-date, since the output file 'C:\Users\lzf\Desktop\health_-service_-kit_-sample-code-master\health_-service_-kit_-sample-code-master\entry\build\default\intermediates\syscap\default\rpcid.sc' does not exist.
[2026-04-21T18:07:08.712] [DEBUG] debug-file - Incremental task entry:default@SyscapTransform pre-execution cost: 3 ms .
[2026-04-21T18:07:08.712] [DEBUG] debug-file - entry : default@SyscapTransform cost memory 0.1469573974609375
[2026-04-21T18:07:08.712] [DEBUG] debug-file - runTaskFromQueue task cost before running: 323 ms 
[2026-04-21T18:07:08.712] [INFO] debug-file - Finished :entry:default@SyscapTransform... after 5 ms 
[2026-04-21T18:07:08.715] [DEBUG] debug-file - Executing task :entry:default@ProcessProfile
[2026-04-21T18:07:08.717] [DEBUG] debug-file - Task 'entry:default@ProcessProfile' cost while wrapping incremental declarations: 1 ms 
[2026-04-21T18:07:08.718] [DEBUG] debug-file - Incremental task entry:default@ProcessProfile pre-execution cost: 2 ms .
[2026-04-21T18:07:08.718] [DEBUG] debug-file - entry : default@ProcessProfile cost memory 0.148834228515625
[2026-04-21T18:07:08.719] [INFO] debug-file - UP-TO-DATE :entry:default@ProcessProfile...  
[2026-04-21T18:07:08.720] [DEBUG] debug-file - Executing task :entry:default@ProcessRouterMap
[2026-04-21T18:07:08.726] [DEBUG] debug-file - Incremental task entry:default@ProcessRouterMap pre-execution cost: 5 ms .
[2026-04-21T18:07:08.727] [DEBUG] debug-file - entry : default@ProcessRouterMap cost memory 0.15114593505859375
[2026-04-21T18:07:08.728] [INFO] debug-file - UP-TO-DATE :entry:default@ProcessRouterMap...  
[2026-04-21T18:07:08.730] [DEBUG] debug-file - Executing task :entry:default@ProcessShareConfig
[2026-04-21T18:07:08.734] [DEBUG] debug-file - Incremental task entry:default@ProcessShareConfig pre-execution cost: 3 ms .
[2026-04-21T18:07:08.734] [DEBUG] debug-file - entry : default@ProcessShareConfig cost memory 0.1537628173828125
[2026-04-21T18:07:08.735] [INFO] debug-file - UP-TO-DATE :entry:default@ProcessShareConfig...  
[2026-04-21T18:07:08.737] [DEBUG] debug-file - Executing task :entry:default@ProcessStartupConfig
[2026-04-21T18:07:08.737] [DEBUG] debug-file - Task 'entry:default@ProcessStartupConfig' cost while wrapping incremental declarations: 1 ms 
[2026-04-21T18:07:08.739] [DEBUG] debug-file - entry:default@ProcessStartupConfig is not up-to-date, since the output file 'C:\Users\lzf\Desktop\health_-service_-kit_-sample-code-master\health_-service_-kit_-sample-code-master\entry\build\default\intermediates\startup\default\startup_config.json' does not exist.
[2026-04-21T18:07:08.740] [DEBUG] debug-file - Incremental task entry:default@ProcessStartupConfig pre-execution cost: 2 ms .
[2026-04-21T18:07:08.740] [DEBUG] debug-file - entry : default@ProcessStartupConfig cost memory -1.5046463012695312
[2026-04-21T18:07:08.741] [DEBUG] debug-file - runTaskFromQueue task cost before running: 351 ms 
[2026-04-21T18:07:08.741] [INFO] debug-file - Finished :entry:default@ProcessStartupConfig... after 4 ms 
[2026-04-21T18:07:08.743] [DEBUG] debug-file - Executing task :entry:default@BuildNativeWithNinja
[2026-04-21T18:07:08.744] [DEBUG] debug-file - entry : default@BuildNativeWithNinja cost memory 0.022705078125
[2026-04-21T18:07:08.744] [DEBUG] debug-file - runTaskFromQueue task cost before running: 354 ms 
[2026-04-21T18:07:08.744] [INFO] debug-file - Finished :entry:default@BuildNativeWithNinja... after 1 ms 
[2026-04-21T18:07:08.746] [DEBUG] debug-file - restool module names: entry; moduleName=entry, taskName=default@ProcessResource
[2026-04-21T18:07:08.748] [DEBUG] debug-file - Executing task :entry:default@ProcessResource
[2026-04-21T18:07:08.749] [DEBUG] debug-file - Task 'entry:default@ProcessResource' cost while wrapping incremental declarations: 1 ms 
[2026-04-21T18:07:08.750] [DEBUG] debug-file - Incremental task entry:default@ProcessResource pre-execution cost: 2 ms .
[2026-04-21T18:07:08.750] [DEBUG] debug-file - entry : default@ProcessResource cost memory 0.14714813232421875
[2026-04-21T18:07:08.753] [INFO] debug-file - UP-TO-DATE :entry:default@ProcessResource...  
[2026-04-21T18:07:08.757] [DEBUG] debug-file - Executing task :entry:default@GenerateLoaderJson
[2026-04-21T18:07:08.758] [DEBUG] debug-file - Task 'entry:default@GenerateLoaderJson' cost while wrapping incremental declarations: 1 ms 
[2026-04-21T18:07:08.772] [DEBUG] debug-file - Incremental task entry:default@GenerateLoaderJson pre-execution cost: 9 ms .
[2026-04-21T18:07:08.772] [DEBUG] debug-file - entry : default@GenerateLoaderJson cost memory 0.5872650146484375
[2026-04-21T18:07:08.778] [INFO] debug-file - UP-TO-DATE :entry:default@GenerateLoaderJson...  
[2026-04-21T18:07:08.779] [DEBUG] debug-file - Executing task :entry:default@ProcessLibs
[2026-04-21T18:07:08.783] [DEBUG] debug-file - Incremental task entry:default@ProcessLibs pre-execution cost: 3 ms .
[2026-04-21T18:07:08.783] [DEBUG] debug-file - entry : default@ProcessLibs cost memory 0.1216278076171875
[2026-04-21T18:07:08.784] [INFO] debug-file - UP-TO-DATE :entry:default@ProcessLibs...  
[2026-04-21T18:07:08.787] [DEBUG] debug-file - restool module names: entry; moduleName=entry, taskName=default@CompileResource
[2026-04-21T18:07:08.789] [DEBUG] debug-file - Executing task :entry:default@CompileResource
[2026-04-21T18:07:08.983] [DEBUG] debug-file - Incremental task entry:default@CompileResource pre-execution cost: 185 ms .
[2026-04-21T18:07:08.983] [DEBUG] debug-file - entry : default@CompileResource cost memory 0.6608428955078125
[2026-04-21T18:07:08.986] [INFO] debug-file - UP-TO-DATE :entry:default@CompileResource...  
[2026-04-21T18:07:08.989] [DEBUG] debug-file - Executing task :entry:default@DoNativeStrip
[2026-04-21T18:07:08.989] [DEBUG] debug-file - Task 'entry:default@DoNativeStrip' cost while wrapping incremental declarations: 1 ms 
[2026-04-21T18:07:08.991] [DEBUG] debug-file - Incremental task entry:default@DoNativeStrip pre-execution cost: 2 ms .
[2026-04-21T18:07:08.991] [DEBUG] debug-file - entry : default@DoNativeStrip cost memory 0.08567047119140625
[2026-04-21T18:07:08.992] [INFO] debug-file - UP-TO-DATE :entry:default@DoNativeStrip...  
[2026-04-21T18:07:08.994] [DEBUG] debug-file - Executing task :entry:default@CompileArkTS
[2026-04-21T18:07:08.995] [DEBUG] debug-file - obfuscationOptions: undefined
[2026-04-21T18:07:08.996] [DEBUG] debug-file - Task 'entry:default@CompileArkTS' cost while wrapping incremental declarations: 1 ms 
[2026-04-21T18:07:09.010] [DEBUG] debug-file - entry:default@CompileArkTS is not up-to-date, since the input file 'C:\Users\lzf\Desktop\health_-service_-kit_-sample-code-master\health_-service_-kit_-sample-code-master\entry\src\main\ets' has been changed.
[2026-04-21T18:07:09.010] [DEBUG] debug-file - Incremental task entry:default@CompileArkTS pre-execution cost: 11 ms .
[2026-04-21T18:07:09.029] [DEBUG] debug-file - build config:
[2026-04-21T18:07:09.029] [DEBUG] debug-file - {
  moduleType: 'entry',
  perf: 0,
  targetName: '.default',
  packageManagerType: 'ohpm',
  localPropertiesPath: 'C:\\Users\\lzf\\Desktop\\health_-service_-kit_-sample-code-master\\health_-service_-kit_-sample-code-master\\local.properties',
  isPreview: false,
  isOhosTest: false,
  isLocalTest: false,
  buildMode: 'Debug',
  hotReloadBuild: undefined,
  watchMode: 'false',
  aceProfilePath: 'C:\\Users\\lzf\\Desktop\\health_-service_-kit_-sample-code-master\\health_-service_-kit_-sample-code-master\\entry\\build\\default\\intermediates\\res\\default\\resources\\base\\profile',
  etsLoaderPath: 'D:\\DevEco Studio\\sdk\\default\\openharmony\\ets\\build-tools\\ets-loader',
  modulePath: 'C:\\Users\\lzf\\Desktop\\health_-service_-kit_-sample-code-master\\health_-service_-kit_-sample-code-master\\entry',
  testFrameworkPar: {
    testMode: undefined,
    coveragePathFilter: undefined,
    coverageMode: undefined
  },
  needCoverageInsert: false,
  debugLine: false,
  projectTopDir: 'C:\\Users\\lzf\\Desktop\\health_-service_-kit_-sample-code-master\\health_-service_-kit_-sample-code-master',
  compileSdkVersion: 22,
  compatibleSdkVersion: 12,
  originCompatibleSdkVersion: '5.0.0(12)',
  compatibleSdkVersionStage: 'beta1',
  bundleName: 'c***n',
  etsLoaderVersion: '6.0.2.130',
  etsLoaderReleaseType: 'Release',
  aotCompileMode: 'type',
  apPath: 'C:\\Users\\lzf\\Desktop\\health_-service_-kit_-sample-code-master\\health_-service_-kit_-sample-code-master\\entry\\modules.ap',
  entryModuleName: 'entry',
  entryModuleVersion: '1.0.0',
  entryPackageName: 'entry',
  allModuleNameHash: 'bb6dfe8d2e193c35b0cb6b8a0846875a3be2b3ae6338f35de853e6a29232da55',
  externalApiPaths: [ 'D:\\DevEco Studio\\sdk\\default\\hms\\ets' ],
  compilerTypes: [],
  isCrossplatform: false,
  hvigorPluginFile: undefined,
  compilePluginPath: undefined,
  buildGeneratedProfilePath: 'C:\\Users\\lzf\\Desktop\\health_-service_-kit_-sample-code-master\\health_-service_-kit_-sample-code-master\\entry\\build\\default\\generated\\profile\\default',
  bundleType: 'app',
  arkTSVersion: undefined,
  apiVersion: 22,
  needCompleteSourcesMap: false,
  isFaMode: false,
  buildDir: 'C:\\Users\\lzf\\Desktop\\health_-service_-kit_-sample-code-master\\health_-service_-kit_-sample-code-master\\entry\\build',
  deviceTypes: [ 'phone', 'tablet' ],
  pkgContextInfo: undefined,
  ohPackagePathMap: {},
  dependencyAliasMap: {},
  permission: { requestPermissions: undefined, definePermissions: undefined },
  useGetCurrentBundleName: false,
  projectArkOption: {},
  sourceMapDir: undefined,
  branchElimination: false,
  transformLib: undefined,
  tsImportSendable: false,
  resolveConflictMode: true,
  depName2RootPath: {},
  depName2DepInfo: {},
  rootPathSet: [
    'C:\\Users\\lzf\\Desktop\\health_-service_-kit_-sample-code-master\\health_-service_-kit_-sample-code-master'
  ],
  useNativeResolver: true,
  shouldEmitJs: true,
  useTscResolve: false,
  singleFileEmit: false,
  userProjectConfig: {
    autoLazyImport: false,
    allowEmptyBundleName: false,
    reExportCheckMode: 'noCheck',
    executionMode: 'memory',
    usePathPlaceholder: false,
    writeRollupCache: true,
    isExpandImportEnabled: false,
    expandImportExclude: '',
    lazyImportExclude: '',
    lazyImportInclude: '',
    ignoreCrossplatformCheck: false,
    isHarDeduplicateEnabled: false,
    skipOhModulesLint: false,
    enableStrictCheckOHModule: false,
    disableSendableCheckRules: [],
    useDeclarationFileSignature: false,
    customizedOptions: undefined,
    integratedHsp: false,
    isPreloadSoEnabled: false
  },
  executionMode: 'memory',
  arkCompileCachePath: 'C:\\Users\\lzf\\Desktop\\health_-service_-kit_-sample-code-master\\health_-service_-kit_-sample-code-master\\entry\\build\\default\\cache\\default\\default@CompileArkTS\\esmodule',
  autoLazyFilter: undefined,
  isHarDeduplicateEnabled: false,
  intermediateHarDuplicateDirPath: 'C:\\Users\\lzf\\Desktop\\health_-service_-kit_-sample-code-master\\health_-service_-kit_-sample-code-master\\entry\\build\\default\\intermediates\\har_duplicate\\default',
  autoLazyImport: false,
  allowEmptyBundleName: false,
  reExportCheckMode: 'noCheck',
  usePathPlaceholder: false,
  writeRollupCache: true,
  isExpandImportEnabled: false,
  expandImportExclude: '',
  lazyImportExclude: '',
  lazyImportInclude: '',
  ignoreCrossplatformCheck: false,
  skipOhModulesLint: false,
  enableStrictCheckOHModule: false,
  disableSendableCheckRules: [],
  useDeclarationFileSignature: false,
  customizedOptions: undefined,
  integratedHsp: false,
  isPreloadSoEnabled: false,
  strictMode: undefined,
  useNormalizedOHMUrl: false,
  caseSensitiveCheck: false,
  aceModuleJsonPath: 'C:\\Users\\lzf\\Desktop\\health_-service_-kit_-sample-code-master\\health_-service_-kit_-sample-code-master\\entry\\build\\default\\intermediates\\res\\default\\ark_module.json',
  appResource: 'C:\\Users\\lzf\\Desktop\\health_-service_-kit_-sample-code-master\\health_-service_-kit_-sample-code-master\\entry\\build\\default\\intermediates\\res\\default\\ResourceTable.txt',
  rawFileResource: 'C:\\Users\\lzf\\Desktop\\health_-service_-kit_-sample-code-master\\health_-service_-kit_-sample-code-master\\entry\\build\\default\\intermediates\\res\\default\\resources\\rawfile',
  resourceTableHash: 'fce136b98a333daacd6837dfafa7c58bc85531faa021073e77ebf6d9e051944e',
  runtimeOS: 'HarmonyOS',
  sdkInfo: 'false:22:6.0.2.130:Release',
  aceModuleRoot: 'C:\\Users\\lzf\\Desktop\\health_-service_-kit_-sample-code-master\\health_-service_-kit_-sample-code-master\\entry\\src\\main\\ets',
  compileMode: 'esmodule',
  aceSuperVisualPath: 'C:\\Users\\lzf\\Desktop\\health_-service_-kit_-sample-code-master\\health_-service_-kit_-sample-code-master\\entry\\src\\main\\supervisual',
  aceBuildJson: 'C:\\Users\\lzf\\Desktop\\health_-service_-kit_-sample-code-master\\health_-service_-kit_-sample-code-master\\entry\\build\\default\\intermediates\\loader\\default\\loader.json',
  cachePath: 'C:\\Users\\lzf\\Desktop\\health_-service_-kit_-sample-code-master\\health_-service_-kit_-sample-code-master\\entry\\build\\default\\cache\\default\\default@CompileArkTS\\esmodule\\debug',
  aceModuleBuild: 'C:\\Users\\lzf\\Desktop\\health_-service_-kit_-sample-code-master\\health_-service_-kit_-sample-code-master\\entry\\build\\default\\intermediates\\loader_out\\default\\ets',
  supportChunks: true,
  declaredFilesPath: undefined,
  shouldCollectDirectImportees: false,
  isByteCodeHarOptimize: false,
  expandImportPath: undefined,
  pkgNameToPkgBriefInfo: {
    entry: {
      pkgRoot: 'C:\\Users\\lzf\\Desktop\\health_-service_-kit_-sample-code-master\\health_-service_-kit_-sample-code-master\\entry',
      originalSourceRoots: undefined,
      sourceRoots: [Array],
      pkgName: 'entry'
    }
  },
  projectModel: {
    'C:\\Users\\lzf\\Desktop\\health_-service_-kit_-sample-code-master\\health_-service_-kit_-sample-code-master\\entry\\src\\main': {
      moduleName: 'entry',
      modulePkgPath: 'C:\\Users\\lzf\\Desktop\\health_-service_-kit_-sample-code-master\\health_-service_-kit_-sample-code-master\\entry',
      belongProjectPath: 'C:\\Users\\lzf\\Desktop\\health_-service_-kit_-sample-code-master\\health_-service_-kit_-sample-code-master'
    },
    'C:\\Users\\lzf\\Desktop\\health_-service_-kit_-sample-code-master\\health_-service_-kit_-sample-code-master\\entry\\src\\ohosTest': {
      moduleName: 'entry_test',
      modulePkgPath: 'C:\\Users\\lzf\\Desktop\\health_-service_-kit_-sample-code-master\\health_-service_-kit_-sample-code-master\\entry',
      belongProjectPath: 'C:\\Users\\lzf\\Desktop\\health_-service_-kit_-sample-code-master\\health_-service_-kit_-sample-code-master'
    },
    'C:\\Users\\lzf\\Desktop\\health_-service_-kit_-sample-code-master\\health_-service_-kit_-sample-code-master\\entry': {
      moduleName: 'entry',
      modulePkgPath: 'C:\\Users\\lzf\\Desktop\\health_-service_-kit_-sample-code-master\\health_-service_-kit_-sample-code-master\\entry',
      belongProjectPath: 'C:\\Users\\lzf\\Desktop\\health_-service_-kit_-sample-code-master\\health_-service_-kit_-sample-code-master'
    },
    'C:\\Users\\lzf\\Desktop\\health_-service_-kit_-sample-code-master\\health_-service_-kit_-sample-code-master': {
      moduleName: 'health_-service_-kit_-sample-code-master',
      modulePkgPath: 'C:\\Users\\lzf\\Desktop\\health_-service_-kit_-sample-code-master\\health_-service_-kit_-sample-code-master',
      belongProjectPath: 'C:\\Users\\lzf\\Desktop\\health_-service_-kit_-sample-code-master\\health_-service_-kit_-sample-code-master'
    }
  },
  pkgJsonFileHash: '53c3da6ecb1d24a3ad581eea1fadab6cbeeaa772966670d8effc1efcec277957',
  allModulePaths: [
    'C:\\Users\\lzf\\Desktop\\health_-service_-kit_-sample-code-master\\health_-service_-kit_-sample-code-master\\entry'
  ],
  routerMap: {},
  obfuscationOptions: undefined,
  byteCodeHarToDependencyKeys: undefined,
  compileBlockPkg: [],
  mockParams: {
    decorator: '@MockSetup',
    packageName: '@ohos/hamock',
    etsSourceRootPath: 'src/main/ets',
    mockConfigPath: undefined,
    mockConfigKey2ModuleInfo: {},
    source2ModuleIdMap: {}
  },
  copyCodeResourceEnable: true,
  copyCodeResourceExcludes: [],
  copyCodeResourceIncludes: undefined,
  uiTransformOptimization: false,
  sdkPath: 'D:/DevEco Studio/sdk',
  needPreloadSoFileSet: {},
  preloadSoFilePath: 'C:\\Users\\lzf\\Desktop\\health_-service_-kit_-sample-code-master\\health_-service_-kit_-sample-code-master\\entry\\build\\default\\intermediates\\preload\\default\\preload.json',
  useSourceHash: false,
  localModuleParamMap: {},
  otherPaths: {
    'entry/*': [
      '..\\*',
      '..\\..\\..\\build\\default\\generated\\profile\\default\\*'
    ]
  },
  collectImportersConfig: undefined
}
[2026-04-21T18:07:09.030] [DEBUG] debug-file - Compile arkts with external api path: D:\DevEco Studio\sdk\default\hms\ets
[2026-04-21T18:07:09.032] [DEBUG] debug-file - default@CompileArkTS work[15] is submitted.
[2026-04-21T18:07:09.033] [DEBUG] debug-file - default@CompileArkTS work[15] is pushed to ready queue.
[2026-04-21T18:07:09.033] [DEBUG] debug-file - A work dispatched to worker[23] failed because unable to get work from ready queue.
[2026-04-21T18:07:09.033] [DEBUG] debug-file - A work dispatched to worker[22] failed because unable to get work from ready queue.
[2026-04-21T18:07:09.033] [DEBUG] debug-file - A work dispatched to worker[21] failed because unable to get work from ready queue.
[2026-04-21T18:07:09.033] [DEBUG] debug-file - A work dispatched to worker[20] failed because unable to get work from ready queue.
[2026-04-21T18:07:09.033] [DEBUG] debug-file - A work dispatched to worker[19] failed because unable to get work from ready queue.
[2026-04-21T18:07:09.033] [DEBUG] debug-file - A work dispatched to worker[18] failed because unable to get work from ready queue.
[2026-04-21T18:07:09.033] [DEBUG] debug-file - A work dispatched to worker[17] failed because unable to get work from ready queue.
[2026-04-21T18:07:09.033] [DEBUG] debug-file - A work dispatched to worker[16] failed because unable to get work from ready queue.
[2026-04-21T18:07:09.033] [DEBUG] debug-file - A work dispatched to worker[15] failed because unable to get work from ready queue.
[2026-04-21T18:07:09.034] [DEBUG] debug-file - A work dispatched to worker[14] failed because unable to get work from ready queue.
[2026-04-21T18:07:09.034] [DEBUG] debug-file - A work dispatched to worker[13] failed because unable to get work from ready queue.
[2026-04-21T18:07:09.034] [DEBUG] debug-file - A work dispatched to worker[12] failed because unable to get work from ready queue.
[2026-04-21T18:07:09.034] [DEBUG] debug-file - A work dispatched to worker[11] failed because unable to get work from ready queue.
[2026-04-21T18:07:09.034] [DEBUG] debug-file - A work dispatched to worker[10] failed because unable to get work from ready queue.
[2026-04-21T18:07:09.034] [DEBUG] debug-file - A work dispatched to worker[9] failed because unable to get work from ready queue.
[2026-04-21T18:07:09.034] [DEBUG] debug-file - A work dispatched to worker[8] failed because unable to get work from ready queue.
[2026-04-21T18:07:09.034] [DEBUG] debug-file - A work dispatched to worker[7] failed because unable to get work from ready queue.
[2026-04-21T18:07:09.034] [DEBUG] debug-file - A work dispatched to worker[6] failed because unable to get work from ready queue.
[2026-04-21T18:07:09.034] [DEBUG] debug-file - A work dispatched to worker[5] failed because unable to get work from ready queue.
[2026-04-21T18:07:09.034] [DEBUG] debug-file - default@CompileArkTS work[15] has been dispatched to worker[4].
[2026-04-21T18:07:09.035] [DEBUG] debug-file - default@CompileArkTS work[15] is dispatched.
[2026-04-21T18:07:09.035] [DEBUG] debug-file - CopyResources startTime: 5673180247200
[2026-04-21T18:07:09.035] [DEBUG] debug-file - default@CompileArkTS work[16] is submitted.
[2026-04-21T18:07:09.036] [DEBUG] debug-file - default@CompileArkTS work[16] is pushed to ready queue.
[2026-04-21T18:07:09.037] [DEBUG] debug-file - A work dispatched to worker[23] failed because unable to get work from ready queue.
[2026-04-21T18:07:09.037] [DEBUG] debug-file - Create  resident worker with id: 22.
[2026-04-21T18:07:09.040] [DEBUG] debug-file - default@CompileArkTS work[16] has been dispatched to worker[22].
[2026-04-21T18:07:09.041] [DEBUG] debug-file - default@CompileArkTS work[16] is dispatched.
[2026-04-21T18:07:09.041] [DEBUG] debug-file - entry : default@CompileArkTS cost memory -0.02619171142578125
[2026-04-21T18:07:09.044] [DEBUG] debug-file - Executing task :entry:default@BuildJS
[2026-04-21T18:07:09.044] [DEBUG] debug-file - Task 'entry:default@BuildJS' cost while wrapping incremental declarations: 1 ms 
[2026-04-21T18:07:09.049] [DEBUG] debug-file - entry : default@BuildJS cost memory 0.1655426025390625
[2026-04-21T18:07:09.050] [DEBUG] debug-file - runTaskFromQueue task cost before running: 660 ms 
[2026-04-21T18:07:09.050] [INFO] debug-file - Finished :entry:default@BuildJS... after 6 ms 
[2026-04-21T18:07:09.054] [DEBUG] debug-file - Executing task :entry:default@CacheNativeLibs
[2026-04-21T18:07:09.054] [DEBUG] debug-file - Task 'entry:default@CacheNativeLibs' cost while wrapping incremental declarations: 1 ms 
[2026-04-21T18:07:09.059] [DEBUG] debug-file - Incremental task entry:default@CacheNativeLibs pre-execution cost: 5 ms .
[2026-04-21T18:07:09.060] [DEBUG] debug-file - entry : default@CacheNativeLibs cost memory 0.09995269775390625
[2026-04-21T18:07:09.061] [INFO] debug-file - UP-TO-DATE :entry:default@CacheNativeLibs...  
[2026-04-21T18:07:11.972] [DEBUG] debug-file - worker[22] has one work done.
[2026-04-21T18:07:11.974] [DEBUG] debug-file - CopyResources is end, endTime: 5676119190700
[2026-04-21T18:07:11.974] [DEBUG] debug-file - default@CompileArkTS work[16] done.
[2026-04-21T18:07:11.975] [DEBUG] debug-file - A work dispatched to worker[22] failed because unable to get work from ready queue.
[2026-04-21T18:07:16.000] [WARN] debug-file - [33mWARN: [33m[33mArkTS:WARN File: C:/Users/lzf/Desktop/health_-service_-kit_-sample-code-master/health_-service_-kit_-sample-code-master/entry/src/main/ets/pages/MainIndex.ets:146:29
 'pushUrl' has been deprecated.
[39m[39m
[33mWARN: [33m[33mArkTS:WARN File: C:/Users/lzf/Desktop/health_-service_-kit_-sample-code-master/health_-service_-kit_-sample-code-master/entry/src/main/ets/pages/DataSourceIndex.ets:15:20
 'back' has been deprecated.
[39m[39m
[33mWARN: [33m[33mArkTS:WARN File: C:/Users/lzf/Desktop/health_-service_-kit_-sample-code-master/health_-service_-kit_-sample-code-master/entry/src/main/ets/pages/AuthIndex.ets:15:20
 'back' has been deprecated.
[39m[39m
[33mWARN: [33m[33mArkTS:WARN File: C:/Users/lzf/Desktop/health_-service_-kit_-sample-code-master/health_-service_-kit_-sample-code-master/entry/src/main/ets/pages/SamplePointIndex.ets:15:20
 'back' has been deprecated.
[39m[39m
[33mWARN: [33m[33mArkTS:WARN File: C:/Users/lzf/Desktop/health_-service_-kit_-sample-code-master/health_-service_-kit_-sample-code-master/entry/src/main/ets/pages/HealthSequenceIndex.ets:15:20
 'back' has been deprecated.
[39m[39m
[33mWARN: [33m[33mArkTS:WARN File: C:/Users/lzf/Desktop/health_-service_-kit_-sample-code-master/health_-service_-kit_-sample-code-master/entry/src/main/ets/pages/ExerciseSequenceIndex.ets:15:20
 'back' has been deprecated.
[39m[39m
[33mWARN: [33m[33mArkTS:WARN File: C:/Users/lzf/Desktop/health_-service_-kit_-sample-code-master/health_-service_-kit_-sample-code-master/entry/src/main/ets/pages/WorkoutIndex.ets:15:20
 'back' has been deprecated.
[39m[39m

[2026-04-21T18:07:16.000] [DEBUG] debug-file - Ark compile task finished.finished time is 5680145158100
[2026-04-21T18:07:16.001] [DEBUG] debug-file - worker[4] has one work done.
[2026-04-21T18:07:16.003] [DEBUG] debug-file - default@CompileArkTS work[15] done.
[2026-04-21T18:07:16.003] [DEBUG] debug-file - A work dispatched to worker[4] failed because unable to get work from ready queue.
[2026-04-21T18:07:16.007] [INFO] debug-file - Finished :entry:default@CompileArkTS... after 7 s 6 ms 
[2026-04-21T18:07:16.008] [DEBUG] debug-file - Executing task :entry:default@GeneratePkgModuleJson
[2026-04-21T18:07:16.009] [DEBUG] debug-file - File: 'C:\Users\lzf\Desktop\health_-service_-kit_-sample-code-master\health_-service_-kit_-sample-code-master\entry\build\default\intermediates\preload\default\preload.json' from 'preloadSoJsonPath' is not exists, just ignore.
[2026-04-21T18:07:16.009] [DEBUG] debug-file - Error occurs while handling @Input 'shouldDeduplicateHar': The "data" argument must be of type string or an instance of Buffer, TypedArray, or DataView. Received undefined
[2026-04-21T18:07:16.010] [DEBUG] debug-file - Task 'entry:default@GeneratePkgModuleJson' cost while wrapping incremental declarations: 2 ms 
[2026-04-21T18:07:16.011] [DEBUG] debug-file - Incremental task entry:default@GeneratePkgModuleJson pre-execution cost: 2 ms .
[2026-04-21T18:07:16.011] [DEBUG] debug-file - entry : default@GeneratePkgModuleJson cost memory 0.1173553466796875
[2026-04-21T18:07:16.011] [INFO] debug-file - UP-TO-DATE :entry:default@GeneratePkgModuleJson...  
[2026-04-21T18:07:16.013] [DEBUG] debug-file - Executing task :entry:default@ProcessCompiledResources
[2026-04-21T18:07:16.013] [DEBUG] debug-file - File: 'C:\Users\lzf\Desktop\health_-service_-kit_-sample-code-master\health_-service_-kit_-sample-code-master\entry\build\default\intermediates\preload\default\preload.json' from 'preloadSoJsonPath' is not exists, just ignore.
[2026-04-21T18:07:16.013] [DEBUG] debug-file - Task 'entry:default@ProcessCompiledResources' cost while wrapping incremental declarations: 1 ms 
[2026-04-21T18:07:16.014] [DEBUG] debug-file - entry : default@ProcessCompiledResources cost memory 0.062957763671875
[2026-04-21T18:07:16.014] [DEBUG] debug-file - runTaskFromQueue task cost before running: 7 s 625 ms 
[2026-04-21T18:07:16.014] [INFO] debug-file - Finished :entry:default@ProcessCompiledResources... after 2 ms 
[2026-04-21T18:07:16.017] [DEBUG] debug-file - Executing task :entry:default@PackageHap
[2026-04-21T18:07:16.025] [DEBUG] debug-file - entry:default@PackageHap is not up-to-date, since the input file 'C:\Users\lzf\Desktop\health_-service_-kit_-sample-code-master\health_-service_-kit_-sample-code-master\entry\build\default\intermediates\loader_out\default\ets' has been changed.
[2026-04-21T18:07:16.026] [DEBUG] debug-file - Incremental task entry:default@PackageHap pre-execution cost: 8 ms .
[2026-04-21T18:07:16.027] [DEBUG] debug-file - Use tool [D:\DevEco Studio\sdk\default\openharmony\toolchains\lib\app_packing_tool.jar]
 [
  'java',
  '-Dfile.encoding=GBK',
  '-jar',
  'D:\\DevEco Studio\\sdk\\default\\openharmony\\toolchains\\lib\\app_packing_tool.jar',
  '--mode',
  'hap',
  '--force',
  'true',
  '--lib-path',
  'C:\\Users\\lzf\\Desktop\\health_-service_-kit_-sample-code-master\\health_-service_-kit_-sample-code-master\\entry\\build\\default\\intermediates\\stripped_native_libs\\default',
  '--json-path',
  'C:\\Users\\lzf\\Desktop\\health_-service_-kit_-sample-code-master\\health_-service_-kit_-sample-code-master\\entry\\build\\default\\intermediates\\package\\default\\module.json',
  '--resources-path',
  'C:\\Users\\lzf\\Desktop\\health_-service_-kit_-sample-code-master\\health_-service_-kit_-sample-code-master\\entry\\build\\default\\intermediates\\res\\default\\resources',
  '--index-path',
  'C:\\Users\\lzf\\Desktop\\health_-service_-kit_-sample-code-master\\health_-service_-kit_-sample-code-master\\entry\\build\\default\\intermediates\\res\\default\\resources.index',
  '--pack-info-path',
  'C:\\Users\\lzf\\Desktop\\health_-service_-kit_-sample-code-master\\health_-service_-kit_-sample-code-master\\entry\\build\\default\\outputs\\default\\pack.info',
  '--out-path',
  'C:\\Users\\lzf\\Desktop\\health_-service_-kit_-sample-code-master\\health_-service_-kit_-sample-code-master\\entry\\build\\default\\outputs\\default\\entry-default-unsigned.hap',
  '--ets-path',
  'C:\\Users\\lzf\\Desktop\\health_-service_-kit_-sample-code-master\\health_-service_-kit_-sample-code-master\\entry\\build\\default\\intermediates\\loader_out\\default\\ets'
]
[2026-04-21T18:07:16.086] [DEBUG] debug-file - java daemon socket received message:{"code":0,"message":"pack success"}
[2026-04-21T18:07:16.091] [DEBUG] debug-file - entry : default@PackageHap cost memory 0.6621322631835938
[2026-04-21T18:07:16.091] [DEBUG] debug-file - runTaskFromQueue task cost before running: 7 s 702 ms 
[2026-04-21T18:07:16.092] [INFO] debug-file - Finished :entry:default@PackageHap... after 75 ms 
[2026-04-21T18:07:16.094] [DEBUG] debug-file - Executing task :entry:default@PackingCheck
[2026-04-21T18:07:16.100] [DEBUG] debug-file - entry : default@PackingCheck cost memory -1.2640304565429688
[2026-04-21T18:07:16.100] [DEBUG] debug-file - runTaskFromQueue task cost before running: 7 s 711 ms 
[2026-04-21T18:07:16.100] [INFO] debug-file - Finished :entry:default@PackingCheck... after 7 ms 
[2026-04-21T18:07:16.102] [DEBUG] debug-file - Executing task :entry:default@SignHap
[2026-04-21T18:07:16.102] [WARN] debug-file - Will skip sign 'hos_hap'. No signingConfigs profile is configured in current project.
             If needed, configure the signingConfigs in C:\Users\lzf\Desktop\health_-service_-kit_-sample-code-master\health_-service_-kit_-sample-code-master\build-profile.json5.
[2026-04-21T18:07:16.103] [DEBUG] debug-file - entry:default@SignHap is not up-to-date, since the input file 'C:\Users\lzf\Desktop\health_-service_-kit_-sample-code-master\health_-service_-kit_-sample-code-master\entry\build\default\outputs\default\entry-default-unsigned.hap' has been changed.
[2026-04-21T18:07:16.103] [DEBUG] debug-file - Incremental task entry:default@SignHap pre-execution cost: 1 ms .
[2026-04-21T18:07:16.103] [DEBUG] debug-file - entry : default@SignHap cost memory 0.095550537109375
[2026-04-21T18:07:16.103] [DEBUG] debug-file - runTaskFromQueue task cost before running: 7 s 714 ms 
[2026-04-21T18:07:16.103] [INFO] debug-file - Finished :entry:default@SignHap... after 2 ms 
[2026-04-21T18:07:16.105] [DEBUG] debug-file - Executing task :entry:default@CollectDebugSymbol
[2026-04-21T18:07:16.106] [DEBUG] debug-file - entry : default@CollectDebugSymbol cost memory 0.11315155029296875
[2026-04-21T18:07:16.106] [DEBUG] debug-file - runTaskFromQueue task cost before running: 7 s 716 ms 
[2026-04-21T18:07:16.106] [INFO] debug-file - Finished :entry:default@CollectDebugSymbol... after 2 ms 
[2026-04-21T18:07:16.106] [DEBUG] debug-file - Executing task :entry:assembleHap
[2026-04-21T18:07:16.106] [DEBUG] debug-file - entry : assembleHap cost memory 0.01226043701171875
[2026-04-21T18:07:16.106] [DEBUG] debug-file - runTaskFromQueue task cost before running: 7 s 717 ms 
[2026-04-21T18:07:16.106] [INFO] debug-file - Finished :entry:assembleHap... after 1 ms 
[2026-04-21T18:07:16.116] [INFO] debug-file - BUILD SUCCESSFUL in 7 s 727 ms 
[2026-04-21T18:07:16.117] [DEBUG] debug-file - There is no need to refresh cache, since the incremental task entry:default@PreBuild is up-to-date.
[2026-04-21T18:07:16.117] [DEBUG] debug-file - Update task entry:default@CreateModuleInfo output file:C:\Users\lzf\Desktop\health_-service_-kit_-sample-code-master\health_-service_-kit_-sample-code-master\entry\build\default\generated\profile\default\ModuleInfo.ts cache.
[2026-04-21T18:07:16.117] [DEBUG] debug-file - Incremental task entry:default@CreateModuleInfo post-execution cost:1 ms .
[2026-04-21T18:07:16.117] [DEBUG] debug-file - There is no need to refresh cache, since the incremental task entry:default@GenerateMetadata is up-to-date.
[2026-04-21T18:07:16.117] [DEBUG] debug-file - There is no need to refresh cache, since the incremental task entry:default@MergeProfile is up-to-date.
[2026-04-21T18:07:16.117] [DEBUG] debug-file - There is no need to refresh cache, since the incremental task entry:default@CreateBuildProfile is up-to-date.
[2026-04-21T18:07:16.117] [DEBUG] debug-file - Update task entry:default@GeneratePkgContextInfo output file:C:\Users\lzf\Desktop\health_-service_-kit_-sample-code-master\health_-service_-kit_-sample-code-master\entry\build\default\intermediates\loader\default\pkgContextInfo.json cache.
[2026-04-21T18:07:16.117] [DEBUG] debug-file - Incremental task entry:default@GeneratePkgContextInfo post-execution cost:1 ms .
[2026-04-21T18:07:16.118] [DEBUG] debug-file - Update task entry:default@ProcessIntegratedHsp output file:C:\Users\lzf\Desktop\health_-service_-kit_-sample-code-master\health_-service_-kit_-sample-code-master\build\cache\default\integrated_hsp\integratedHspCache.json cache.
[2026-04-21T18:07:16.118] [DEBUG] debug-file - Incremental task entry:default@ProcessIntegratedHsp post-execution cost:1 ms .
[2026-04-21T18:07:16.118] [DEBUG] debug-file - There is no need to refresh cache, since the incremental task entry:default@MakePackInfo is up-to-date.
[2026-04-21T18:07:16.118] [DEBUG] debug-file - Update task entry:default@SyscapTransform input file:D:\DevEco Studio\sdk\default\openharmony\toolchains\syscap_tool.exe cache by regenerate.
[2026-04-21T18:07:16.118] [DEBUG] debug-file - Update task entry:default@SyscapTransform input file:D:\DevEco Studio\sdk\default\openharmony\ets\api\device-define cache by regenerate.
[2026-04-21T18:07:16.119] [DEBUG] debug-file - Update task entry:default@SyscapTransform output file:C:\Users\lzf\Desktop\health_-service_-kit_-sample-code-master\health_-service_-kit_-sample-code-master\entry\build\default\intermediates\syscap\default\rpcid.sc cache.
[2026-04-21T18:07:16.119] [DEBUG] debug-file - Incremental task entry:default@SyscapTransform post-execution cost:2 ms .
[2026-04-21T18:07:16.119] [DEBUG] debug-file - There is no need to refresh cache, since the incremental task entry:default@ProcessProfile is up-to-date.
[2026-04-21T18:07:16.119] [DEBUG] debug-file - There is no need to refresh cache, since the incremental task entry:default@ProcessRouterMap is up-to-date.
[2026-04-21T18:07:16.119] [DEBUG] debug-file - There is no need to refresh cache, since the incremental task entry:default@ProcessShareConfig is up-to-date.
[2026-04-21T18:07:16.120] [DEBUG] debug-file - Update task entry:default@ProcessStartupConfig output file:C:\Users\lzf\Desktop\health_-service_-kit_-sample-code-master\health_-service_-kit_-sample-code-master\entry\build\default\intermediates\startup\default\startup_config.json cache.
[2026-04-21T18:07:16.120] [DEBUG] debug-file - Incremental task entry:default@ProcessStartupConfig post-execution cost:1 ms .
[2026-04-21T18:07:16.120] [DEBUG] debug-file - There is no need to refresh cache, since the incremental task entry:default@ProcessResource is up-to-date.
[2026-04-21T18:07:16.120] [DEBUG] debug-file - There is no need to refresh cache, since the incremental task entry:default@GenerateLoaderJson is up-to-date.
[2026-04-21T18:07:16.120] [DEBUG] debug-file - There is no need to refresh cache, since the incremental task entry:default@ProcessLibs is up-to-date.
[2026-04-21T18:07:16.120] [DEBUG] debug-file - There is no need to refresh cache, since the incremental task entry:default@CompileResource is up-to-date.
[2026-04-21T18:07:16.121] [DEBUG] debug-file - There is no need to refresh cache, since the incremental task entry:default@DoNativeStrip is up-to-date.
[2026-04-21T18:07:16.123] [DEBUG] debug-file - Update task entry:default@CompileArkTS input file:C:\Users\lzf\Desktop\health_-service_-kit_-sample-code-master\health_-service_-kit_-sample-code-master\entry\build\default\intermediates\loader\default cache by regenerate.
[2026-04-21T18:07:16.124] [DEBUG] debug-file - Update task entry:default@CompileArkTS input file:C:\Users\lzf\Desktop\health_-service_-kit_-sample-code-master\health_-service_-kit_-sample-code-master\entry\build\default\intermediates\res\default\ResourceTable.txt cache by regenerate.
[2026-04-21T18:07:16.124] [DEBUG] debug-file - Update task entry:default@CompileArkTS input file:C:\Users\lzf\Desktop\health_-service_-kit_-sample-code-master\health_-service_-kit_-sample-code-master\entry\build\default\intermediates\res\default\ark_module.json cache by regenerate.
[2026-04-21T18:07:16.125] [DEBUG] debug-file - Update task entry:default@CompileArkTS input file:C:\Users\lzf\Desktop\health_-service_-kit_-sample-code-master\health_-service_-kit_-sample-code-master\entry\build\default\intermediates\res\default\resources\base\profile cache by regenerate.
[2026-04-21T18:07:16.126] [DEBUG] debug-file - Update task entry:default@CompileArkTS input file:C:\Users\lzf\Desktop\health_-service_-kit_-sample-code-master\health_-service_-kit_-sample-code-master\entry\src\main\ets cache from map.
[2026-04-21T18:07:16.126] [DEBUG] debug-file - Update task entry:default@CompileArkTS input file:C:\Users\lzf\Desktop\health_-service_-kit_-sample-code-master\health_-service_-kit_-sample-code-master\entry\build\default\generated\profile\default\BuildProfile.ets cache by regenerate.
[2026-04-21T18:07:16.126] [DEBUG] debug-file - Update task entry:default@CompileArkTS output file:C:\Users\lzf\Desktop\health_-service_-kit_-sample-code-master\health_-service_-kit_-sample-code-master\entry\build\default\intermediates\loader_out\default\ets cache.
[2026-04-21T18:07:16.127] [DEBUG] debug-file - Incremental task entry:default@CompileArkTS post-execution cost:7 ms .
[2026-04-21T18:07:16.129] [DEBUG] debug-file - Update task entry:default@BuildJS input file:C:\Users\lzf\Desktop\health_-service_-kit_-sample-code-master\health_-service_-kit_-sample-code-master\entry\build\default\intermediates\loader\default cache by regenerate.
[2026-04-21T18:07:16.129] [DEBUG] debug-file - Update task entry:default@BuildJS input file:C:\Users\lzf\Desktop\health_-service_-kit_-sample-code-master\health_-service_-kit_-sample-code-master\entry\build\default\intermediates\res\default\ResourceTable.txt cache by regenerate.
[2026-04-21T18:07:16.130] [DEBUG] debug-file - Update task entry:default@BuildJS input file:C:\Users\lzf\Desktop\health_-service_-kit_-sample-code-master\health_-service_-kit_-sample-code-master\entry\build\default\intermediates\res\default\ark_module.json cache by regenerate.
[2026-04-21T18:07:16.130] [DEBUG] debug-file - Update task entry:default@BuildJS input file:C:\Users\lzf\Desktop\health_-service_-kit_-sample-code-master\health_-service_-kit_-sample-code-master\entry\build\default\intermediates\res\default\resources\base\profile cache by regenerate.
[2026-04-21T18:07:16.131] [DEBUG] debug-file - Update task entry:default@BuildJS output file:C:\Users\lzf\Desktop\health_-service_-kit_-sample-code-master\health_-service_-kit_-sample-code-master\entry\build\default\intermediates\loader_out\default\js cache.
[2026-04-21T18:07:16.132] [DEBUG] debug-file - Incremental task entry:default@BuildJS post-execution cost:4 ms .
[2026-04-21T18:07:16.132] [DEBUG] debug-file - There is no need to refresh cache, since the incremental task entry:default@CacheNativeLibs is up-to-date.
[2026-04-21T18:07:16.133] [DEBUG] debug-file - There is no need to refresh cache, since the incremental task entry:default@GeneratePkgModuleJson is up-to-date.
[2026-04-21T18:07:16.133] [DEBUG] debug-file - Incremental task entry:default@ProcessCompiledResources post-execution cost:1 ms .
[2026-04-21T18:07:16.134] [DEBUG] debug-file - Update task entry:default@PackageHap input file:C:\Users\lzf\Desktop\health_-service_-kit_-sample-code-master\health_-service_-kit_-sample-code-master\entry\build\default\intermediates\stripped_native_libs\default cache by regenerate.
[2026-04-21T18:07:16.134] [DEBUG] debug-file - Update task entry:default@PackageHap input file:C:\Users\lzf\Desktop\health_-service_-kit_-sample-code-master\health_-service_-kit_-sample-code-master\entry\build\default\intermediates\res\default\module.json cache by regenerate.
[2026-04-21T18:07:16.135] [DEBUG] debug-file - Update task entry:default@PackageHap input file:C:\Users\lzf\Desktop\health_-service_-kit_-sample-code-master\health_-service_-kit_-sample-code-master\entry\build\default\intermediates\res\default\resources cache by regenerate.
[2026-04-21T18:07:16.137] [DEBUG] debug-file - Update task entry:default@PackageHap input file:C:\Users\lzf\Desktop\health_-service_-kit_-sample-code-master\health_-service_-kit_-sample-code-master\entry\build\default\intermediates\res\default\resources.index cache by regenerate.
[2026-04-21T18:07:16.138] [DEBUG] debug-file - Update task entry:default@PackageHap input file:C:\Users\lzf\Desktop\health_-service_-kit_-sample-code-master\health_-service_-kit_-sample-code-master\entry\build\default\outputs\default\pack.info cache by regenerate.
[2026-04-21T18:07:16.138] [DEBUG] debug-file - Update task entry:default@PackageHap input file:C:\Users\lzf\Desktop\health_-service_-kit_-sample-code-master\health_-service_-kit_-sample-code-master\entry\build\default\intermediates\loader_out\default\ets cache from map.
[2026-04-21T18:07:16.138] [DEBUG] debug-file - Update task entry:default@PackageHap input file:C:\Users\lzf\Desktop\health_-service_-kit_-sample-code-master\health_-service_-kit_-sample-code-master\entry\build\default\intermediates\loader_out\default\ets\sourceMaps.map cache by regenerate.
[2026-04-21T18:07:16.139] [DEBUG] debug-file - Update task entry:default@PackageHap input file:C:\Users\lzf\Desktop\health_-service_-kit_-sample-code-master\health_-service_-kit_-sample-code-master\entry\build\default\generated\profile\default\BuildProfile.ets cache by regenerate.
[2026-04-21T18:07:16.139] [DEBUG] debug-file - Update task entry:default@PackageHap output file:C:\Users\lzf\Desktop\health_-service_-kit_-sample-code-master\health_-service_-kit_-sample-code-master\entry\build\default\outputs\default\entry-default-unsigned.hap cache.
[2026-04-21T18:07:16.140] [DEBUG] debug-file - Update task entry:default@PackageHap output file:C:\Users\lzf\Desktop\health_-service_-kit_-sample-code-master\health_-service_-kit_-sample-code-master\entry\build\default\intermediates\source_map\default\sourceMaps.map cache.
[2026-04-21T18:07:16.140] [DEBUG] debug-file - Update task entry:default@PackageHap output file:C:\Users\lzf\Desktop\health_-service_-kit_-sample-code-master\health_-service_-kit_-sample-code-master\entry\build\default\outputs\default\mapping\sourceMaps.map cache.
[2026-04-21T18:07:16.141] [DEBUG] debug-file - Incremental task entry:default@PackageHap post-execution cost:8 ms .
[2026-04-21T18:07:16.141] [DEBUG] debug-file - Update task entry:default@SignHap input file:C:\Users\lzf\Desktop\health_-service_-kit_-sample-code-master\health_-service_-kit_-sample-code-master\entry\build\default\outputs\default\entry-default-unsigned.hap cache from map.
[2026-04-21T18:07:16.141] [DEBUG] debug-file - Update task entry:default@SignHap output file:C:\Users\lzf\Desktop\health_-service_-kit_-sample-code-master\health_-service_-kit_-sample-code-master\entry\build\default\outputs\default\entry-default-signed.hap cache.
[2026-04-21T18:07:16.142] [DEBUG] debug-file - Incremental task entry:default@SignHap post-execution cost:1 ms .
[2026-04-21T18:07:16.142] [DEBUG] debug-file - Update task entry:default@CollectDebugSymbol input file:C:\Users\lzf\Desktop\health_-service_-kit_-sample-code-master\health_-service_-kit_-sample-code-master\entry\build\default\intermediates\loader_out\default\ets\sourceMaps.map cache by regenerate.
[2026-04-21T18:07:16.143] [DEBUG] debug-file - Update task entry:default@CollectDebugSymbol input file:C:\Users\lzf\Desktop\health_-service_-kit_-sample-code-master\health_-service_-kit_-sample-code-master\entry\build\default\intermediates\libs\default cache by regenerate.
[2026-04-21T18:07:16.143] [DEBUG] debug-file - Update task entry:default@CollectDebugSymbol output file:C:\Users\lzf\Desktop\health_-service_-kit_-sample-code-master\health_-service_-kit_-sample-code-master\entry\build\default\outputs\default\symbol cache.
[2026-04-21T18:07:16.144] [DEBUG] debug-file - Incremental task entry:default@CollectDebugSymbol post-execution cost:2 ms .
[2026-04-21T18:07:16.178] [DEBUG] debug-file - Cleanup worker 22.
[2026-04-21T18:07:16.179] [DEBUG] debug-file - Worker 22 has been cleaned up.
[2026-04-21T18:07:16.179] [DEBUG] debug-file - Current idle worker size: 1.
[2026-04-21T18:07:16.179] [DEBUG] debug-file - Current resident worker size: 2.
[2026-04-21T18:07:16.180] [DEBUG] debug-file - hvigor build process will be closed.
[2026-04-21T18:07:16.181] [DEBUG] debug-file - java daemon socket close code:1000 reason:close by user
[2026-04-21T18:07:16.193] [DEBUG] debug-file - worker[22] exits with exit code 1.
[2026-04-21T18:07:16.217] [DEBUG] debug-file - session manager: send message to worker process.
[2026-04-21T18:07:16.218] [DEBUG] debug-file - session manager: send message to worker process.
[2026-04-21T18:07:16.218] [DEBUG] debug-file - watch worker: worker id should be larger than 0. Nothing will be sent to any worker thread.
[2026-04-21T18:07:16.218] [DEBUG] debug-file - watch worker: worker id should be larger than 0. Nothing will be sent to any worker thread.
[2026-04-27T16:16:33.308] [DEBUG] debug-file - env: nodejsVersion=v18.20.1
[2026-04-27T16:16:34.032] [DEBUG] debug-file - env: daemon=true
[2026-04-27T16:16:33.309] [DEBUG] debug-file - env: hvigor-config.json5 content = {
  modelVersion: '5.0.0',
  dependencies: {},
  execution: {},
  logging: {},
  debugging: {},
  nodeOptions: {}
}
[2026-04-27T16:16:35.289] [DEBUG] debug-file - java daemon tryConnect failed Error: connect ECONNREFUSED 127.0.0.1:45050
[2026-04-27T16:16:35.422] [DEBUG] debug-file - java daemon started at port 45050 pid 14844
[2026-04-27T16:16:35.443] [DEBUG] debug-file - session manager: set active socket. socketId=L6W9uzrxvpjpSKfUAAAB
[2026-04-27T16:16:35.941] [DEBUG] debug-file - watch worker: worker id should be larger than 0. Nothing will be sent to any worker thread.
[2026-04-27T16:16:35.944] [DEBUG] debug-file - Since there is no instance or instance is terminated, create a new worker pool.
[2026-04-27T16:16:35.945] [DEBUG] debug-file - Worker pool is initialized with config:  {
  minPoolNum: 2,
  maxPoolNum: undefined,
  maxCoreSize: undefined,
  cacheCapacity: undefined,
  cacheTtl: undefined
}
[2026-04-27T16:16:35.946] [DEBUG] debug-file - Create  resident worker with id: 0.
[2026-04-27T16:16:35.947] [DEBUG] debug-file - Create  resident worker with id: 1.
[2026-04-27T16:16:35.949] [DEBUG] debug-file - Workers' log level updated to INFO
[2026-04-27T16:16:35.954] [DEBUG] debug-file - Hvigor init with startParameters:{
  hvigorfileTypeCheck: false,
  parallelExecution: true,
  incrementalExecution: true,
  printStackTrace: false,
  daemon: true,
  analyze: 0,
  logLevel: Level { level: 20000, levelStr: 'INFO', colour: 'green' },
  optimizationStrategy: 'memory',
  hotCompile: undefined,
  hotReloadBuild: undefined,
  customizedParam: undefined
}
[2026-04-27T16:16:35.960] [DEBUG] debug-file - Cache service initialization finished in 6 ms 
[2026-04-27T16:16:35.962] [DEBUG] debug-file - hvigorfile, resolving C:\Users\lzf\Desktop\health_-service_-kit_-sample-code-master\health_-service_-kit_-sample-code-master\hvigorfile.ts
[2026-04-27T16:16:37.911] [DEBUG] debug-file - hvigorfile, require result:  { default: { plugins: [] } }
[2026-04-27T16:16:37.912] [DEBUG] debug-file - hvigorfile, binding system plugins null
[2026-04-27T16:16:37.912] [DEBUG] debug-file - Starting plugin build process
[2026-04-27T16:16:37.912] [DEBUG] debug-file - App plugin prepare start...
[2026-04-27T16:16:37.912] [DEBUG] debug-file - App plugin prepare end...
[2026-04-27T16:16:37.912] [DEBUG] debug-file - App plugin creating...
[2026-04-27T16:16:38.059] [DEBUG] debug-file - App plugin register hook start...
[2026-04-27T16:16:38.059] [DEBUG] debug-file - App plugin register hook end...
[2026-04-27T16:16:38.059] [DEBUG] debug-file - Plugin build process completed
[2026-04-27T16:16:38.060] [DEBUG] debug-file - Start initialize project's product build option map with build mode debug.
[2026-04-27T16:16:38.061] [DEBUG] debug-file - Picking option from product 'default' with build mode 'debug'.
[2026-04-27T16:16:38.061] [DEBUG] debug-file - Product 'default' build option initialized
[2026-04-27T16:16:38.061] [DEBUG] debug-file - End initialize project's product build option map with build mode 'debug'.
[2026-04-27T16:16:38.063] [DEBUG] debug-file - Obtain build option for product 'default'in this build.
[2026-04-27T16:16:38.066] [DEBUG] debug-file - No signingConfig found, initRemoteHspCache failed.
[2026-04-27T16:16:38.068] [DEBUG] debug-file - Local scan or download HarmonyOS sdk components toolchains,ets,js,native,previewer
[2026-04-27T16:16:38.073] [DEBUG] debug-file - Local scan or download hmscore sdk components toolchains,ets,native
[2026-04-27T16:16:38.075] [DEBUG] debug-file - Start recording SDK configuration permission data.
[2026-04-27T16:16:38.108] [DEBUG] debug-file - Sdk init in 41 ms 
[2026-04-27T16:16:38.113] [DEBUG] debug-file - Project task initialization takes 5 ms 
[2026-04-27T16:16:38.114] [DEBUG] debug-file - hvigorfile, binding custom plugins []
[2026-04-27T16:16:38.114] [DEBUG] debug-file - hvigorfile, no custom plugins were found in C:\Users\lzf\Desktop\health_-service_-kit_-sample-code-master\health_-service_-kit_-sample-code-master\hvigorfile.ts
[2026-04-27T16:16:38.114] [DEBUG] debug-file - hvigorfile, resolve finished C:\Users\lzf\Desktop\health_-service_-kit_-sample-code-master\health_-service_-kit_-sample-code-master\hvigorfile.ts
[2026-04-27T16:16:38.114] [DEBUG] debug-file - hvigorfile, resolving C:\Users\lzf\Desktop\health_-service_-kit_-sample-code-master\health_-service_-kit_-sample-code-master\entry\hvigorfile.ts
[2026-04-27T16:16:38.121] [DEBUG] debug-file - hvigorfile, require result:  { default: { plugins: [] } }
[2026-04-27T16:16:38.121] [DEBUG] debug-file - hvigorfile, binding system plugins null
[2026-04-27T16:16:38.121] [DEBUG] debug-file - Starting plugin build process
[2026-04-27T16:16:38.121] [DEBUG] debug-file - Hap plugin creating...
[2026-04-27T16:16:38.122] [DEBUG] debug-file - failed to load cangjie to dynamically generate schemas: Error: Cannot find module '@ohos/cangjie-build-support/index'
Require stack:
- D:\DevEco Studio\tools\hvigor\hvigor-ohos-plugin\src\plugin\hooks\cangjie-register.js
- D:\DevEco Studio\tools\hvigor\hvigor-ohos-plugin\src\plugin\strategy\stage-init-strategy.js
- D:\DevEco Studio\tools\hvigor\hvigor-ohos-plugin\src\plugin\builder\abstract-plugin-builder.js
- D:\DevEco Studio\tools\hvigor\hvigor-ohos-plugin\src\plugin\builder\app-plugin-builder.js
- D:\DevEco Studio\tools\hvigor\hvigor-ohos-plugin\src\plugin\factory\plugin-factory.js
- D:\DevEco Studio\tools\hvigor\hvigor-ohos-plugin\index.js
- C:\Users\lzf\Desktop\health_-service_-kit_-sample-code-master\health_-service_-kit_-sample-code-master\hvigorfile.ts
- D:\DevEco Studio\tools\hvigor\hvigor\src\base\internal\lifecycle\configuration.js
- D:\DevEco Studio\tools\hvigor\hvigor\src\base\boot\index.js
- D:\DevEco Studio\tools\hvigor\hvigor\src\base\daemon\cluster\worker-process-lifecycle.js
- D:\DevEco Studio\tools\hvigor\hvigor\src\base\daemon\process\daemon-process-boot-script.js
[2026-04-27T16:16:38.135] [DEBUG] debug-file - Start initialize module-target build option map, moduleName=entry, buildMode=debug
[2026-04-27T16:16:38.135] [DEBUG] debug-file - Target 'default' config initialized
[2026-04-27T16:16:38.136] [DEBUG] debug-file - Target 'ohosTest' config initialized
[2026-04-27T16:16:38.137] [DEBUG] debug-file - Module 'entry' target 'default' build option initialized
[2026-04-27T16:16:38.137] [DEBUG] debug-file - Module 'entry' target 'ohosTest' build option initialized
[2026-04-27T16:16:38.137] [DEBUG] debug-file - End initialize module-target build option map, moduleName=entry
[2026-04-27T16:16:38.137] [DEBUG] debug-file - Start initialize module-target build option map, moduleName=entry, buildMode=release
[2026-04-27T16:16:38.137] [DEBUG] debug-file - Target 'default' config initialized
[2026-04-27T16:16:38.137] [DEBUG] debug-file - Target 'ohosTest' config initialized
[2026-04-27T16:16:38.137] [DEBUG] debug-file - Module 'entry' target 'default' build option initialized
[2026-04-27T16:16:38.137] [DEBUG] debug-file - Module 'entry' target 'ohosTest' build option initialized
[2026-04-27T16:16:38.138] [DEBUG] debug-file - End initialize module-target build option map, moduleName=entry
[2026-04-27T16:16:38.138] [DEBUG] debug-file - Start initialize module-target build option map, moduleName=entry, buildMode=debug
[2026-04-27T16:16:38.138] [DEBUG] debug-file - Target 'default' config initialized
[2026-04-27T16:16:38.138] [DEBUG] debug-file - Target 'ohosTest' config initialized
[2026-04-27T16:16:38.138] [DEBUG] debug-file - Module 'entry' target 'default' build option initialized
[2026-04-27T16:16:38.139] [DEBUG] debug-file - Module 'entry' target 'ohosTest' build option initialized
[2026-04-27T16:16:38.139] [DEBUG] debug-file - End initialize module-target build option map, moduleName=entry
[2026-04-27T16:16:38.139] [DEBUG] debug-file - Obtain build option for module 'entry' target 'default'in this build.
[2026-04-27T16:16:38.144] [DEBUG] debug-file - Module entry task initialization takes 4 ms 
[2026-04-27T16:16:38.144] [DEBUG] debug-file - Hap plugin register hook start...
[2026-04-27T16:16:38.144] [DEBUG] debug-file - Hap plugin register hook end...
[2026-04-27T16:16:38.144] [DEBUG] debug-file - Plugin build process completed
[2026-04-27T16:16:38.144] [DEBUG] debug-file - hvigorfile, binding custom plugins []
[2026-04-27T16:16:38.144] [DEBUG] debug-file - hvigorfile, no custom plugins were found in C:\Users\lzf\Desktop\health_-service_-kit_-sample-code-master\health_-service_-kit_-sample-code-master\entry\hvigorfile.ts
[2026-04-27T16:16:38.144] [DEBUG] debug-file - hvigorfile, resolve finished C:\Users\lzf\Desktop\health_-service_-kit_-sample-code-master\health_-service_-kit_-sample-code-master\entry\hvigorfile.ts
[2026-04-27T16:16:38.161] [DEBUG] debug-file - hvigorfile, resolve hvigorfile dependencies in 17 ms 
[2026-04-27T16:16:38.161] [DEBUG] debug-file - project has submodules:entry
[2026-04-27T16:16:38.164] [DEBUG] debug-file - start to load updatedOhPackageInfo to the disk
[2026-04-27T16:16:38.171] [DEBUG] debug-file - load to the disk finished
[2026-04-27T16:16:38.172] [DEBUG] debug-file - Start to initialize dependency information.
[2026-04-27T16:16:38.178] [DEBUG] debug-file - Module health_-service_-kit_-sample-code-master Collected Dependency: 
[2026-04-27T16:16:38.178] [DEBUG] debug-file - Module health_-service_-kit_-sample-code-master's total dependency: 0
[2026-04-27T16:16:38.180] [DEBUG] debug-file - Start to initialize dependency information.
[2026-04-27T16:16:38.183] [DEBUG] debug-file - Module entry Collected Dependency: 
[2026-04-27T16:16:38.183] [DEBUG] debug-file - Module entry's total dependency: 0
[2026-04-27T16:16:38.188] [DEBUG] debug-file - Configuration phase cost:2 s 228 ms 
[2026-04-27T16:16:38.191] [DEBUG] debug-file - Configuration task cost before running: 2 s 242 ms 
[2026-04-27T16:16:38.198] [DEBUG] debug-file - Executing task :entry:default@PreBuild
[2026-04-27T16:16:38.199] [WARN] debug-file - The project has not explicitly set the 'targetSdkVersion' version at build-profile.json5. It is recommended to configure it. Reference: https://developer.huawei.com/consumer/cn/doc/harmonyos-guides/ide-hvigor-build-profile-app#section45865492619
[2026-04-27T16:16:38.200] [DEBUG] debug-file - Task 'entry:default@PreBuild' cost while wrapping incremental declarations: 1 ms 
[2026-04-27T16:16:38.216] [DEBUG] debug-file - Incremental task entry:default@PreBuild pre-execution cost: 11 ms .
[2026-04-27T16:16:38.216] [DEBUG] debug-file - entry : default@PreBuild cost memory -12.446853637695312
[2026-04-27T16:16:38.219] [INFO] debug-file - UP-TO-DATE :entry:default@PreBuild...  
[2026-04-27T16:16:38.220] [DEBUG] debug-file - Executing task :entry:default@CreateModuleInfo
[2026-04-27T16:16:38.221] [DEBUG] debug-file - Task 'entry:default@CreateModuleInfo' cost while wrapping incremental declarations: 1 ms 
[2026-04-27T16:16:38.221] [DEBUG] debug-file - entry : default@CreateModuleInfo cost memory 0.04323577880859375
[2026-04-27T16:16:38.221] [DEBUG] debug-file - runTaskFromQueue task cost before running: 2 s 273 ms 
[2026-04-27T16:16:38.222] [INFO] debug-file - Finished :entry:default@CreateModuleInfo... after 2 ms 
[2026-04-27T16:16:38.223] [DEBUG] debug-file - Executing task :entry:default@GenerateMetadata
[2026-04-27T16:16:38.224] [DEBUG] debug-file - Task 'entry:default@GenerateMetadata' cost while wrapping incremental declarations: 1 ms 
[2026-04-27T16:16:38.227] [DEBUG] debug-file - Incremental task entry:default@GenerateMetadata pre-execution cost: 3 ms .
[2026-04-27T16:16:38.227] [DEBUG] debug-file - entry : default@GenerateMetadata cost memory 0.09870147705078125
[2026-04-27T16:16:38.227] [INFO] debug-file - UP-TO-DATE :entry:default@GenerateMetadata...  
[2026-04-27T16:16:38.229] [DEBUG] debug-file - Executing task :entry:default@ConfigureCmake
[2026-04-27T16:16:38.229] [DEBUG] debug-file - entry : default@ConfigureCmake cost memory 0.014556884765625
[2026-04-27T16:16:38.229] [DEBUG] debug-file - runTaskFromQueue task cost before running: 2 s 280 ms 
[2026-04-27T16:16:38.229] [INFO] debug-file - Finished :entry:default@ConfigureCmake... after 1 ms 
[2026-04-27T16:16:38.231] [DEBUG] debug-file - Executing task :entry:default@MergeProfile
[2026-04-27T16:16:38.232] [DEBUG] debug-file - Task 'entry:default@MergeProfile' cost while wrapping incremental declarations: 1 ms 
[2026-04-27T16:16:38.235] [DEBUG] debug-file - Incremental task entry:default@MergeProfile pre-execution cost: 3 ms .
[2026-04-27T16:16:38.235] [DEBUG] debug-file - entry : default@MergeProfile cost memory 0.14601898193359375
[2026-04-27T16:16:38.236] [INFO] debug-file - UP-TO-DATE :entry:default@MergeProfile...  
[2026-04-27T16:16:38.238] [DEBUG] debug-file - Executing task :entry:default@CreateBuildProfile
[2026-04-27T16:16:38.239] [DEBUG] debug-file - Task 'entry:default@CreateBuildProfile' cost while wrapping incremental declarations: 1 ms 
[2026-04-27T16:16:38.241] [DEBUG] debug-file - Incremental task entry:default@CreateBuildProfile pre-execution cost: 2 ms .
[2026-04-27T16:16:38.241] [DEBUG] debug-file - entry : default@CreateBuildProfile cost memory 0.11002349853515625
[2026-04-27T16:16:38.241] [INFO] debug-file - UP-TO-DATE :entry:default@CreateBuildProfile...  
[2026-04-27T16:16:38.242] [DEBUG] debug-file - Executing task :entry:default@PreCheckSyscap
[2026-04-27T16:16:38.243] [DEBUG] debug-file - entry : default@PreCheckSyscap cost memory 0.01479339599609375
[2026-04-27T16:16:38.243] [DEBUG] debug-file - runTaskFromQueue task cost before running: 2 s 294 ms 
[2026-04-27T16:16:38.243] [INFO] debug-file - Finished :entry:default@PreCheckSyscap... after 1 ms 
[2026-04-27T16:16:38.245] [DEBUG] debug-file - Executing task :entry:default@GeneratePkgContextInfo
[2026-04-27T16:16:38.255] [DEBUG] debug-file - Task 'entry:default@GeneratePkgContextInfo' cost while wrapping incremental declarations: 1 ms 
[2026-04-27T16:16:38.256] [DEBUG] debug-file - entry : default@GeneratePkgContextInfo cost memory 0.5142898559570312
[2026-04-27T16:16:38.257] [DEBUG] debug-file - runTaskFromQueue task cost before running: 2 s 308 ms 
[2026-04-27T16:16:38.257] [INFO] debug-file - Finished :entry:default@GeneratePkgContextInfo... after 12 ms 
[2026-04-27T16:16:38.263] [DEBUG] debug-file - Executing task :entry:default@ProcessIntegratedHsp
[2026-04-27T16:16:38.265] [DEBUG] debug-file - entry:default@ProcessIntegratedHsp is not up-to-date, since the output file 'C:\Users\lzf\Desktop\health_-service_-kit_-sample-code-master\health_-service_-kit_-sample-code-master\build\cache\default\integrated_hsp\integratedHspCache.json' does not exist.
[2026-04-27T16:16:38.265] [DEBUG] debug-file - Incremental task entry:default@ProcessIntegratedHsp pre-execution cost: 1 ms .
[2026-04-27T16:16:38.266] [DEBUG] debug-file - entry : default@ProcessIntegratedHsp cost memory 0.0637359619140625
[2026-04-27T16:16:38.266] [DEBUG] debug-file - runTaskFromQueue task cost before running: 2 s 317 ms 
[2026-04-27T16:16:38.266] [INFO] debug-file - Finished :entry:default@ProcessIntegratedHsp... after 3 ms 
[2026-04-27T16:16:38.270] [DEBUG] debug-file - Executing task :entry:default@BuildNativeWithCmake
[2026-04-27T16:16:38.271] [DEBUG] debug-file - entry : default@BuildNativeWithCmake cost memory 0.01495361328125
[2026-04-27T16:16:38.272] [DEBUG] debug-file - runTaskFromQueue task cost before running: 2 s 323 ms 
[2026-04-27T16:16:38.272] [INFO] debug-file - Finished :entry:default@BuildNativeWithCmake... after 2 ms 
[2026-04-27T16:16:38.276] [DEBUG] debug-file - Executing task :entry:default@MakePackInfo
[2026-04-27T16:16:38.279] [DEBUG] debug-file - Incremental task entry:default@MakePackInfo pre-execution cost: 3 ms .
[2026-04-27T16:16:38.280] [DEBUG] debug-file - entry : default@MakePackInfo cost memory 0.1259002685546875
[2026-04-27T16:16:38.280] [INFO] debug-file - UP-TO-DATE :entry:default@MakePackInfo...  
[2026-04-27T16:16:38.282] [DEBUG] debug-file - Executing task :entry:default@SyscapTransform
[2026-04-27T16:16:38.282] [DEBUG] debug-file - File: 'C:\Users\lzf\Desktop\health_-service_-kit_-sample-code-master\health_-service_-kit_-sample-code-master\entry\src\main\syscap.json' from 'sysCapJsonPath' is not exists, just ignore.
[2026-04-27T16:16:38.283] [DEBUG] debug-file - Task 'entry:default@SyscapTransform' cost while wrapping incremental declarations: 2 ms 
[2026-04-27T16:16:38.297] [DEBUG] debug-file - entry:default@SyscapTransform is not up-to-date, since the output file 'C:\Users\lzf\Desktop\health_-service_-kit_-sample-code-master\health_-service_-kit_-sample-code-master\entry\build\default\intermediates\syscap\default\rpcid.sc' does not exist.
[2026-04-27T16:16:38.297] [DEBUG] debug-file - Incremental task entry:default@SyscapTransform pre-execution cost: 14 ms .
[2026-04-27T16:16:38.298] [DEBUG] debug-file - entry : default@SyscapTransform cost memory 0.16379547119140625
[2026-04-27T16:16:38.298] [DEBUG] debug-file - runTaskFromQueue task cost before running: 2 s 349 ms 
[2026-04-27T16:16:38.298] [INFO] debug-file - Finished :entry:default@SyscapTransform... after 16 ms 
[2026-04-27T16:16:38.300] [DEBUG] debug-file - Executing task :entry:default@ProcessProfile
[2026-04-27T16:16:38.302] [DEBUG] debug-file - Task 'entry:default@ProcessProfile' cost while wrapping incremental declarations: 1 ms 
[2026-04-27T16:16:38.303] [DEBUG] debug-file - Incremental task entry:default@ProcessProfile pre-execution cost: 1 ms .
[2026-04-27T16:16:38.303] [DEBUG] debug-file - entry : default@ProcessProfile cost memory 0.14014434814453125
[2026-04-27T16:16:38.303] [INFO] debug-file - UP-TO-DATE :entry:default@ProcessProfile...  
[2026-04-27T16:16:38.305] [DEBUG] debug-file - Executing task :entry:default@ProcessRouterMap
[2026-04-27T16:16:38.311] [DEBUG] debug-file - Incremental task entry:default@ProcessRouterMap pre-execution cost: 4 ms .
[2026-04-27T16:16:38.311] [DEBUG] debug-file - entry : default@ProcessRouterMap cost memory 0.16162872314453125
[2026-04-27T16:16:38.311] [INFO] debug-file - UP-TO-DATE :entry:default@ProcessRouterMap...  
[2026-04-27T16:16:38.313] [DEBUG] debug-file - Executing task :entry:default@ProcessShareConfig
[2026-04-27T16:16:38.315] [DEBUG] debug-file - Incremental task entry:default@ProcessShareConfig pre-execution cost: 2 ms .
[2026-04-27T16:16:38.315] [DEBUG] debug-file - entry : default@ProcessShareConfig cost memory 0.13330841064453125
[2026-04-27T16:16:38.316] [INFO] debug-file - UP-TO-DATE :entry:default@ProcessShareConfig...  
[2026-04-27T16:16:38.317] [DEBUG] debug-file - Executing task :entry:default@ProcessStartupConfig
[2026-04-27T16:16:38.317] [DEBUG] debug-file - Task 'entry:default@ProcessStartupConfig' cost while wrapping incremental declarations: 1 ms 
[2026-04-27T16:16:38.318] [DEBUG] debug-file - entry:default@ProcessStartupConfig is not up-to-date, since the output file 'C:\Users\lzf\Desktop\health_-service_-kit_-sample-code-master\health_-service_-kit_-sample-code-master\entry\build\default\intermediates\startup\default\startup_config.json' does not exist.
[2026-04-27T16:16:38.318] [DEBUG] debug-file - Incremental task entry:default@ProcessStartupConfig pre-execution cost: 1 ms .
[2026-04-27T16:16:38.319] [DEBUG] debug-file - entry : default@ProcessStartupConfig cost memory 0.10700225830078125
[2026-04-27T16:16:38.319] [DEBUG] debug-file - runTaskFromQueue task cost before running: 2 s 370 ms 
[2026-04-27T16:16:38.319] [INFO] debug-file - Finished :entry:default@ProcessStartupConfig... after 2 ms 
[2026-04-27T16:16:38.320] [DEBUG] debug-file - Executing task :entry:default@BuildNativeWithNinja
[2026-04-27T16:16:38.321] [DEBUG] debug-file - entry : default@BuildNativeWithNinja cost memory 0.05475616455078125
[2026-04-27T16:16:38.321] [DEBUG] debug-file - runTaskFromQueue task cost before running: 2 s 372 ms 
[2026-04-27T16:16:38.321] [INFO] debug-file - Finished :entry:default@BuildNativeWithNinja... after 1 ms 
[2026-04-27T16:16:38.323] [DEBUG] debug-file - restool module names: entry; moduleName=entry, taskName=default@ProcessResource
[2026-04-27T16:16:38.327] [DEBUG] debug-file - Executing task :entry:default@ProcessResource
[2026-04-27T16:16:38.328] [DEBUG] debug-file - Task 'entry:default@ProcessResource' cost while wrapping incremental declarations: 1 ms 
[2026-04-27T16:16:38.330] [DEBUG] debug-file - Incremental task entry:default@ProcessResource pre-execution cost: 2 ms .
[2026-04-27T16:16:38.331] [DEBUG] debug-file - entry : default@ProcessResource cost memory 0.15557098388671875
[2026-04-27T16:16:38.333] [INFO] debug-file - UP-TO-DATE :entry:default@ProcessResource...  
[2026-04-27T16:16:38.335] [DEBUG] debug-file - Executing task :entry:default@GenerateLoaderJson
[2026-04-27T16:16:38.337] [DEBUG] debug-file - Task 'entry:default@GenerateLoaderJson' cost while wrapping incremental declarations: 1 ms 
[2026-04-27T16:16:38.348] [DEBUG] debug-file - Incremental task entry:default@GenerateLoaderJson pre-execution cost: 6 ms .
[2026-04-27T16:16:38.348] [DEBUG] debug-file - entry : default@GenerateLoaderJson cost memory 0.6092529296875
[2026-04-27T16:16:38.351] [INFO] debug-file - UP-TO-DATE :entry:default@GenerateLoaderJson...  
[2026-04-27T16:16:38.352] [DEBUG] debug-file - Executing task :entry:default@ProcessLibs
[2026-04-27T16:16:38.355] [DEBUG] debug-file - Incremental task entry:default@ProcessLibs pre-execution cost: 2 ms .
[2026-04-27T16:16:38.355] [DEBUG] debug-file - entry : default@ProcessLibs cost memory 0.12586212158203125
[2026-04-27T16:16:38.355] [INFO] debug-file - UP-TO-DATE :entry:default@ProcessLibs...  
[2026-04-27T16:16:38.357] [DEBUG] debug-file - restool module names: entry; moduleName=entry, taskName=default@CompileResource
[2026-04-27T16:16:38.357] [DEBUG] debug-file - Executing task :entry:default@CompileResource
[2026-04-27T16:16:38.371] [DEBUG] debug-file - Incremental task entry:default@CompileResource pre-execution cost: 12 ms .
[2026-04-27T16:16:38.371] [DEBUG] debug-file - entry : default@CompileResource cost memory 0.7145767211914062
[2026-04-27T16:16:38.373] [INFO] debug-file - UP-TO-DATE :entry:default@CompileResource...  
[2026-04-27T16:16:38.374] [DEBUG] debug-file - Executing task :entry:default@DoNativeStrip
[2026-04-27T16:16:38.374] [DEBUG] debug-file - Task 'entry:default@DoNativeStrip' cost while wrapping incremental declarations: 1 ms 
[2026-04-27T16:16:38.376] [DEBUG] debug-file - Incremental task entry:default@DoNativeStrip pre-execution cost: 2 ms .
[2026-04-27T16:16:38.376] [DEBUG] debug-file - entry : default@DoNativeStrip cost memory 0.0894622802734375
[2026-04-27T16:16:38.376] [INFO] debug-file - UP-TO-DATE :entry:default@DoNativeStrip...  
[2026-04-27T16:16:38.378] [DEBUG] debug-file - Executing task :entry:default@CompileArkTS
[2026-04-27T16:16:38.379] [DEBUG] debug-file - obfuscationOptions: undefined
[2026-04-27T16:16:38.381] [DEBUG] debug-file - Task 'entry:default@CompileArkTS' cost while wrapping incremental declarations: 1 ms 
[2026-04-27T16:16:38.393] [DEBUG] debug-file - Incremental task entry:default@CompileArkTS pre-execution cost: 10 ms .
[2026-04-27T16:16:38.393] [DEBUG] debug-file - entry : default@CompileArkTS cost memory 1.025299072265625
[2026-04-27T16:16:38.394] [INFO] debug-file - UP-TO-DATE :entry:default@CompileArkTS...  
[2026-04-27T16:16:38.396] [DEBUG] debug-file - Executing task :entry:default@BuildJS
[2026-04-27T16:16:38.396] [DEBUG] debug-file - Task 'entry:default@BuildJS' cost while wrapping incremental declarations: 1 ms 
[2026-04-27T16:16:38.399] [DEBUG] debug-file - entry : default@BuildJS cost memory 0.17193603515625
[2026-04-27T16:16:38.399] [DEBUG] debug-file - runTaskFromQueue task cost before running: 2 s 450 ms 
[2026-04-27T16:16:38.399] [INFO] debug-file - Finished :entry:default@BuildJS... after 3 ms 
[2026-04-27T16:16:38.401] [DEBUG] debug-file - Executing task :entry:default@CacheNativeLibs
[2026-04-27T16:16:38.401] [DEBUG] debug-file - Task 'entry:default@CacheNativeLibs' cost while wrapping incremental declarations: 1 ms 
[2026-04-27T16:16:38.403] [DEBUG] debug-file - Incremental task entry:default@CacheNativeLibs pre-execution cost: 2 ms .
[2026-04-27T16:16:38.403] [DEBUG] debug-file - entry : default@CacheNativeLibs cost memory 0.1074371337890625
[2026-04-27T16:16:38.403] [INFO] debug-file - UP-TO-DATE :entry:default@CacheNativeLibs...  
[2026-04-27T16:16:38.405] [DEBUG] debug-file - Executing task :entry:default@GeneratePkgModuleJson
[2026-04-27T16:16:38.405] [DEBUG] debug-file - File: 'C:\Users\lzf\Desktop\health_-service_-kit_-sample-code-master\health_-service_-kit_-sample-code-master\entry\build\default\intermediates\preload\default\preload.json' from 'preloadSoJsonPath' is not exists, just ignore.
[2026-04-27T16:16:38.406] [DEBUG] debug-file - Error occurs while handling @Input 'shouldDeduplicateHar': The "data" argument must be of type string or an instance of Buffer, TypedArray, or DataView. Received undefined
[2026-04-27T16:16:38.406] [DEBUG] debug-file - Task 'entry:default@GeneratePkgModuleJson' cost while wrapping incremental declarations: 2 ms 
[2026-04-27T16:16:38.408] [DEBUG] debug-file - Incremental task entry:default@GeneratePkgModuleJson pre-execution cost: 1 ms .
[2026-04-27T16:16:38.408] [DEBUG] debug-file - entry : default@GeneratePkgModuleJson cost memory 0.11722564697265625
[2026-04-27T16:16:38.408] [INFO] debug-file - UP-TO-DATE :entry:default@GeneratePkgModuleJson...  
[2026-04-27T16:16:38.409] [DEBUG] debug-file - Executing task :entry:default@ProcessCompiledResources
[2026-04-27T16:16:38.410] [DEBUG] debug-file - File: 'C:\Users\lzf\Desktop\health_-service_-kit_-sample-code-master\health_-service_-kit_-sample-code-master\entry\build\default\intermediates\preload\default\preload.json' from 'preloadSoJsonPath' is not exists, just ignore.
[2026-04-27T16:16:38.410] [DEBUG] debug-file - Task 'entry:default@ProcessCompiledResources' cost while wrapping incremental declarations: 1 ms 
[2026-04-27T16:16:38.412] [DEBUG] debug-file - entry : default@ProcessCompiledResources cost memory 0.24161529541015625
[2026-04-27T16:16:38.412] [DEBUG] debug-file - runTaskFromQueue task cost before running: 2 s 463 ms 
[2026-04-27T16:16:38.412] [INFO] debug-file - Finished :entry:default@ProcessCompiledResources... after 3 ms 
[2026-04-27T16:16:38.415] [DEBUG] debug-file - Executing task :entry:default@PackageHap
[2026-04-27T16:16:38.423] [DEBUG] debug-file - Incremental task entry:default@PackageHap pre-execution cost: 7 ms .
[2026-04-27T16:16:38.424] [DEBUG] debug-file - entry : default@PackageHap cost memory 0.4737396240234375
[2026-04-27T16:16:38.424] [INFO] debug-file - UP-TO-DATE :entry:default@PackageHap...  
[2026-04-27T16:16:38.426] [DEBUG] debug-file - Executing task :entry:default@PackingCheck
[2026-04-27T16:16:38.432] [DEBUG] debug-file - entry : default@PackingCheck cost memory 0.34307861328125
[2026-04-27T16:16:38.432] [DEBUG] debug-file - runTaskFromQueue task cost before running: 2 s 483 ms 
[2026-04-27T16:16:38.432] [INFO] debug-file - Finished :entry:default@PackingCheck... after 7 ms 
[2026-04-27T16:16:38.434] [DEBUG] debug-file - Executing task :entry:default@SignHap
[2026-04-27T16:16:38.434] [WARN] debug-file - Will skip sign 'hos_hap'. No signingConfigs profile is configured in current project.
             If needed, configure the signingConfigs in C:\Users\lzf\Desktop\health_-service_-kit_-sample-code-master\health_-service_-kit_-sample-code-master\build-profile.json5.
[2026-04-27T16:16:38.436] [DEBUG] debug-file - entry:default@SignHap is not up-to-date, since the output file 'C:\Users\lzf\Desktop\health_-service_-kit_-sample-code-master\health_-service_-kit_-sample-code-master\entry\build\default\outputs\default\entry-default-signed.hap' does not exist.
[2026-04-27T16:16:38.436] [DEBUG] debug-file - Incremental task entry:default@SignHap pre-execution cost: 2 ms .
[2026-04-27T16:16:38.437] [DEBUG] debug-file - entry : default@SignHap cost memory 0.10327911376953125
[2026-04-27T16:16:38.438] [DEBUG] debug-file - runTaskFromQueue task cost before running: 2 s 489 ms 
[2026-04-27T16:16:38.438] [INFO] debug-file - Finished :entry:default@SignHap... after 4 ms 
[2026-04-27T16:16:38.440] [DEBUG] debug-file - Executing task :entry:default@CollectDebugSymbol
[2026-04-27T16:16:38.442] [DEBUG] debug-file - entry : default@CollectDebugSymbol cost memory 0.11345672607421875
[2026-04-27T16:16:38.442] [DEBUG] debug-file - runTaskFromQueue task cost before running: 2 s 494 ms 
[2026-04-27T16:16:38.443] [INFO] debug-file - Finished :entry:default@CollectDebugSymbol... after 3 ms 
[2026-04-27T16:16:38.443] [DEBUG] debug-file - Executing task :entry:assembleHap
[2026-04-27T16:16:38.443] [DEBUG] debug-file - entry : assembleHap cost memory 0.0128326416015625
[2026-04-27T16:16:38.443] [DEBUG] debug-file - runTaskFromQueue task cost before running: 2 s 494 ms 
[2026-04-27T16:16:38.444] [INFO] debug-file - Finished :entry:assembleHap... after 1 ms 
[2026-04-27T16:16:38.454] [INFO] debug-file - BUILD SUCCESSFUL in 2 s 505 ms 
[2026-04-27T16:16:38.455] [DEBUG] debug-file - There is no need to refresh cache, since the incremental task entry:default@PreBuild is up-to-date.
[2026-04-27T16:16:38.455] [DEBUG] debug-file - Update task entry:default@CreateModuleInfo output file:C:\Users\lzf\Desktop\health_-service_-kit_-sample-code-master\health_-service_-kit_-sample-code-master\entry\build\default\generated\profile\default\ModuleInfo.ts cache.
[2026-04-27T16:16:38.456] [DEBUG] debug-file - Incremental task entry:default@CreateModuleInfo post-execution cost:1 ms .
[2026-04-27T16:16:38.456] [DEBUG] debug-file - There is no need to refresh cache, since the incremental task entry:default@GenerateMetadata is up-to-date.
[2026-04-27T16:16:38.456] [DEBUG] debug-file - There is no need to refresh cache, since the incremental task entry:default@MergeProfile is up-to-date.
[2026-04-27T16:16:38.456] [DEBUG] debug-file - There is no need to refresh cache, since the incremental task entry:default@CreateBuildProfile is up-to-date.
[2026-04-27T16:16:38.456] [DEBUG] debug-file - Update task entry:default@GeneratePkgContextInfo output file:C:\Users\lzf\Desktop\health_-service_-kit_-sample-code-master\health_-service_-kit_-sample-code-master\entry\build\default\intermediates\loader\default\pkgContextInfo.json cache.
[2026-04-27T16:16:38.457] [DEBUG] debug-file - Incremental task entry:default@GeneratePkgContextInfo post-execution cost:1 ms .
[2026-04-27T16:16:38.457] [DEBUG] debug-file - Update task entry:default@ProcessIntegratedHsp output file:C:\Users\lzf\Desktop\health_-service_-kit_-sample-code-master\health_-service_-kit_-sample-code-master\build\cache\default\integrated_hsp\integratedHspCache.json cache.
[2026-04-27T16:16:38.457] [DEBUG] debug-file - Incremental task entry:default@ProcessIntegratedHsp post-execution cost:1 ms .
[2026-04-27T16:16:38.457] [DEBUG] debug-file - There is no need to refresh cache, since the incremental task entry:default@MakePackInfo is up-to-date.
[2026-04-27T16:16:38.457] [DEBUG] debug-file - Update task entry:default@SyscapTransform input file:D:\DevEco Studio\sdk\default\openharmony\toolchains\syscap_tool.exe cache by regenerate.
[2026-04-27T16:16:38.458] [DEBUG] debug-file - Update task entry:default@SyscapTransform input file:D:\DevEco Studio\sdk\default\openharmony\ets\api\device-define cache by regenerate.
[2026-04-27T16:16:38.460] [DEBUG] debug-file - Update task entry:default@SyscapTransform output file:C:\Users\lzf\Desktop\health_-service_-kit_-sample-code-master\health_-service_-kit_-sample-code-master\entry\build\default\intermediates\syscap\default\rpcid.sc cache.
[2026-04-27T16:16:38.460] [DEBUG] debug-file - Incremental task entry:default@SyscapTransform post-execution cost:3 ms .
[2026-04-27T16:16:38.460] [DEBUG] debug-file - There is no need to refresh cache, since the incremental task entry:default@ProcessProfile is up-to-date.
[2026-04-27T16:16:38.460] [DEBUG] debug-file - There is no need to refresh cache, since the incremental task entry:default@ProcessRouterMap is up-to-date.
[2026-04-27T16:16:38.460] [DEBUG] debug-file - There is no need to refresh cache, since the incremental task entry:default@ProcessShareConfig is up-to-date.
[2026-04-27T16:16:38.461] [DEBUG] debug-file - Update task entry:default@ProcessStartupConfig output file:C:\Users\lzf\Desktop\health_-service_-kit_-sample-code-master\health_-service_-kit_-sample-code-master\entry\build\default\intermediates\startup\default\startup_config.json cache.
[2026-04-27T16:16:38.461] [DEBUG] debug-file - Incremental task entry:default@ProcessStartupConfig post-execution cost:1 ms .
[2026-04-27T16:16:38.461] [DEBUG] debug-file - There is no need to refresh cache, since the incremental task entry:default@ProcessResource is up-to-date.
[2026-04-27T16:16:38.461] [DEBUG] debug-file - There is no need to refresh cache, since the incremental task entry:default@GenerateLoaderJson is up-to-date.
[2026-04-27T16:16:38.461] [DEBUG] debug-file - There is no need to refresh cache, since the incremental task entry:default@ProcessLibs is up-to-date.
[2026-04-27T16:16:38.461] [DEBUG] debug-file - There is no need to refresh cache, since the incremental task entry:default@CompileResource is up-to-date.
[2026-04-27T16:16:38.461] [DEBUG] debug-file - There is no need to refresh cache, since the incremental task entry:default@DoNativeStrip is up-to-date.
[2026-04-27T16:16:38.461] [DEBUG] debug-file - There is no need to refresh cache, since the incremental task entry:default@CompileArkTS is up-to-date.
[2026-04-27T16:16:38.463] [DEBUG] debug-file - Update task entry:default@BuildJS input file:C:\Users\lzf\Desktop\health_-service_-kit_-sample-code-master\health_-service_-kit_-sample-code-master\entry\build\default\intermediates\loader\default cache by regenerate.
[2026-04-27T16:16:38.463] [DEBUG] debug-file - Update task entry:default@BuildJS input file:C:\Users\lzf\Desktop\health_-service_-kit_-sample-code-master\health_-service_-kit_-sample-code-master\entry\build\default\intermediates\res\default\ResourceTable.txt cache by regenerate.
[2026-04-27T16:16:38.464] [DEBUG] debug-file - Update task entry:default@BuildJS input file:C:\Users\lzf\Desktop\health_-service_-kit_-sample-code-master\health_-service_-kit_-sample-code-master\entry\build\default\intermediates\res\default\ark_module.json cache by regenerate.
[2026-04-27T16:16:38.464] [DEBUG] debug-file - Update task entry:default@BuildJS input file:C:\Users\lzf\Desktop\health_-service_-kit_-sample-code-master\health_-service_-kit_-sample-code-master\entry\build\default\intermediates\res\default\resources\base\profile cache by regenerate.
[2026-04-27T16:16:38.465] [DEBUG] debug-file - Update task entry:default@BuildJS output file:C:\Users\lzf\Desktop\health_-service_-kit_-sample-code-master\health_-service_-kit_-sample-code-master\entry\build\default\intermediates\loader_out\default\js cache.
[2026-04-27T16:16:38.465] [DEBUG] debug-file - Incremental task entry:default@BuildJS post-execution cost:4 ms .
[2026-04-27T16:16:38.465] [DEBUG] debug-file - There is no need to refresh cache, since the incremental task entry:default@CacheNativeLibs is up-to-date.
[2026-04-27T16:16:38.465] [DEBUG] debug-file - There is no need to refresh cache, since the incremental task entry:default@GeneratePkgModuleJson is up-to-date.
[2026-04-27T16:16:38.465] [DEBUG] debug-file - Incremental task entry:default@ProcessCompiledResources post-execution cost:1 ms .
[2026-04-27T16:16:38.465] [DEBUG] debug-file - There is no need to refresh cache, since the incremental task entry:default@PackageHap is up-to-date.
[2026-04-27T16:16:38.466] [DEBUG] debug-file - Update task entry:default@SignHap input file:C:\Users\lzf\Desktop\health_-service_-kit_-sample-code-master\health_-service_-kit_-sample-code-master\entry\build\default\outputs\default\entry-default-unsigned.hap cache by regenerate.
[2026-04-27T16:16:38.466] [DEBUG] debug-file - Update task entry:default@SignHap output file:C:\Users\lzf\Desktop\health_-service_-kit_-sample-code-master\health_-service_-kit_-sample-code-master\entry\build\default\outputs\default\entry-default-signed.hap cache.
[2026-04-27T16:16:38.467] [DEBUG] debug-file - Incremental task entry:default@SignHap post-execution cost:2 ms .
[2026-04-27T16:16:38.467] [DEBUG] debug-file - Update task entry:default@CollectDebugSymbol input file:C:\Users\lzf\Desktop\health_-service_-kit_-sample-code-master\health_-service_-kit_-sample-code-master\entry\build\default\intermediates\loader_out\default\ets\sourceMaps.map cache by regenerate.
[2026-04-27T16:16:38.468] [DEBUG] debug-file - Update task entry:default@CollectDebugSymbol input file:C:\Users\lzf\Desktop\health_-service_-kit_-sample-code-master\health_-service_-kit_-sample-code-master\entry\build\default\intermediates\libs\default cache by regenerate.
[2026-04-27T16:16:38.468] [DEBUG] debug-file - Update task entry:default@CollectDebugSymbol output file:C:\Users\lzf\Desktop\health_-service_-kit_-sample-code-master\health_-service_-kit_-sample-code-master\entry\build\default\outputs\default\symbol cache.
[2026-04-27T16:16:38.468] [DEBUG] debug-file - Incremental task entry:default@CollectDebugSymbol post-execution cost:2 ms .
[2026-04-27T16:16:38.513] [DEBUG] debug-file - session manager: send message to worker process.
[2026-04-27T16:16:38.514] [DEBUG] debug-file - session manager: send message to worker process.
[2026-04-27T16:16:38.547] [DEBUG] debug-file - Cleanup worker 0.
[2026-04-27T16:16:38.547] [DEBUG] debug-file - Worker 0 has been cleaned up.
[2026-04-27T16:16:38.547] [DEBUG] debug-file - Current idle worker size: 1.
[2026-04-27T16:16:38.547] [DEBUG] debug-file - Current resident worker size: 2.
[2026-04-27T16:16:38.547] [DEBUG] debug-file - Cleanup worker 1.
[2026-04-27T16:16:38.547] [DEBUG] debug-file - Worker 1 has been cleaned up.
[2026-04-27T16:16:38.547] [DEBUG] debug-file - Current idle worker size: 0.
[2026-04-27T16:16:38.547] [DEBUG] debug-file - Current resident worker size: 2.
[2026-04-27T16:16:38.549] [DEBUG] debug-file - hvigor build process will be closed.
[2026-04-27T16:16:38.556] [DEBUG] debug-file - worker[0] exits with exit code 1.
[2026-04-27T16:16:38.557] [DEBUG] debug-file - worker[1] exits with exit code 1.
[2026-04-27T16:16:38.559] [DEBUG] debug-file - watch worker: worker id should be larger than 0. Nothing will be sent to any worker thread.
[2026-04-27T16:16:38.560] [DEBUG] debug-file - watch worker: worker id should be larger than 0. Nothing will be sent to any worker thread.
[2026-04-27T16:48:34.547] [DEBUG] debug-file - session manager: set active socket. socketId=OpawD3VEpiyO6kLUAAAD
[2026-04-27T16:48:34.556] [DEBUG] debug-file - watch worker: worker id should be larger than 0. Nothing will be sent to any worker thread.
[2026-04-27T16:48:34.564] [DEBUG] debug-file - Workers' log level updated to INFO
[2026-04-27T16:48:34.569] [DEBUG] debug-file - Hvigor init with startParameters:{
  hvigorfileTypeCheck: false,
  parallelExecution: true,
  incrementalExecution: true,
  printStackTrace: false,
  daemon: true,
  analyze: 0,
  logLevel: Level { level: 20000, levelStr: 'INFO', colour: 'green' },
  optimizationStrategy: 'memory',
  hotCompile: undefined,
  hotReloadBuild: undefined,
  customizedParam: undefined
}
[2026-04-27T16:48:34.575] [DEBUG] debug-file - Cache service initialization finished in 6 ms 
[2026-04-27T16:48:34.576] [DEBUG] debug-file - hvigorfile, resolving C:\Users\lzf\Desktop\health_-service_-kit_-sample-code-master\health_-service_-kit_-sample-code-master\hvigorfile.ts
[2026-04-27T16:48:34.587] [DEBUG] debug-file - hvigorfile, require result:  { default: { plugins: [] } }
[2026-04-27T16:48:34.587] [DEBUG] debug-file - hvigorfile, binding system plugins null
[2026-04-27T16:48:34.588] [DEBUG] debug-file - Starting plugin build process
[2026-04-27T16:48:34.588] [DEBUG] debug-file - App plugin prepare start...
[2026-04-27T16:48:34.588] [DEBUG] debug-file - App plugin prepare end...
[2026-04-27T16:48:34.588] [DEBUG] debug-file - App plugin creating...
[2026-04-27T16:48:34.596] [DEBUG] debug-file - App plugin register hook start...
[2026-04-27T16:48:34.596] [DEBUG] debug-file - App plugin register hook end...
[2026-04-27T16:48:34.596] [DEBUG] debug-file - Plugin build process completed
[2026-04-27T16:48:34.597] [DEBUG] debug-file - Start initialize project's product build option map with build mode debug.
[2026-04-27T16:48:34.597] [DEBUG] debug-file - Picking option from product 'default' with build mode 'debug'.
[2026-04-27T16:48:34.597] [DEBUG] debug-file - Product 'default' build option initialized
[2026-04-27T16:48:34.598] [DEBUG] debug-file - End initialize project's product build option map with build mode 'debug'.
[2026-04-27T16:48:34.598] [DEBUG] debug-file - Obtain build option for product 'default'in this build.
[2026-04-27T16:48:34.600] [DEBUG] debug-file - No signingConfig found, initRemoteHspCache failed.
[2026-04-27T16:48:34.603] [DEBUG] debug-file - Start recording SDK configuration permission data.
[2026-04-27T16:48:34.628] [DEBUG] debug-file - Sdk init in 27 ms 
[2026-04-27T16:48:34.631] [DEBUG] debug-file - Project task initialization takes 3 ms 
[2026-04-27T16:48:34.631] [DEBUG] debug-file - hvigorfile, binding custom plugins []
[2026-04-27T16:48:34.631] [DEBUG] debug-file - hvigorfile, no custom plugins were found in C:\Users\lzf\Desktop\health_-service_-kit_-sample-code-master\health_-service_-kit_-sample-code-master\hvigorfile.ts
[2026-04-27T16:48:34.631] [DEBUG] debug-file - hvigorfile, resolve finished C:\Users\lzf\Desktop\health_-service_-kit_-sample-code-master\health_-service_-kit_-sample-code-master\hvigorfile.ts
[2026-04-27T16:48:34.632] [DEBUG] debug-file - hvigorfile, resolving C:\Users\lzf\Desktop\health_-service_-kit_-sample-code-master\health_-service_-kit_-sample-code-master\entry\hvigorfile.ts
[2026-04-27T16:48:34.635] [DEBUG] debug-file - hvigorfile, require result:  { default: { plugins: [] } }
[2026-04-27T16:48:34.635] [DEBUG] debug-file - hvigorfile, binding system plugins null
[2026-04-27T16:48:34.635] [DEBUG] debug-file - Starting plugin build process
[2026-04-27T16:48:34.635] [DEBUG] debug-file - Hap plugin creating...
[2026-04-27T16:48:34.638] [DEBUG] debug-file - failed to load cangjie to dynamically generate schemas: Error: Cannot find module '@ohos/cangjie-build-support/index'
Require stack:
- D:\DevEco Studio\tools\hvigor\hvigor-ohos-plugin\src\plugin\hooks\cangjie-register.js
- D:\DevEco Studio\tools\hvigor\hvigor-ohos-plugin\src\plugin\strategy\stage-init-strategy.js
- D:\DevEco Studio\tools\hvigor\hvigor-ohos-plugin\src\plugin\builder\abstract-plugin-builder.js
- D:\DevEco Studio\tools\hvigor\hvigor-ohos-plugin\src\plugin\builder\app-plugin-builder.js
- D:\DevEco Studio\tools\hvigor\hvigor-ohos-plugin\src\plugin\factory\plugin-factory.js
- D:\DevEco Studio\tools\hvigor\hvigor-ohos-plugin\index.js
- C:\Users\lzf\Desktop\health_-service_-kit_-sample-code-master\health_-service_-kit_-sample-code-master\hvigorfile.ts
- D:\DevEco Studio\tools\hvigor\hvigor\src\base\internal\lifecycle\configuration.js
- D:\DevEco Studio\tools\hvigor\hvigor\src\base\boot\index.js
- D:\DevEco Studio\tools\hvigor\hvigor\src\base\daemon\cluster\worker-process-lifecycle.js
- D:\DevEco Studio\tools\hvigor\hvigor\src\base\daemon\process\daemon-process-boot-script.js
[2026-04-27T16:48:34.640] [DEBUG] debug-file - Start initialize module-target build option map, moduleName=entry, buildMode=debug
[2026-04-27T16:48:34.640] [DEBUG] debug-file - Target 'default' config initialized
[2026-04-27T16:48:34.640] [DEBUG] debug-file - Target 'ohosTest' config initialized
[2026-04-27T16:48:34.640] [DEBUG] debug-file - Module 'entry' target 'default' build option initialized
[2026-04-27T16:48:34.641] [DEBUG] debug-file - Module 'entry' target 'ohosTest' build option initialized
[2026-04-27T16:48:34.641] [DEBUG] debug-file - End initialize module-target build option map, moduleName=entry
[2026-04-27T16:48:34.641] [DEBUG] debug-file - Start initialize module-target build option map, moduleName=entry, buildMode=release
[2026-04-27T16:48:34.641] [DEBUG] debug-file - Target 'default' config initialized
[2026-04-27T16:48:34.642] [DEBUG] debug-file - Target 'ohosTest' config initialized
[2026-04-27T16:48:34.642] [DEBUG] debug-file - Module 'entry' target 'default' build option initialized
[2026-04-27T16:48:34.642] [DEBUG] debug-file - Module 'entry' target 'ohosTest' build option initialized
[2026-04-27T16:48:34.642] [DEBUG] debug-file - End initialize module-target build option map, moduleName=entry
[2026-04-27T16:48:34.642] [DEBUG] debug-file - Start initialize module-target build option map, moduleName=entry, buildMode=debug
[2026-04-27T16:48:34.642] [DEBUG] debug-file - Target 'default' config initialized
[2026-04-27T16:48:34.642] [DEBUG] debug-file - Target 'ohosTest' config initialized
[2026-04-27T16:48:34.642] [DEBUG] debug-file - Module 'entry' target 'default' build option initialized
[2026-04-27T16:48:34.642] [DEBUG] debug-file - Module 'entry' target 'ohosTest' build option initialized
[2026-04-27T16:48:34.642] [DEBUG] debug-file - End initialize module-target build option map, moduleName=entry
[2026-04-27T16:48:34.642] [DEBUG] debug-file - Obtain build option for module 'entry' target 'default'in this build.
[2026-04-27T16:48:34.644] [DEBUG] debug-file - Module entry task initialization takes 1 ms 
[2026-04-27T16:48:34.644] [DEBUG] debug-file - Hap plugin register hook start...
[2026-04-27T16:48:34.644] [DEBUG] debug-file - Hap plugin register hook end...
[2026-04-27T16:48:34.644] [DEBUG] debug-file - Plugin build process completed
[2026-04-27T16:48:34.644] [DEBUG] debug-file - hvigorfile, binding custom plugins []
[2026-04-27T16:48:34.644] [DEBUG] debug-file - hvigorfile, no custom plugins were found in C:\Users\lzf\Desktop\health_-service_-kit_-sample-code-master\health_-service_-kit_-sample-code-master\entry\hvigorfile.ts
[2026-04-27T16:48:34.644] [DEBUG] debug-file - hvigorfile, resolve finished C:\Users\lzf\Desktop\health_-service_-kit_-sample-code-master\health_-service_-kit_-sample-code-master\entry\hvigorfile.ts
[2026-04-27T16:48:34.664] [DEBUG] debug-file - hvigorfile, resolve hvigorfile dependencies in 20 ms 
[2026-04-27T16:48:34.664] [DEBUG] debug-file - project has submodules:entry
[2026-04-27T16:48:34.665] [DEBUG] debug-file - start to load updatedOhPackageInfo to the disk
[2026-04-27T16:48:34.671] [DEBUG] debug-file - load to the disk finished
[2026-04-27T16:48:34.671] [DEBUG] debug-file - Start to initialize dependency information.
[2026-04-27T16:48:34.675] [DEBUG] debug-file - Module health_-service_-kit_-sample-code-master Collected Dependency: 
[2026-04-27T16:48:34.676] [DEBUG] debug-file - Module health_-service_-kit_-sample-code-master's total dependency: 0
[2026-04-27T16:48:34.676] [DEBUG] debug-file - Start to initialize dependency information.
[2026-04-27T16:48:34.677] [DEBUG] debug-file - Module entry Collected Dependency: 
[2026-04-27T16:48:34.677] [DEBUG] debug-file - Module entry's total dependency: 0
[2026-04-27T16:48:34.679] [DEBUG] debug-file - Configuration phase cost:104 ms 
[2026-04-27T16:48:34.679] [DEBUG] debug-file - Configuration task cost before running: 114 ms 
[2026-04-27T16:48:34.682] [DEBUG] debug-file - Executing task :entry:default@PreBuild
[2026-04-27T16:48:34.683] [WARN] debug-file - The project has not explicitly set the 'targetSdkVersion' version at build-profile.json5. It is recommended to configure it. Reference: https://developer.huawei.com/consumer/cn/doc/harmonyos-guides/ide-hvigor-build-profile-app#section45865492619
[2026-04-27T16:48:34.683] [DEBUG] debug-file - Task 'entry:default@PreBuild' cost while wrapping incremental declarations: 1 ms 
[2026-04-27T16:48:34.688] [DEBUG] debug-file - Incremental task entry:default@PreBuild pre-execution cost: 4 ms .
[2026-04-27T16:48:34.688] [DEBUG] debug-file - entry : default@PreBuild cost memory 0.38397216796875
[2026-04-27T16:48:34.689] [INFO] debug-file - UP-TO-DATE :entry:default@PreBuild...  
[2026-04-27T16:48:34.690] [DEBUG] debug-file - Executing task :entry:default@CreateModuleInfo
[2026-04-27T16:48:34.690] [DEBUG] debug-file - Task 'entry:default@CreateModuleInfo' cost while wrapping incremental declarations: 1 ms 
[2026-04-27T16:48:34.691] [DEBUG] debug-file - entry : default@CreateModuleInfo cost memory 0.04290771484375
[2026-04-27T16:48:34.691] [DEBUG] debug-file - runTaskFromQueue task cost before running: 126 ms 
[2026-04-27T16:48:34.691] [INFO] debug-file - Finished :entry:default@CreateModuleInfo... after 1 ms 
[2026-04-27T16:48:34.692] [DEBUG] debug-file - Executing task :entry:default@GenerateMetadata
[2026-04-27T16:48:34.692] [DEBUG] debug-file - Task 'entry:default@GenerateMetadata' cost while wrapping incremental declarations: 1 ms 
[2026-04-27T16:48:34.694] [DEBUG] debug-file - Incremental task entry:default@GenerateMetadata pre-execution cost: 2 ms .
[2026-04-27T16:48:34.694] [DEBUG] debug-file - entry : default@GenerateMetadata cost memory -1.6152114868164062
[2026-04-27T16:48:34.695] [INFO] debug-file - UP-TO-DATE :entry:default@GenerateMetadata...  
[2026-04-27T16:48:34.695] [DEBUG] debug-file - Executing task :entry:default@ConfigureCmake
[2026-04-27T16:48:34.695] [DEBUG] debug-file - entry : default@ConfigureCmake cost memory 0.0152435302734375
[2026-04-27T16:48:34.695] [DEBUG] debug-file - runTaskFromQueue task cost before running: 130 ms 
[2026-04-27T16:48:34.696] [INFO] debug-file - Finished :entry:default@ConfigureCmake... after 1 ms 
[2026-04-27T16:48:34.696] [DEBUG] debug-file - Executing task :entry:default@MergeProfile
[2026-04-27T16:48:34.697] [DEBUG] debug-file - Task 'entry:default@MergeProfile' cost while wrapping incremental declarations: 1 ms 
[2026-04-27T16:48:34.698] [DEBUG] debug-file - Incremental task entry:default@MergeProfile pre-execution cost: 2 ms .
[2026-04-27T16:48:34.698] [DEBUG] debug-file - entry : default@MergeProfile cost memory 0.13367462158203125
[2026-04-27T16:48:34.698] [INFO] debug-file - UP-TO-DATE :entry:default@MergeProfile...  
[2026-04-27T16:48:34.699] [DEBUG] debug-file - Executing task :entry:default@CreateBuildProfile
[2026-04-27T16:48:34.699] [DEBUG] debug-file - Task 'entry:default@CreateBuildProfile' cost while wrapping incremental declarations: 1 ms 
[2026-04-27T16:48:34.700] [DEBUG] debug-file - Incremental task entry:default@CreateBuildProfile pre-execution cost: 1 ms .
[2026-04-27T16:48:34.700] [DEBUG] debug-file - entry : default@CreateBuildProfile cost memory 0.10178375244140625
[2026-04-27T16:48:34.700] [INFO] debug-file - UP-TO-DATE :entry:default@CreateBuildProfile...  
[2026-04-27T16:48:34.701] [DEBUG] debug-file - Executing task :entry:default@PreCheckSyscap
[2026-04-27T16:48:34.701] [DEBUG] debug-file - entry : default@PreCheckSyscap cost memory 0.01548004150390625
[2026-04-27T16:48:34.701] [DEBUG] debug-file - runTaskFromQueue task cost before running: 136 ms 
[2026-04-27T16:48:34.701] [INFO] debug-file - Finished :entry:default@PreCheckSyscap... after 1 ms 
[2026-04-27T16:48:34.702] [DEBUG] debug-file - Executing task :entry:default@GeneratePkgContextInfo
[2026-04-27T16:48:34.705] [DEBUG] debug-file - Task 'entry:default@GeneratePkgContextInfo' cost while wrapping incremental declarations: 1 ms 
[2026-04-27T16:48:34.705] [DEBUG] debug-file - entry : default@GeneratePkgContextInfo cost memory 0.26467132568359375
[2026-04-27T16:48:34.705] [DEBUG] debug-file - runTaskFromQueue task cost before running: 141 ms 
[2026-04-27T16:48:34.705] [INFO] debug-file - Finished :entry:default@GeneratePkgContextInfo... after 4 ms 
[2026-04-27T16:48:34.707] [DEBUG] debug-file - Executing task :entry:default@ProcessIntegratedHsp
[2026-04-27T16:48:34.708] [DEBUG] debug-file - entry:default@ProcessIntegratedHsp is not up-to-date, since the output file 'C:\Users\lzf\Desktop\health_-service_-kit_-sample-code-master\health_-service_-kit_-sample-code-master\build\cache\default\integrated_hsp\integratedHspCache.json' does not exist.
[2026-04-27T16:48:34.708] [DEBUG] debug-file - Incremental task entry:default@ProcessIntegratedHsp pre-execution cost: 1 ms .
[2026-04-27T16:48:34.708] [DEBUG] debug-file - entry : default@ProcessIntegratedHsp cost memory 0.06179046630859375
[2026-04-27T16:48:34.708] [DEBUG] debug-file - runTaskFromQueue task cost before running: 143 ms 
[2026-04-27T16:48:34.708] [INFO] debug-file - Finished :entry:default@ProcessIntegratedHsp... after 1 ms 
[2026-04-27T16:48:34.709] [DEBUG] debug-file - Executing task :entry:default@BuildNativeWithCmake
[2026-04-27T16:48:34.709] [DEBUG] debug-file - entry : default@BuildNativeWithCmake cost memory 0.014617919921875
[2026-04-27T16:48:34.709] [DEBUG] debug-file - runTaskFromQueue task cost before running: 144 ms 
[2026-04-27T16:48:34.709] [INFO] debug-file - Finished :entry:default@BuildNativeWithCmake... after 1 ms 
[2026-04-27T16:48:34.709] [DEBUG] debug-file - Executing task :entry:default@MakePackInfo
[2026-04-27T16:48:34.711] [DEBUG] debug-file - Incremental task entry:default@MakePackInfo pre-execution cost: 2 ms .
[2026-04-27T16:48:34.711] [DEBUG] debug-file - entry : default@MakePackInfo cost memory 0.11888885498046875
[2026-04-27T16:48:34.712] [INFO] debug-file - UP-TO-DATE :entry:default@MakePackInfo...  
[2026-04-27T16:48:34.712] [DEBUG] debug-file - Executing task :entry:default@SyscapTransform
[2026-04-27T16:48:34.713] [DEBUG] debug-file - File: 'C:\Users\lzf\Desktop\health_-service_-kit_-sample-code-master\health_-service_-kit_-sample-code-master\entry\src\main\syscap.json' from 'sysCapJsonPath' is not exists, just ignore.
[2026-04-27T16:48:34.713] [DEBUG] debug-file - Task 'entry:default@SyscapTransform' cost while wrapping incremental declarations: 1 ms 
[2026-04-27T16:48:34.714] [DEBUG] debug-file - entry:default@SyscapTransform is not up-to-date, since the output file 'C:\Users\lzf\Desktop\health_-service_-kit_-sample-code-master\health_-service_-kit_-sample-code-master\entry\build\default\intermediates\syscap\default\rpcid.sc' does not exist.
[2026-04-27T16:48:34.714] [DEBUG] debug-file - Incremental task entry:default@SyscapTransform pre-execution cost: 1 ms .
[2026-04-27T16:48:34.714] [DEBUG] debug-file - entry : default@SyscapTransform cost memory 0.152587890625
[2026-04-27T16:48:34.714] [DEBUG] debug-file - runTaskFromQueue task cost before running: 149 ms 
[2026-04-27T16:48:34.714] [INFO] debug-file - Finished :entry:default@SyscapTransform... after 2 ms 
[2026-04-27T16:48:34.715] [DEBUG] debug-file - Executing task :entry:default@ProcessProfile
[2026-04-27T16:48:34.715] [DEBUG] debug-file - Task 'entry:default@ProcessProfile' cost while wrapping incremental declarations: 1 ms 
[2026-04-27T16:48:34.716] [DEBUG] debug-file - Incremental task entry:default@ProcessProfile pre-execution cost: 1 ms .
[2026-04-27T16:48:34.716] [DEBUG] debug-file - entry : default@ProcessProfile cost memory 0.13768768310546875
[2026-04-27T16:48:34.716] [INFO] debug-file - UP-TO-DATE :entry:default@ProcessProfile...  
[2026-04-27T16:48:34.717] [DEBUG] debug-file - Executing task :entry:default@ProcessRouterMap
[2026-04-27T16:48:34.718] [DEBUG] debug-file - Incremental task entry:default@ProcessRouterMap pre-execution cost: 1 ms .
[2026-04-27T16:48:34.718] [DEBUG] debug-file - entry : default@ProcessRouterMap cost memory 0.154083251953125
[2026-04-27T16:48:34.719] [INFO] debug-file - UP-TO-DATE :entry:default@ProcessRouterMap...  
[2026-04-27T16:48:34.719] [DEBUG] debug-file - Executing task :entry:default@ProcessShareConfig
[2026-04-27T16:48:34.720] [DEBUG] debug-file - Incremental task entry:default@ProcessShareConfig pre-execution cost: 1 ms .
[2026-04-27T16:48:34.720] [DEBUG] debug-file - entry : default@ProcessShareConfig cost memory 0.12807464599609375
[2026-04-27T16:48:34.721] [INFO] debug-file - UP-TO-DATE :entry:default@ProcessShareConfig...  
[2026-04-27T16:48:34.721] [DEBUG] debug-file - Executing task :entry:default@ProcessStartupConfig
[2026-04-27T16:48:34.721] [DEBUG] debug-file - Task 'entry:default@ProcessStartupConfig' cost while wrapping incremental declarations: 1 ms 
[2026-04-27T16:48:34.722] [DEBUG] debug-file - entry:default@ProcessStartupConfig is not up-to-date, since the output file 'C:\Users\lzf\Desktop\health_-service_-kit_-sample-code-master\health_-service_-kit_-sample-code-master\entry\build\default\intermediates\startup\default\startup_config.json' does not exist.
[2026-04-27T16:48:34.722] [DEBUG] debug-file - Incremental task entry:default@ProcessStartupConfig pre-execution cost: 1 ms .
[2026-04-27T16:48:34.722] [DEBUG] debug-file - entry : default@ProcessStartupConfig cost memory 0.10623931884765625
[2026-04-27T16:48:34.722] [DEBUG] debug-file - runTaskFromQueue task cost before running: 157 ms 
[2026-04-27T16:48:34.722] [INFO] debug-file - Finished :entry:default@ProcessStartupConfig... after 1 ms 
[2026-04-27T16:48:34.723] [DEBUG] debug-file - Executing task :entry:default@BuildNativeWithNinja
[2026-04-27T16:48:34.723] [DEBUG] debug-file - entry : default@BuildNativeWithNinja cost memory 0.02318572998046875
[2026-04-27T16:48:34.723] [DEBUG] debug-file - runTaskFromQueue task cost before running: 158 ms 
[2026-04-27T16:48:34.723] [INFO] debug-file - Finished :entry:default@BuildNativeWithNinja... after 1 ms 
[2026-04-27T16:48:34.724] [DEBUG] debug-file - restool module names: entry; moduleName=entry, taskName=default@ProcessResource
[2026-04-27T16:48:34.725] [DEBUG] debug-file - Executing task :entry:default@ProcessResource
[2026-04-27T16:48:34.725] [DEBUG] debug-file - Task 'entry:default@ProcessResource' cost while wrapping incremental declarations: 1 ms 
[2026-04-27T16:48:34.726] [DEBUG] debug-file - Incremental task entry:default@ProcessResource pre-execution cost: 1 ms .
[2026-04-27T16:48:34.726] [DEBUG] debug-file - entry : default@ProcessResource cost memory 0.1474151611328125
[2026-04-27T16:48:34.727] [INFO] debug-file - UP-TO-DATE :entry:default@ProcessResource...  
[2026-04-27T16:48:34.728] [DEBUG] debug-file - Executing task :entry:default@GenerateLoaderJson
[2026-04-27T16:48:34.729] [DEBUG] debug-file - Task 'entry:default@GenerateLoaderJson' cost while wrapping incremental declarations: 1 ms 
[2026-04-27T16:48:34.733] [DEBUG] debug-file - Incremental task entry:default@GenerateLoaderJson pre-execution cost: 3 ms .
[2026-04-27T16:48:34.733] [DEBUG] debug-file - entry : default@GenerateLoaderJson cost memory 0.7307968139648438
[2026-04-27T16:48:34.735] [INFO] debug-file - UP-TO-DATE :entry:default@GenerateLoaderJson...  
[2026-04-27T16:48:34.735] [DEBUG] debug-file - Executing task :entry:default@ProcessLibs
[2026-04-27T16:48:34.737] [DEBUG] debug-file - Incremental task entry:default@ProcessLibs pre-execution cost: 2 ms .
[2026-04-27T16:48:34.737] [DEBUG] debug-file - entry : default@ProcessLibs cost memory 0.1222991943359375
[2026-04-27T16:48:34.737] [INFO] debug-file - UP-TO-DATE :entry:default@ProcessLibs...  
[2026-04-27T16:48:34.738] [DEBUG] debug-file - restool module names: entry; moduleName=entry, taskName=default@CompileResource
[2026-04-27T16:48:34.738] [DEBUG] debug-file - Executing task :entry:default@CompileResource
[2026-04-27T16:48:34.748] [DEBUG] debug-file - Incremental task entry:default@CompileResource pre-execution cost: 9 ms .
[2026-04-27T16:48:34.748] [DEBUG] debug-file - entry : default@CompileResource cost memory -0.9859695434570312
[2026-04-27T16:48:34.748] [INFO] debug-file - UP-TO-DATE :entry:default@CompileResource...  
[2026-04-27T16:48:34.749] [DEBUG] debug-file - Executing task :entry:default@DoNativeStrip
[2026-04-27T16:48:34.749] [DEBUG] debug-file - Task 'entry:default@DoNativeStrip' cost while wrapping incremental declarations: 1 ms 
[2026-04-27T16:48:34.750] [DEBUG] debug-file - Incremental task entry:default@DoNativeStrip pre-execution cost: 1 ms .
[2026-04-27T16:48:34.750] [DEBUG] debug-file - entry : default@DoNativeStrip cost memory 0.08409881591796875
[2026-04-27T16:48:34.750] [INFO] debug-file - UP-TO-DATE :entry:default@DoNativeStrip...  
[2026-04-27T16:48:34.751] [DEBUG] debug-file - Executing task :entry:default@CompileArkTS
[2026-04-27T16:48:34.751] [DEBUG] debug-file - obfuscationOptions: undefined
[2026-04-27T16:48:34.752] [DEBUG] debug-file - Task 'entry:default@CompileArkTS' cost while wrapping incremental declarations: 1 ms 
[2026-04-27T16:48:34.758] [DEBUG] debug-file - entry:default@CompileArkTS is not up-to-date, since the input file 'C:\Users\lzf\Desktop\health_-service_-kit_-sample-code-master\health_-service_-kit_-sample-code-master\entry\src\main\ets' has been changed.
[2026-04-27T16:48:34.758] [DEBUG] debug-file - Incremental task entry:default@CompileArkTS pre-execution cost: 6 ms .
[2026-04-27T16:48:34.770] [DEBUG] debug-file - build config:
[2026-04-27T16:48:34.770] [DEBUG] debug-file - {
  moduleType: 'entry',
  perf: 0,
  targetName: '.default',
  packageManagerType: 'ohpm',
  localPropertiesPath: 'C:\\Users\\lzf\\Desktop\\health_-service_-kit_-sample-code-master\\health_-service_-kit_-sample-code-master\\local.properties',
  isPreview: false,
  isOhosTest: false,
  isLocalTest: false,
  buildMode: 'Debug',
  hotReloadBuild: undefined,
  watchMode: 'false',
  aceProfilePath: 'C:\\Users\\lzf\\Desktop\\health_-service_-kit_-sample-code-master\\health_-service_-kit_-sample-code-master\\entry\\build\\default\\intermediates\\res\\default\\resources\\base\\profile',
  etsLoaderPath: 'D:\\DevEco Studio\\sdk\\default\\openharmony\\ets\\build-tools\\ets-loader',
  modulePath: 'C:\\Users\\lzf\\Desktop\\health_-service_-kit_-sample-code-master\\health_-service_-kit_-sample-code-master\\entry',
  testFrameworkPar: {
    testMode: undefined,
    coveragePathFilter: undefined,
    coverageMode: undefined
  },
  needCoverageInsert: false,
  debugLine: false,
  projectTopDir: 'C:\\Users\\lzf\\Desktop\\health_-service_-kit_-sample-code-master\\health_-service_-kit_-sample-code-master',
  compileSdkVersion: 22,
  compatibleSdkVersion: 12,
  originCompatibleSdkVersion: '5.0.0(12)',
  compatibleSdkVersionStage: 'beta1',
  bundleName: 'c***n',
  etsLoaderVersion: '6.0.2.130',
  etsLoaderReleaseType: 'Release',
  aotCompileMode: 'type',
  apPath: 'C:\\Users\\lzf\\Desktop\\health_-service_-kit_-sample-code-master\\health_-service_-kit_-sample-code-master\\entry\\modules.ap',
  entryModuleName: 'entry',
  entryModuleVersion: '1.0.0',
  entryPackageName: 'entry',
  allModuleNameHash: 'bb6dfe8d2e193c35b0cb6b8a0846875a3be2b3ae6338f35de853e6a29232da55',
  externalApiPaths: [ 'D:\\DevEco Studio\\sdk\\default\\hms\\ets' ],
  compilerTypes: [],
  isCrossplatform: false,
  hvigorPluginFile: undefined,
  compilePluginPath: undefined,
  buildGeneratedProfilePath: 'C:\\Users\\lzf\\Desktop\\health_-service_-kit_-sample-code-master\\health_-service_-kit_-sample-code-master\\entry\\build\\default\\generated\\profile\\default',
  bundleType: 'app',
  arkTSVersion: undefined,
  apiVersion: 22,
  needCompleteSourcesMap: false,
  isFaMode: false,
  buildDir: 'C:\\Users\\lzf\\Desktop\\health_-service_-kit_-sample-code-master\\health_-service_-kit_-sample-code-master\\entry\\build',
  deviceTypes: [ 'phone', 'tablet' ],
  pkgContextInfo: undefined,
  ohPackagePathMap: {},
  dependencyAliasMap: {},
  permission: { requestPermissions: undefined, definePermissions: undefined },
  useGetCurrentBundleName: false,
  projectArkOption: {},
  sourceMapDir: undefined,
  branchElimination: false,
  transformLib: undefined,
  tsImportSendable: false,
  resolveConflictMode: true,
  depName2RootPath: {},
  depName2DepInfo: {},
  rootPathSet: [
    'C:\\Users\\lzf\\Desktop\\health_-service_-kit_-sample-code-master\\health_-service_-kit_-sample-code-master'
  ],
  useNativeResolver: true,
  shouldEmitJs: true,
  useTscResolve: false,
  singleFileEmit: false,
  userProjectConfig: {
    autoLazyImport: false,
    allowEmptyBundleName: false,
    reExportCheckMode: 'noCheck',
    executionMode: 'memory',
    usePathPlaceholder: false,
    writeRollupCache: true,
    isExpandImportEnabled: false,
    expandImportExclude: '',
    lazyImportExclude: '',
    lazyImportInclude: '',
    ignoreCrossplatformCheck: false,
    isHarDeduplicateEnabled: false,
    skipOhModulesLint: false,
    enableStrictCheckOHModule: false,
    disableSendableCheckRules: [],
    useDeclarationFileSignature: false,
    customizedOptions: undefined,
    integratedHsp: false,
    isPreloadSoEnabled: false
  },
  executionMode: 'memory',
  arkCompileCachePath: 'C:\\Users\\lzf\\Desktop\\health_-service_-kit_-sample-code-master\\health_-service_-kit_-sample-code-master\\entry\\build\\default\\cache\\default\\default@CompileArkTS\\esmodule',
  autoLazyFilter: undefined,
  isHarDeduplicateEnabled: false,
  intermediateHarDuplicateDirPath: 'C:\\Users\\lzf\\Desktop\\health_-service_-kit_-sample-code-master\\health_-service_-kit_-sample-code-master\\entry\\build\\default\\intermediates\\har_duplicate\\default',
  autoLazyImport: false,
  allowEmptyBundleName: false,
  reExportCheckMode: 'noCheck',
  usePathPlaceholder: false,
  writeRollupCache: true,
  isExpandImportEnabled: false,
  expandImportExclude: '',
  lazyImportExclude: '',
  lazyImportInclude: '',
  ignoreCrossplatformCheck: false,
  skipOhModulesLint: false,
  enableStrictCheckOHModule: false,
  disableSendableCheckRules: [],
  useDeclarationFileSignature: false,
  customizedOptions: undefined,
  integratedHsp: false,
  isPreloadSoEnabled: false,
  strictMode: undefined,
  useNormalizedOHMUrl: false,
  caseSensitiveCheck: false,
  aceModuleJsonPath: 'C:\\Users\\lzf\\Desktop\\health_-service_-kit_-sample-code-master\\health_-service_-kit_-sample-code-master\\entry\\build\\default\\intermediates\\res\\default\\ark_module.json',
  appResource: 'C:\\Users\\lzf\\Desktop\\health_-service_-kit_-sample-code-master\\health_-service_-kit_-sample-code-master\\entry\\build\\default\\intermediates\\res\\default\\ResourceTable.txt',
  rawFileResource: 'C:\\Users\\lzf\\Desktop\\health_-service_-kit_-sample-code-master\\health_-service_-kit_-sample-code-master\\entry\\build\\default\\intermediates\\res\\default\\resources\\rawfile',
  resourceTableHash: 'fce136b98a333daacd6837dfafa7c58bc85531faa021073e77ebf6d9e051944e',
  runtimeOS: 'HarmonyOS',
  sdkInfo: 'false:22:6.0.2.130:Release',
  aceModuleRoot: 'C:\\Users\\lzf\\Desktop\\health_-service_-kit_-sample-code-master\\health_-service_-kit_-sample-code-master\\entry\\src\\main\\ets',
  compileMode: 'esmodule',
  aceSuperVisualPath: 'C:\\Users\\lzf\\Desktop\\health_-service_-kit_-sample-code-master\\health_-service_-kit_-sample-code-master\\entry\\src\\main\\supervisual',
  aceBuildJson: 'C:\\Users\\lzf\\Desktop\\health_-service_-kit_-sample-code-master\\health_-service_-kit_-sample-code-master\\entry\\build\\default\\intermediates\\loader\\default\\loader.json',
  cachePath: 'C:\\Users\\lzf\\Desktop\\health_-service_-kit_-sample-code-master\\health_-service_-kit_-sample-code-master\\entry\\build\\default\\cache\\default\\default@CompileArkTS\\esmodule\\debug',
  aceModuleBuild: 'C:\\Users\\lzf\\Desktop\\health_-service_-kit_-sample-code-master\\health_-service_-kit_-sample-code-master\\entry\\build\\default\\intermediates\\loader_out\\default\\ets',
  supportChunks: true,
  declaredFilesPath: undefined,
  shouldCollectDirectImportees: false,
  isByteCodeHarOptimize: false,
  expandImportPath: undefined,
  pkgNameToPkgBriefInfo: {
    entry: {
      pkgRoot: 'C:\\Users\\lzf\\Desktop\\health_-service_-kit_-sample-code-master\\health_-service_-kit_-sample-code-master\\entry',
      originalSourceRoots: undefined,
      sourceRoots: [Array],
      pkgName: 'entry'
    }
  },
  projectModel: {
    'C:\\Users\\lzf\\Desktop\\health_-service_-kit_-sample-code-master\\health_-service_-kit_-sample-code-master\\entry\\src\\main': {
      moduleName: 'entry',
      modulePkgPath: 'C:\\Users\\lzf\\Desktop\\health_-service_-kit_-sample-code-master\\health_-service_-kit_-sample-code-master\\entry',
      belongProjectPath: 'C:\\Users\\lzf\\Desktop\\health_-service_-kit_-sample-code-master\\health_-service_-kit_-sample-code-master'
    },
    'C:\\Users\\lzf\\Desktop\\health_-service_-kit_-sample-code-master\\health_-service_-kit_-sample-code-master\\entry\\src\\ohosTest': {
      moduleName: 'entry_test',
      modulePkgPath: 'C:\\Users\\lzf\\Desktop\\health_-service_-kit_-sample-code-master\\health_-service_-kit_-sample-code-master\\entry',
      belongProjectPath: 'C:\\Users\\lzf\\Desktop\\health_-service_-kit_-sample-code-master\\health_-service_-kit_-sample-code-master'
    },
    'C:\\Users\\lzf\\Desktop\\health_-service_-kit_-sample-code-master\\health_-service_-kit_-sample-code-master\\entry': {
      moduleName: 'entry',
      modulePkgPath: 'C:\\Users\\lzf\\Desktop\\health_-service_-kit_-sample-code-master\\health_-service_-kit_-sample-code-master\\entry',
      belongProjectPath: 'C:\\Users\\lzf\\Desktop\\health_-service_-kit_-sample-code-master\\health_-service_-kit_-sample-code-master'
    },
    'C:\\Users\\lzf\\Desktop\\health_-service_-kit_-sample-code-master\\health_-service_-kit_-sample-code-master': {
      moduleName: 'health_-service_-kit_-sample-code-master',
      modulePkgPath: 'C:\\Users\\lzf\\Desktop\\health_-service_-kit_-sample-code-master\\health_-service_-kit_-sample-code-master',
      belongProjectPath: 'C:\\Users\\lzf\\Desktop\\health_-service_-kit_-sample-code-master\\health_-service_-kit_-sample-code-master'
    }
  },
  pkgJsonFileHash: '53c3da6ecb1d24a3ad581eea1fadab6cbeeaa772966670d8effc1efcec277957',
  allModulePaths: [
    'C:\\Users\\lzf\\Desktop\\health_-service_-kit_-sample-code-master\\health_-service_-kit_-sample-code-master\\entry'
  ],
  routerMap: {},
  obfuscationOptions: undefined,
  byteCodeHarToDependencyKeys: undefined,
  compileBlockPkg: [],
  mockParams: {
    decorator: '@MockSetup',
    packageName: '@ohos/hamock',
    etsSourceRootPath: 'src/main/ets',
    mockConfigPath: undefined,
    mockConfigKey2ModuleInfo: {},
    source2ModuleIdMap: {}
  },
  copyCodeResourceEnable: true,
  copyCodeResourceExcludes: [],
  copyCodeResourceIncludes: undefined,
  uiTransformOptimization: false,
  sdkPath: 'D:/DevEco Studio/sdk',
  needPreloadSoFileSet: {},
  preloadSoFilePath: 'C:\\Users\\lzf\\Desktop\\health_-service_-kit_-sample-code-master\\health_-service_-kit_-sample-code-master\\entry\\build\\default\\intermediates\\preload\\default\\preload.json',
  useSourceHash: false,
  localModuleParamMap: {},
  otherPaths: {
    'entry/*': [
      '..\\*',
      '..\\..\\..\\build\\default\\generated\\profile\\default\\*'
    ]
  },
  collectImportersConfig: undefined
}
[2026-04-27T16:48:34.771] [DEBUG] debug-file - Compile arkts with external api path: D:\DevEco Studio\sdk\default\hms\ets
[2026-04-27T16:48:34.772] [DEBUG] debug-file - default@CompileArkTS work[0] is submitted.
[2026-04-27T16:48:34.773] [DEBUG] debug-file - default@CompileArkTS work[0] is pushed to ready queue.
[2026-04-27T16:48:34.773] [DEBUG] debug-file - A work dispatched to worker[23] failed because unable to get work from ready queue.
[2026-04-27T16:48:34.773] [DEBUG] debug-file - A work dispatched to worker[22] failed because unable to get work from ready queue.
[2026-04-27T16:48:34.773] [DEBUG] debug-file - A work dispatched to worker[21] failed because unable to get work from ready queue.
[2026-04-27T16:48:34.773] [DEBUG] debug-file - A work dispatched to worker[20] failed because unable to get work from ready queue.
[2026-04-27T16:48:34.773] [DEBUG] debug-file - A work dispatched to worker[19] failed because unable to get work from ready queue.
[2026-04-27T16:48:34.773] [DEBUG] debug-file - A work dispatched to worker[18] failed because unable to get work from ready queue.
[2026-04-27T16:48:34.773] [DEBUG] debug-file - A work dispatched to worker[17] failed because unable to get work from ready queue.
[2026-04-27T16:48:34.773] [DEBUG] debug-file - A work dispatched to worker[16] failed because unable to get work from ready queue.
[2026-04-27T16:48:34.773] [DEBUG] debug-file - A work dispatched to worker[15] failed because unable to get work from ready queue.
[2026-04-27T16:48:34.773] [DEBUG] debug-file - A work dispatched to worker[14] failed because unable to get work from ready queue.
[2026-04-27T16:48:34.773] [DEBUG] debug-file - A work dispatched to worker[13] failed because unable to get work from ready queue.
[2026-04-27T16:48:34.773] [DEBUG] debug-file - A work dispatched to worker[12] failed because unable to get work from ready queue.
[2026-04-27T16:48:34.773] [DEBUG] debug-file - A work dispatched to worker[11] failed because unable to get work from ready queue.
[2026-04-27T16:48:34.773] [DEBUG] debug-file - A work dispatched to worker[10] failed because unable to get work from ready queue.
[2026-04-27T16:48:34.773] [DEBUG] debug-file - A work dispatched to worker[9] failed because unable to get work from ready queue.
[2026-04-27T16:48:34.773] [DEBUG] debug-file - A work dispatched to worker[8] failed because unable to get work from ready queue.
[2026-04-27T16:48:34.773] [DEBUG] debug-file - A work dispatched to worker[7] failed because unable to get work from ready queue.
[2026-04-27T16:48:34.773] [DEBUG] debug-file - A work dispatched to worker[6] failed because unable to get work from ready queue.
[2026-04-27T16:48:34.773] [DEBUG] debug-file - A work dispatched to worker[5] failed because unable to get work from ready queue.
[2026-04-27T16:48:34.774] [DEBUG] debug-file - Create  resident worker with id: 4.
[2026-04-27T16:48:34.775] [DEBUG] debug-file - default@CompileArkTS work[0] has been dispatched to worker[4].
[2026-04-27T16:48:34.775] [DEBUG] debug-file - default@CompileArkTS work[0] is dispatched.
[2026-04-27T16:48:34.776] [DEBUG] debug-file - CopyResources startTime: 2300870222500
[2026-04-27T16:48:34.776] [DEBUG] debug-file - default@CompileArkTS work[1] is submitted.
[2026-04-27T16:48:34.776] [DEBUG] debug-file - default@CompileArkTS work[1] is pushed to ready queue.
[2026-04-27T16:48:34.776] [DEBUG] debug-file - A work dispatched to worker[23] failed because unable to get work from ready queue.
[2026-04-27T16:48:34.776] [DEBUG] debug-file - Create  resident worker with id: 22.
[2026-04-27T16:48:34.776] [DEBUG] debug-file - default@CompileArkTS work[1] has been dispatched to worker[22].
[2026-04-27T16:48:34.776] [DEBUG] debug-file - default@CompileArkTS work[1] is dispatched.
[2026-04-27T16:48:34.776] [DEBUG] debug-file - entry : default@CompileArkTS cost memory 0.18483734130859375
[2026-04-27T16:48:34.778] [DEBUG] debug-file - Executing task :entry:default@BuildJS
[2026-04-27T16:48:34.778] [DEBUG] debug-file - Task 'entry:default@BuildJS' cost while wrapping incremental declarations: 1 ms 
[2026-04-27T16:48:34.780] [DEBUG] debug-file - entry : default@BuildJS cost memory 0.16773223876953125
[2026-04-27T16:48:34.780] [DEBUG] debug-file - runTaskFromQueue task cost before running: 216 ms 
[2026-04-27T16:48:34.781] [INFO] debug-file - Finished :entry:default@BuildJS... after 3 ms 
[2026-04-27T16:48:34.781] [DEBUG] debug-file - Executing task :entry:default@CacheNativeLibs
[2026-04-27T16:48:34.781] [DEBUG] debug-file - Task 'entry:default@CacheNativeLibs' cost while wrapping incremental declarations: 1 ms 
[2026-04-27T16:48:34.783] [DEBUG] debug-file - Incremental task entry:default@CacheNativeLibs pre-execution cost: 2 ms .
[2026-04-27T16:48:34.783] [DEBUG] debug-file - entry : default@CacheNativeLibs cost memory 0.10406494140625
[2026-04-27T16:48:34.783] [INFO] debug-file - UP-TO-DATE :entry:default@CacheNativeLibs...  
[2026-04-27T16:48:35.620] [DEBUG] debug-file - worker[22] has one work done.
[2026-04-27T16:48:35.620] [DEBUG] debug-file - CopyResources is end, endTime: 2301714811800
[2026-04-27T16:48:35.620] [DEBUG] debug-file - default@CompileArkTS work[1] done.
[2026-04-27T16:48:35.621] [DEBUG] debug-file - A work dispatched to worker[22] failed because unable to get work from ready queue.
[2026-04-27T16:48:41.845] [WARN] debug-file - [33mWARN: [33m[33mArkTS:WARN File: C:/Users/lzf/Desktop/health_-service_-kit_-sample-code-master/health_-service_-kit_-sample-code-master/entry/src/main/ets/pages/MainIndex.ets:28:22
 'showToast' has been deprecated.
[39m[39m
[33mWARN: [33m[33mArkTS:WARN File: C:/Users/lzf/Desktop/health_-service_-kit_-sample-code-master/health_-service_-kit_-sample-code-master/entry/src/main/ets/pages/MainIndex.ets:31:24
 'showToast' has been deprecated.
[39m[39m
[33mWARN: [33m[33mArkTS:WARN File: C:/Users/lzf/Desktop/health_-service_-kit_-sample-code-master/health_-service_-kit_-sample-code-master/entry/src/main/ets/pages/MainIndex.ets:156:29
 'pushUrl' has been deprecated.
[39m[39m
[33mWARN: [33m[33mArkTS:WARN File: C:/Users/lzf/Desktop/health_-service_-kit_-sample-code-master/health_-service_-kit_-sample-code-master/entry/src/main/ets/pages/DataSourceIndex.ets:28:35
 'back' has been deprecated.
[39m[39m
[33mWARN: [33m[33mArkTS:WARN File: C:/Users/lzf/Desktop/health_-service_-kit_-sample-code-master/health_-service_-kit_-sample-code-master/entry/src/main/ets/pages/DataSourceIndex.ets:49:26
 'showToast' has been deprecated.
[39m[39m
[33mWARN: [33m[33mArkTS:WARN File: C:/Users/lzf/Desktop/health_-service_-kit_-sample-code-master/health_-service_-kit_-sample-code-master/entry/src/main/ets/pages/DataSourceIndex.ets:70:30
 'showToast' has been deprecated.
[39m[39m
[33mWARN: [33m[33mArkTS:WARN File: C:/Users/lzf/Desktop/health_-service_-kit_-sample-code-master/health_-service_-kit_-sample-code-master/entry/src/main/ets/pages/DataSourceIndex.ets:106:30
 'showToast' has been deprecated.
[39m[39m
[33mWARN: [33m[33mArkTS:WARN File: C:/Users/lzf/Desktop/health_-service_-kit_-sample-code-master/health_-service_-kit_-sample-code-master/entry/src/main/ets/pages/DataSourceIndex.ets:124:5
 Function may throw exceptions. Special handling is required.
[39m[39m
[33mWARN: [33m[33mArkTS:WARN File: C:/Users/lzf/Desktop/health_-service_-kit_-sample-code-master/health_-service_-kit_-sample-code-master/entry/src/main/ets/pages/DataSourceIndex.ets:124:18
 'showToast' has been deprecated.
[39m[39m
[33mWARN: [33m[33mArkTS:WARN File: C:/Users/lzf/Desktop/health_-service_-kit_-sample-code-master/health_-service_-kit_-sample-code-master/entry/src/main/ets/pages/DataSourceIndex.ets:132:20
 'showToast' has been deprecated.
[39m[39m
[33mWARN: [33m[33mArkTS:WARN File: C:/Users/lzf/Desktop/health_-service_-kit_-sample-code-master/health_-service_-kit_-sample-code-master/entry/src/main/ets/pages/DataSourceIndex.ets:141:7
 Function may throw exceptions. Special handling is required.
[39m[39m
[33mWARN: [33m[33mArkTS:WARN File: C:/Users/lzf/Desktop/health_-service_-kit_-sample-code-master/health_-service_-kit_-sample-code-master/entry/src/main/ets/pages/DataSourceIndex.ets:141:20
 'showToast' has been deprecated.
[39m[39m
[33mWARN: [33m[33mArkTS:WARN File: C:/Users/lzf/Desktop/health_-service_-kit_-sample-code-master/health_-service_-kit_-sample-code-master/entry/src/main/ets/pages/DataSourceIndex.ets:145:7
 Function may throw exceptions. Special handling is required.
[39m[39m
[33mWARN: [33m[33mArkTS:WARN File: C:/Users/lzf/Desktop/health_-service_-kit_-sample-code-master/health_-service_-kit_-sample-code-master/entry/src/main/ets/pages/DataSourceIndex.ets:145:20
 'showToast' has been deprecated.
[39m[39m
[33mWARN: [33m[33mArkTS:WARN File: C:/Users/lzf/Desktop/health_-service_-kit_-sample-code-master/health_-service_-kit_-sample-code-master/entry/src/main/ets/pages/AuthIndex.ets:26:35
 'back' has been deprecated.
[39m[39m
[33mWARN: [33m[33mArkTS:WARN File: C:/Users/lzf/Desktop/health_-service_-kit_-sample-code-master/health_-service_-kit_-sample-code-master/entry/src/main/ets/pages/AuthIndex.ets:89:28
 'showToast' has been deprecated.
[39m[39m
[33mWARN: [33m[33mArkTS:WARN File: C:/Users/lzf/Desktop/health_-service_-kit_-sample-code-master/health_-service_-kit_-sample-code-master/entry/src/main/ets/pages/AuthIndex.ets:102:28
 'showToast' has been deprecated.
[39m[39m
[33mWARN: [33m[33mArkTS:WARN File: C:/Users/lzf/Desktop/health_-service_-kit_-sample-code-master/health_-service_-kit_-sample-code-master/entry/src/main/ets/pages/SamplePointIndex.ets:34:35
 'back' has been deprecated.
[39m[39m
[33mWARN: [33m[33mArkTS:WARN File: C:/Users/lzf/Desktop/health_-service_-kit_-sample-code-master/health_-service_-kit_-sample-code-master/entry/src/main/ets/pages/SamplePointIndex.ets:128:5
 Function may throw exceptions. Special handling is required.
[39m[39m
[33mWARN: [33m[33mArkTS:WARN File: C:/Users/lzf/Desktop/health_-service_-kit_-sample-code-master/health_-service_-kit_-sample-code-master/entry/src/main/ets/pages/SamplePointIndex.ets:128:18
 'showToast' has been deprecated.
[39m[39m
[33mWARN: [33m[33mArkTS:WARN File: C:/Users/lzf/Desktop/health_-service_-kit_-sample-code-master/health_-service_-kit_-sample-code-master/entry/src/main/ets/pages/HealthSequenceIndex.ets:27:35
 'back' has been deprecated.
[39m[39m
[33mWARN: [33m[33mArkTS:WARN File: C:/Users/lzf/Desktop/health_-service_-kit_-sample-code-master/health_-service_-kit_-sample-code-master/entry/src/main/ets/pages/HealthSequenceIndex.ets:45:28
 'showToast' has been deprecated.
[39m[39m
[33mWARN: [33m[33mArkTS:WARN File: C:/Users/lzf/Desktop/health_-service_-kit_-sample-code-master/health_-service_-kit_-sample-code-master/entry/src/main/ets/pages/HealthSequenceIndex.ets:67:28
 'showToast' has been deprecated.
[39m[39m
[33mWARN: [33m[33mArkTS:WARN File: C:/Users/lzf/Desktop/health_-service_-kit_-sample-code-master/health_-service_-kit_-sample-code-master/entry/src/main/ets/pages/ExerciseSequenceIndex.ets:25:35
 'back' has been deprecated.
[39m[39m
[33mWARN: [33m[33mArkTS:WARN File: C:/Users/lzf/Desktop/health_-service_-kit_-sample-code-master/health_-service_-kit_-sample-code-master/entry/src/main/ets/pages/ExerciseSequenceIndex.ets:44:28
 'showToast' has been deprecated.
[39m[39m
[33mWARN: [33m[33mArkTS:WARN File: C:/Users/lzf/Desktop/health_-service_-kit_-sample-code-master/health_-service_-kit_-sample-code-master/entry/src/main/ets/pages/ExerciseSequenceIndex.ets:66:32
 'showToast' has been deprecated.
[39m[39m
[33mWARN: [33m[33mArkTS:WARN File: C:/Users/lzf/Desktop/health_-service_-kit_-sample-code-master/health_-service_-kit_-sample-code-master/entry/src/main/ets/pages/ExerciseSequenceIndex.ets:74:28
 'showToast' has been deprecated.
[39m[39m
[33mWARN: [33m[33mArkTS:WARN File: C:/Users/lzf/Desktop/health_-service_-kit_-sample-code-master/health_-service_-kit_-sample-code-master/entry/src/main/ets/pages/WorkoutIndex.ets:25:35
 'back' has been deprecated.
[39m[39m
[33mWARN: [33m[33mArkTS:WARN File: C:/Users/lzf/Desktop/health_-service_-kit_-sample-code-master/health_-service_-kit_-sample-code-master/entry/src/main/ets/pages/WorkoutIndex.ets:70:28
 'showToast' has been deprecated.
[39m[39m

[2026-04-27T16:48:41.845] [DEBUG] debug-file - Ark compile task finished.finished time is 2307939601200
[2026-04-27T16:48:41.846] [DEBUG] debug-file - worker[4] has one work done.
[2026-04-27T16:48:41.847] [DEBUG] debug-file - default@CompileArkTS work[0] done.
[2026-04-27T16:48:41.847] [DEBUG] debug-file - A work dispatched to worker[4] failed because unable to get work from ready queue.
[2026-04-27T16:48:41.849] [INFO] debug-file - Finished :entry:default@CompileArkTS... after 5 s 180 ms 
[2026-04-27T16:48:41.849] [DEBUG] debug-file - Executing task :entry:default@GeneratePkgModuleJson
[2026-04-27T16:48:41.850] [DEBUG] debug-file - File: 'C:\Users\lzf\Desktop\health_-service_-kit_-sample-code-master\health_-service_-kit_-sample-code-master\entry\build\default\intermediates\preload\default\preload.json' from 'preloadSoJsonPath' is not exists, just ignore.
[2026-04-27T16:48:41.850] [DEBUG] debug-file - Error occurs while handling @Input 'shouldDeduplicateHar': The "data" argument must be of type string or an instance of Buffer, TypedArray, or DataView. Received undefined
[2026-04-27T16:48:41.850] [DEBUG] debug-file - Task 'entry:default@GeneratePkgModuleJson' cost while wrapping incremental declarations: 1 ms 
[2026-04-27T16:48:41.851] [DEBUG] debug-file - Incremental task entry:default@GeneratePkgModuleJson pre-execution cost: 1 ms .
[2026-04-27T16:48:41.851] [DEBUG] debug-file - entry : default@GeneratePkgModuleJson cost memory 0.09442901611328125
[2026-04-27T16:48:41.851] [INFO] debug-file - UP-TO-DATE :entry:default@GeneratePkgModuleJson...  
[2026-04-27T16:48:41.852] [DEBUG] debug-file - Executing task :entry:default@ProcessCompiledResources
[2026-04-27T16:48:41.852] [DEBUG] debug-file - File: 'C:\Users\lzf\Desktop\health_-service_-kit_-sample-code-master\health_-service_-kit_-sample-code-master\entry\build\default\intermediates\preload\default\preload.json' from 'preloadSoJsonPath' is not exists, just ignore.
[2026-04-27T16:48:41.852] [DEBUG] debug-file - Task 'entry:default@ProcessCompiledResources' cost while wrapping incremental declarations: 1 ms 
[2026-04-27T16:48:41.852] [DEBUG] debug-file - entry : default@ProcessCompiledResources cost memory 0.064208984375
[2026-04-27T16:48:41.852] [DEBUG] debug-file - runTaskFromQueue task cost before running: 7 s 287 ms 
[2026-04-27T16:48:41.852] [INFO] debug-file - Finished :entry:default@ProcessCompiledResources... after 1 ms 
[2026-04-27T16:48:41.853] [DEBUG] debug-file - Executing task :entry:default@PackageHap
[2026-04-27T16:48:41.856] [DEBUG] debug-file - entry:default@PackageHap is not up-to-date, since the input file 'C:\Users\lzf\Desktop\health_-service_-kit_-sample-code-master\health_-service_-kit_-sample-code-master\entry\build\default\intermediates\loader_out\default\ets' has been changed.
[2026-04-27T16:48:41.857] [DEBUG] debug-file - Incremental task entry:default@PackageHap pre-execution cost: 3 ms .
[2026-04-27T16:48:41.858] [DEBUG] debug-file - Use tool [D:\DevEco Studio\sdk\default\openharmony\toolchains\lib\app_packing_tool.jar]
 [
  'java',
  '-Dfile.encoding=GBK',
  '-jar',
  'D:\\DevEco Studio\\sdk\\default\\openharmony\\toolchains\\lib\\app_packing_tool.jar',
  '--mode',
  'hap',
  '--force',
  'true',
  '--lib-path',
  'C:\\Users\\lzf\\Desktop\\health_-service_-kit_-sample-code-master\\health_-service_-kit_-sample-code-master\\entry\\build\\default\\intermediates\\stripped_native_libs\\default',
  '--json-path',
  'C:\\Users\\lzf\\Desktop\\health_-service_-kit_-sample-code-master\\health_-service_-kit_-sample-code-master\\entry\\build\\default\\intermediates\\package\\default\\module.json',
  '--resources-path',
  'C:\\Users\\lzf\\Desktop\\health_-service_-kit_-sample-code-master\\health_-service_-kit_-sample-code-master\\entry\\build\\default\\intermediates\\res\\default\\resources',
  '--index-path',
  'C:\\Users\\lzf\\Desktop\\health_-service_-kit_-sample-code-master\\health_-service_-kit_-sample-code-master\\entry\\build\\default\\intermediates\\res\\default\\resources.index',
  '--pack-info-path',
  'C:\\Users\\lzf\\Desktop\\health_-service_-kit_-sample-code-master\\health_-service_-kit_-sample-code-master\\entry\\build\\default\\outputs\\default\\pack.info',
  '--out-path',
  'C:\\Users\\lzf\\Desktop\\health_-service_-kit_-sample-code-master\\health_-service_-kit_-sample-code-master\\entry\\build\\default\\outputs\\default\\entry-default-unsigned.hap',
  '--ets-path',
  'C:\\Users\\lzf\\Desktop\\health_-service_-kit_-sample-code-master\\health_-service_-kit_-sample-code-master\\entry\\build\\default\\intermediates\\loader_out\\default\\ets'
]
[2026-04-27T16:48:42.157] [DEBUG] debug-file - java daemon socket received message:{"code":0,"message":"pack success"}
[2026-04-27T16:48:42.161] [DEBUG] debug-file - entry : default@PackageHap cost memory 0.1907958984375
[2026-04-27T16:48:42.161] [DEBUG] debug-file - runTaskFromQueue task cost before running: 7 s 597 ms 
[2026-04-27T16:48:42.162] [INFO] debug-file - Finished :entry:default@PackageHap... after 309 ms 
[2026-04-27T16:48:42.164] [DEBUG] debug-file - Executing task :entry:default@PackingCheck
[2026-04-27T16:48:42.168] [DEBUG] debug-file - entry : default@PackingCheck cost memory 0.32854461669921875
[2026-04-27T16:48:42.168] [DEBUG] debug-file - runTaskFromQueue task cost before running: 7 s 603 ms 
[2026-04-27T16:48:42.168] [INFO] debug-file - Finished :entry:default@PackingCheck... after 5 ms 
[2026-04-27T16:48:42.170] [DEBUG] debug-file - Executing task :entry:default@SignHap
[2026-04-27T16:48:42.171] [WARN] debug-file - Will skip sign 'hos_hap'. No signingConfigs profile is configured in current project.
             If needed, configure the signingConfigs in C:\Users\lzf\Desktop\health_-service_-kit_-sample-code-master\health_-service_-kit_-sample-code-master\build-profile.json5.
[2026-04-27T16:48:42.171] [DEBUG] debug-file - entry:default@SignHap is not up-to-date, since the input file 'C:\Users\lzf\Desktop\health_-service_-kit_-sample-code-master\health_-service_-kit_-sample-code-master\entry\build\default\outputs\default\entry-default-unsigned.hap' has been changed.
[2026-04-27T16:48:42.171] [DEBUG] debug-file - Incremental task entry:default@SignHap pre-execution cost: 1 ms .
[2026-04-27T16:48:42.172] [DEBUG] debug-file - entry : default@SignHap cost memory 0.101043701171875
[2026-04-27T16:48:42.172] [DEBUG] debug-file - runTaskFromQueue task cost before running: 7 s 607 ms 
[2026-04-27T16:48:42.172] [INFO] debug-file - Finished :entry:default@SignHap... after 2 ms 
[2026-04-27T16:48:42.173] [DEBUG] debug-file - Executing task :entry:default@CollectDebugSymbol
[2026-04-27T16:48:42.174] [DEBUG] debug-file - entry : default@CollectDebugSymbol cost memory 0.11312103271484375
[2026-04-27T16:48:42.174] [DEBUG] debug-file - runTaskFromQueue task cost before running: 7 s 609 ms 
[2026-04-27T16:48:42.174] [INFO] debug-file - Finished :entry:default@CollectDebugSymbol... after 2 ms 
[2026-04-27T16:48:42.174] [DEBUG] debug-file - Executing task :entry:assembleHap
[2026-04-27T16:48:42.174] [DEBUG] debug-file - entry : assembleHap cost memory 0.0126800537109375
[2026-04-27T16:48:42.174] [DEBUG] debug-file - runTaskFromQueue task cost before running: 7 s 610 ms 
[2026-04-27T16:48:42.174] [INFO] debug-file - Finished :entry:assembleHap... after 1 ms 
[2026-04-27T16:48:42.180] [INFO] debug-file - BUILD SUCCESSFUL in 7 s 615 ms 
[2026-04-27T16:48:42.180] [DEBUG] debug-file - There is no need to refresh cache, since the incremental task entry:default@PreBuild is up-to-date.
[2026-04-27T16:48:42.180] [DEBUG] debug-file - Update task entry:default@CreateModuleInfo output file:C:\Users\lzf\Desktop\health_-service_-kit_-sample-code-master\health_-service_-kit_-sample-code-master\entry\build\default\generated\profile\default\ModuleInfo.ts cache.
[2026-04-27T16:48:42.180] [DEBUG] debug-file - Incremental task entry:default@CreateModuleInfo post-execution cost:1 ms .
[2026-04-27T16:48:42.180] [DEBUG] debug-file - There is no need to refresh cache, since the incremental task entry:default@GenerateMetadata is up-to-date.
[2026-04-27T16:48:42.180] [DEBUG] debug-file - There is no need to refresh cache, since the incremental task entry:default@MergeProfile is up-to-date.
[2026-04-27T16:48:42.180] [DEBUG] debug-file - There is no need to refresh cache, since the incremental task entry:default@CreateBuildProfile is up-to-date.
[2026-04-27T16:48:42.180] [DEBUG] debug-file - Update task entry:default@GeneratePkgContextInfo output file:C:\Users\lzf\Desktop\health_-service_-kit_-sample-code-master\health_-service_-kit_-sample-code-master\entry\build\default\intermediates\loader\default\pkgContextInfo.json cache.
[2026-04-27T16:48:42.180] [DEBUG] debug-file - Incremental task entry:default@GeneratePkgContextInfo post-execution cost:1 ms .
[2026-04-27T16:48:42.181] [DEBUG] debug-file - Update task entry:default@ProcessIntegratedHsp output file:C:\Users\lzf\Desktop\health_-service_-kit_-sample-code-master\health_-service_-kit_-sample-code-master\build\cache\default\integrated_hsp\integratedHspCache.json cache.
[2026-04-27T16:48:42.181] [DEBUG] debug-file - Incremental task entry:default@ProcessIntegratedHsp post-execution cost:1 ms .
[2026-04-27T16:48:42.181] [DEBUG] debug-file - There is no need to refresh cache, since the incremental task entry:default@MakePackInfo is up-to-date.
[2026-04-27T16:48:42.181] [DEBUG] debug-file - Update task entry:default@SyscapTransform input file:D:\DevEco Studio\sdk\default\openharmony\toolchains\syscap_tool.exe cache by regenerate.
[2026-04-27T16:48:42.181] [DEBUG] debug-file - Update task entry:default@SyscapTransform input file:D:\DevEco Studio\sdk\default\openharmony\ets\api\device-define cache by regenerate.
[2026-04-27T16:48:42.181] [DEBUG] debug-file - Update task entry:default@SyscapTransform output file:C:\Users\lzf\Desktop\health_-service_-kit_-sample-code-master\health_-service_-kit_-sample-code-master\entry\build\default\intermediates\syscap\default\rpcid.sc cache.
[2026-04-27T16:48:42.182] [DEBUG] debug-file - Incremental task entry:default@SyscapTransform post-execution cost:1 ms .
[2026-04-27T16:48:42.182] [DEBUG] debug-file - There is no need to refresh cache, since the incremental task entry:default@ProcessProfile is up-to-date.
[2026-04-27T16:48:42.182] [DEBUG] debug-file - There is no need to refresh cache, since the incremental task entry:default@ProcessRouterMap is up-to-date.
[2026-04-27T16:48:42.182] [DEBUG] debug-file - There is no need to refresh cache, since the incremental task entry:default@ProcessShareConfig is up-to-date.
[2026-04-27T16:48:42.182] [DEBUG] debug-file - Update task entry:default@ProcessStartupConfig output file:C:\Users\lzf\Desktop\health_-service_-kit_-sample-code-master\health_-service_-kit_-sample-code-master\entry\build\default\intermediates\startup\default\startup_config.json cache.
[2026-04-27T16:48:42.182] [DEBUG] debug-file - Incremental task entry:default@ProcessStartupConfig post-execution cost:1 ms .
[2026-04-27T16:48:42.182] [DEBUG] debug-file - There is no need to refresh cache, since the incremental task entry:default@ProcessResource is up-to-date.
[2026-04-27T16:48:42.182] [DEBUG] debug-file - There is no need to refresh cache, since the incremental task entry:default@GenerateLoaderJson is up-to-date.
[2026-04-27T16:48:42.182] [DEBUG] debug-file - There is no need to refresh cache, since the incremental task entry:default@ProcessLibs is up-to-date.
[2026-04-27T16:48:42.183] [DEBUG] debug-file - There is no need to refresh cache, since the incremental task entry:default@CompileResource is up-to-date.
[2026-04-27T16:48:42.183] [DEBUG] debug-file - There is no need to refresh cache, since the incremental task entry:default@DoNativeStrip is up-to-date.
[2026-04-27T16:48:42.183] [DEBUG] debug-file - Update task entry:default@CompileArkTS input file:C:\Users\lzf\Desktop\health_-service_-kit_-sample-code-master\health_-service_-kit_-sample-code-master\entry\build\default\intermediates\loader\default cache by regenerate.
[2026-04-27T16:48:42.184] [DEBUG] debug-file - Update task entry:default@CompileArkTS input file:C:\Users\lzf\Desktop\health_-service_-kit_-sample-code-master\health_-service_-kit_-sample-code-master\entry\build\default\intermediates\res\default\ResourceTable.txt cache by regenerate.
[2026-04-27T16:48:42.184] [DEBUG] debug-file - Update task entry:default@CompileArkTS input file:C:\Users\lzf\Desktop\health_-service_-kit_-sample-code-master\health_-service_-kit_-sample-code-master\entry\build\default\intermediates\res\default\ark_module.json cache by regenerate.
[2026-04-27T16:48:42.184] [DEBUG] debug-file - Update task entry:default@CompileArkTS input file:C:\Users\lzf\Desktop\health_-service_-kit_-sample-code-master\health_-service_-kit_-sample-code-master\entry\build\default\intermediates\res\default\resources\base\profile cache by regenerate.
[2026-04-27T16:48:42.184] [DEBUG] debug-file - Update task entry:default@CompileArkTS input file:C:\Users\lzf\Desktop\health_-service_-kit_-sample-code-master\health_-service_-kit_-sample-code-master\entry\src\main\ets cache from map.
[2026-04-27T16:48:42.184] [DEBUG] debug-file - Update task entry:default@CompileArkTS input file:C:\Users\lzf\Desktop\health_-service_-kit_-sample-code-master\health_-service_-kit_-sample-code-master\entry\build\default\generated\profile\default\BuildProfile.ets cache by regenerate.
[2026-04-27T16:48:42.184] [DEBUG] debug-file - Update task entry:default@CompileArkTS output file:C:\Users\lzf\Desktop\health_-service_-kit_-sample-code-master\health_-service_-kit_-sample-code-master\entry\build\default\intermediates\loader_out\default\ets cache.
[2026-04-27T16:48:42.185] [DEBUG] debug-file - Incremental task entry:default@CompileArkTS post-execution cost:3 ms .
[2026-04-27T16:48:42.185] [DEBUG] debug-file - Update task entry:default@BuildJS input file:C:\Users\lzf\Desktop\health_-service_-kit_-sample-code-master\health_-service_-kit_-sample-code-master\entry\build\default\intermediates\loader\default cache by regenerate.
[2026-04-27T16:48:42.186] [DEBUG] debug-file - Update task entry:default@BuildJS input file:C:\Users\lzf\Desktop\health_-service_-kit_-sample-code-master\health_-service_-kit_-sample-code-master\entry\build\default\intermediates\res\default\ResourceTable.txt cache by regenerate.
[2026-04-27T16:48:42.186] [DEBUG] debug-file - Update task entry:default@BuildJS input file:C:\Users\lzf\Desktop\health_-service_-kit_-sample-code-master\health_-service_-kit_-sample-code-master\entry\build\default\intermediates\res\default\ark_module.json cache by regenerate.
[2026-04-27T16:48:42.186] [DEBUG] debug-file - Update task entry:default@BuildJS input file:C:\Users\lzf\Desktop\health_-service_-kit_-sample-code-master\health_-service_-kit_-sample-code-master\entry\build\default\intermediates\res\default\resources\base\profile cache by regenerate.
[2026-04-27T16:48:42.186] [DEBUG] debug-file - Update task entry:default@BuildJS output file:C:\Users\lzf\Desktop\health_-service_-kit_-sample-code-master\health_-service_-kit_-sample-code-master\entry\build\default\intermediates\loader_out\default\js cache.
[2026-04-27T16:48:42.186] [DEBUG] debug-file - Incremental task entry:default@BuildJS post-execution cost:2 ms .
[2026-04-27T16:48:42.186] [DEBUG] debug-file - There is no need to refresh cache, since the incremental task entry:default@CacheNativeLibs is up-to-date.
[2026-04-27T16:48:42.186] [DEBUG] debug-file - There is no need to refresh cache, since the incremental task entry:default@GeneratePkgModuleJson is up-to-date.
[2026-04-27T16:48:42.186] [DEBUG] debug-file - Incremental task entry:default@ProcessCompiledResources post-execution cost:1 ms .
[2026-04-27T16:48:42.187] [DEBUG] debug-file - Update task entry:default@PackageHap input file:C:\Users\lzf\Desktop\health_-service_-kit_-sample-code-master\health_-service_-kit_-sample-code-master\entry\build\default\intermediates\stripped_native_libs\default cache by regenerate.
[2026-04-27T16:48:42.187] [DEBUG] debug-file - Update task entry:default@PackageHap input file:C:\Users\lzf\Desktop\health_-service_-kit_-sample-code-master\health_-service_-kit_-sample-code-master\entry\build\default\intermediates\res\default\module.json cache by regenerate.
[2026-04-27T16:48:42.187] [DEBUG] debug-file - Update task entry:default@PackageHap input file:C:\Users\lzf\Desktop\health_-service_-kit_-sample-code-master\health_-service_-kit_-sample-code-master\entry\build\default\intermediates\res\default\resources cache by regenerate.
[2026-04-27T16:48:42.188] [DEBUG] debug-file - Update task entry:default@PackageHap input file:C:\Users\lzf\Desktop\health_-service_-kit_-sample-code-master\health_-service_-kit_-sample-code-master\entry\build\default\intermediates\res\default\resources.index cache by regenerate.
[2026-04-27T16:48:42.188] [DEBUG] debug-file - Update task entry:default@PackageHap input file:C:\Users\lzf\Desktop\health_-service_-kit_-sample-code-master\health_-service_-kit_-sample-code-master\entry\build\default\outputs\default\pack.info cache by regenerate.
[2026-04-27T16:48:42.188] [DEBUG] debug-file - Update task entry:default@PackageHap input file:C:\Users\lzf\Desktop\health_-service_-kit_-sample-code-master\health_-service_-kit_-sample-code-master\entry\build\default\intermediates\loader_out\default\ets cache from map.
[2026-04-27T16:48:42.188] [DEBUG] debug-file - Update task entry:default@PackageHap input file:C:\Users\lzf\Desktop\health_-service_-kit_-sample-code-master\health_-service_-kit_-sample-code-master\entry\build\default\intermediates\loader_out\default\ets\sourceMaps.map cache by regenerate.
[2026-04-27T16:48:42.188] [DEBUG] debug-file - Update task entry:default@PackageHap input file:C:\Users\lzf\Desktop\health_-service_-kit_-sample-code-master\health_-service_-kit_-sample-code-master\entry\build\default\generated\profile\default\BuildProfile.ets cache by regenerate.
[2026-04-27T16:48:42.188] [DEBUG] debug-file - Update task entry:default@PackageHap output file:C:\Users\lzf\Desktop\health_-service_-kit_-sample-code-master\health_-service_-kit_-sample-code-master\entry\build\default\outputs\default\entry-default-unsigned.hap cache.
[2026-04-27T16:48:42.189] [DEBUG] debug-file - Update task entry:default@PackageHap output file:C:\Users\lzf\Desktop\health_-service_-kit_-sample-code-master\health_-service_-kit_-sample-code-master\entry\build\default\intermediates\source_map\default\sourceMaps.map cache.
[2026-04-27T16:48:42.189] [DEBUG] debug-file - Update task entry:default@PackageHap output file:C:\Users\lzf\Desktop\health_-service_-kit_-sample-code-master\health_-service_-kit_-sample-code-master\entry\build\default\outputs\default\mapping\sourceMaps.map cache.
[2026-04-27T16:48:42.189] [DEBUG] debug-file - Incremental task entry:default@PackageHap post-execution cost:3 ms .
[2026-04-27T16:48:42.189] [DEBUG] debug-file - Update task entry:default@SignHap input file:C:\Users\lzf\Desktop\health_-service_-kit_-sample-code-master\health_-service_-kit_-sample-code-master\entry\build\default\outputs\default\entry-default-unsigned.hap cache from map.
[2026-04-27T16:48:42.189] [DEBUG] debug-file - Update task entry:default@SignHap output file:C:\Users\lzf\Desktop\health_-service_-kit_-sample-code-master\health_-service_-kit_-sample-code-master\entry\build\default\outputs\default\entry-default-signed.hap cache.
[2026-04-27T16:48:42.189] [DEBUG] debug-file - Incremental task entry:default@SignHap post-execution cost:1 ms .
[2026-04-27T16:48:42.190] [DEBUG] debug-file - Update task entry:default@CollectDebugSymbol input file:C:\Users\lzf\Desktop\health_-service_-kit_-sample-code-master\health_-service_-kit_-sample-code-master\entry\build\default\intermediates\loader_out\default\ets\sourceMaps.map cache by regenerate.
[2026-04-27T16:48:42.190] [DEBUG] debug-file - Update task entry:default@CollectDebugSymbol input file:C:\Users\lzf\Desktop\health_-service_-kit_-sample-code-master\health_-service_-kit_-sample-code-master\entry\build\default\intermediates\libs\default cache by regenerate.
[2026-04-27T16:48:42.190] [DEBUG] debug-file - Update task entry:default@CollectDebugSymbol output file:C:\Users\lzf\Desktop\health_-service_-kit_-sample-code-master\health_-service_-kit_-sample-code-master\entry\build\default\outputs\default\symbol cache.
[2026-04-27T16:48:42.190] [DEBUG] debug-file - Incremental task entry:default@CollectDebugSymbol post-execution cost:1 ms .
[2026-04-27T16:48:42.205] [DEBUG] debug-file - Cleanup worker 22.
[2026-04-27T16:48:42.205] [DEBUG] debug-file - Worker 22 has been cleaned up.
[2026-04-27T16:48:42.205] [DEBUG] debug-file - Current idle worker size: 1.
[2026-04-27T16:48:42.205] [DEBUG] debug-file - Current resident worker size: 2.
[2026-04-27T16:48:42.206] [DEBUG] debug-file - hvigor build process will be closed.
[2026-04-27T16:48:42.206] [DEBUG] debug-file - java daemon socket close code:1000 reason:close by user
[2026-04-27T16:48:42.212] [DEBUG] debug-file - session manager: send message to worker process.
[2026-04-27T16:48:42.213] [DEBUG] debug-file - session manager: send message to worker process.
[2026-04-27T16:48:42.212] [DEBUG] debug-file - watch worker: worker id should be larger than 0. Nothing will be sent to any worker thread.
[2026-04-27T16:48:42.212] [DEBUG] debug-file - watch worker: worker id should be larger than 0. Nothing will be sent to any worker thread.
[2026-04-27T16:48:42.214] [DEBUG] debug-file - worker[22] exits with exit code 1.
[2026-04-27T17:04:03.091] [DEBUG] debug-file - session manager: set active socket. socketId=buKmhtAGtwz0t0keAAAF
[2026-04-27T17:04:03.096] [DEBUG] debug-file - watch worker: worker id should be larger than 0. Nothing will be sent to any worker thread.
[2026-04-27T17:04:03.099] [DEBUG] debug-file - Workers' log level updated to INFO
[2026-04-27T17:04:03.100] [DEBUG] debug-file - Hvigor init with startParameters:{
  hvigorfileTypeCheck: false,
  parallelExecution: true,
  incrementalExecution: true,
  printStackTrace: false,
  daemon: true,
  analyze: 0,
  logLevel: Level { level: 20000, levelStr: 'INFO', colour: 'green' },
  optimizationStrategy: 'memory',
  hotCompile: undefined,
  hotReloadBuild: undefined,
  customizedParam: undefined
}
[2026-04-27T17:04:03.103] [DEBUG] debug-file - Cache service initialization finished in 3 ms 
[2026-04-27T17:04:03.103] [DEBUG] debug-file - hvigorfile, resolving C:\Users\lzf\Desktop\health_-service_-kit_-sample-code-master\health_-service_-kit_-sample-code-master\hvigorfile.ts
[2026-04-27T17:04:03.108] [DEBUG] debug-file - hvigorfile, require result:  { default: { plugins: [] } }
[2026-04-27T17:04:03.108] [DEBUG] debug-file - hvigorfile, binding system plugins null
[2026-04-27T17:04:03.109] [DEBUG] debug-file - Starting plugin build process
[2026-04-27T17:04:03.109] [DEBUG] debug-file - App plugin prepare start...
[2026-04-27T17:04:03.109] [DEBUG] debug-file - App plugin prepare end...
[2026-04-27T17:04:03.109] [DEBUG] debug-file - App plugin creating...
[2026-04-27T17:04:03.112] [DEBUG] debug-file - App plugin register hook start...
[2026-04-27T17:04:03.112] [DEBUG] debug-file - App plugin register hook end...
[2026-04-27T17:04:03.112] [DEBUG] debug-file - Plugin build process completed
[2026-04-27T17:04:03.113] [DEBUG] debug-file - Start initialize project's product build option map with build mode debug.
[2026-04-27T17:04:03.113] [DEBUG] debug-file - Picking option from product 'default' with build mode 'debug'.
[2026-04-27T17:04:03.113] [DEBUG] debug-file - Product 'default' build option initialized
[2026-04-27T17:04:03.113] [DEBUG] debug-file - End initialize project's product build option map with build mode 'debug'.
[2026-04-27T17:04:03.113] [DEBUG] debug-file - Obtain build option for product 'default'in this build.
[2026-04-27T17:04:03.114] [DEBUG] debug-file - No signingConfig found, initRemoteHspCache failed.
[2026-04-27T17:04:03.116] [DEBUG] debug-file - Start recording SDK configuration permission data.
[2026-04-27T17:04:03.134] [DEBUG] debug-file - Sdk init in 20 ms 
[2026-04-27T17:04:03.136] [DEBUG] debug-file - Project task initialization takes 2 ms 
[2026-04-27T17:04:03.136] [DEBUG] debug-file - hvigorfile, binding custom plugins []
[2026-04-27T17:04:03.136] [DEBUG] debug-file - hvigorfile, no custom plugins were found in C:\Users\lzf\Desktop\health_-service_-kit_-sample-code-master\health_-service_-kit_-sample-code-master\hvigorfile.ts
[2026-04-27T17:04:03.136] [DEBUG] debug-file - hvigorfile, resolve finished C:\Users\lzf\Desktop\health_-service_-kit_-sample-code-master\health_-service_-kit_-sample-code-master\hvigorfile.ts
[2026-04-27T17:04:03.137] [DEBUG] debug-file - hvigorfile, resolving C:\Users\lzf\Desktop\health_-service_-kit_-sample-code-master\health_-service_-kit_-sample-code-master\entry\hvigorfile.ts
[2026-04-27T17:04:03.140] [DEBUG] debug-file - hvigorfile, require result:  { default: { plugins: [] } }
[2026-04-27T17:04:03.140] [DEBUG] debug-file - hvigorfile, binding system plugins null
[2026-04-27T17:04:03.140] [DEBUG] debug-file - Starting plugin build process
[2026-04-27T17:04:03.140] [DEBUG] debug-file - Hap plugin creating...
[2026-04-27T17:04:03.141] [DEBUG] debug-file - failed to load cangjie to dynamically generate schemas: Error: Cannot find module '@ohos/cangjie-build-support/index'
Require stack:
- D:\DevEco Studio\tools\hvigor\hvigor-ohos-plugin\src\plugin\hooks\cangjie-register.js
- D:\DevEco Studio\tools\hvigor\hvigor-ohos-plugin\src\plugin\strategy\stage-init-strategy.js
- D:\DevEco Studio\tools\hvigor\hvigor-ohos-plugin\src\plugin\builder\abstract-plugin-builder.js
- D:\DevEco Studio\tools\hvigor\hvigor-ohos-plugin\src\plugin\builder\app-plugin-builder.js
- D:\DevEco Studio\tools\hvigor\hvigor-ohos-plugin\src\plugin\factory\plugin-factory.js
- D:\DevEco Studio\tools\hvigor\hvigor-ohos-plugin\index.js
- C:\Users\lzf\Desktop\health_-service_-kit_-sample-code-master\health_-service_-kit_-sample-code-master\hvigorfile.ts
- D:\DevEco Studio\tools\hvigor\hvigor\src\base\internal\lifecycle\configuration.js
- D:\DevEco Studio\tools\hvigor\hvigor\src\base\boot\index.js
- D:\DevEco Studio\tools\hvigor\hvigor\src\base\daemon\cluster\worker-process-lifecycle.js
- D:\DevEco Studio\tools\hvigor\hvigor\src\base\daemon\process\daemon-process-boot-script.js
[2026-04-27T17:04:03.142] [DEBUG] debug-file - Start initialize module-target build option map, moduleName=entry, buildMode=debug
[2026-04-27T17:04:03.142] [DEBUG] debug-file - Target 'default' config initialized
[2026-04-27T17:04:03.142] [DEBUG] debug-file - Target 'ohosTest' config initialized
[2026-04-27T17:04:03.142] [DEBUG] debug-file - Module 'entry' target 'default' build option initialized
[2026-04-27T17:04:03.142] [DEBUG] debug-file - Module 'entry' target 'ohosTest' build option initialized
[2026-04-27T17:04:03.142] [DEBUG] debug-file - End initialize module-target build option map, moduleName=entry
[2026-04-27T17:04:03.143] [DEBUG] debug-file - Start initialize module-target build option map, moduleName=entry, buildMode=release
[2026-04-27T17:04:03.143] [DEBUG] debug-file - Target 'default' config initialized
[2026-04-27T17:04:03.143] [DEBUG] debug-file - Target 'ohosTest' config initialized
[2026-04-27T17:04:03.143] [DEBUG] debug-file - Module 'entry' target 'default' build option initialized
[2026-04-27T17:04:03.143] [DEBUG] debug-file - Module 'entry' target 'ohosTest' build option initialized
[2026-04-27T17:04:03.143] [DEBUG] debug-file - End initialize module-target build option map, moduleName=entry
[2026-04-27T17:04:03.143] [DEBUG] debug-file - Start initialize module-target build option map, moduleName=entry, buildMode=debug
[2026-04-27T17:04:03.143] [DEBUG] debug-file - Target 'default' config initialized
[2026-04-27T17:04:03.143] [DEBUG] debug-file - Target 'ohosTest' config initialized
[2026-04-27T17:04:03.143] [DEBUG] debug-file - Module 'entry' target 'default' build option initialized
[2026-04-27T17:04:03.143] [DEBUG] debug-file - Module 'entry' target 'ohosTest' build option initialized
[2026-04-27T17:04:03.143] [DEBUG] debug-file - End initialize module-target build option map, moduleName=entry
[2026-04-27T17:04:03.143] [DEBUG] debug-file - Obtain build option for module 'entry' target 'default'in this build.
[2026-04-27T17:04:03.144] [DEBUG] debug-file - Module entry task initialization takes 1 ms 
[2026-04-27T17:04:03.144] [DEBUG] debug-file - Hap plugin register hook start...
[2026-04-27T17:04:03.144] [DEBUG] debug-file - Hap plugin register hook end...
[2026-04-27T17:04:03.144] [DEBUG] debug-file - Plugin build process completed
[2026-04-27T17:04:03.144] [DEBUG] debug-file - hvigorfile, binding custom plugins []
[2026-04-27T17:04:03.144] [DEBUG] debug-file - hvigorfile, no custom plugins were found in C:\Users\lzf\Desktop\health_-service_-kit_-sample-code-master\health_-service_-kit_-sample-code-master\entry\hvigorfile.ts
[2026-04-27T17:04:03.144] [DEBUG] debug-file - hvigorfile, resolve finished C:\Users\lzf\Desktop\health_-service_-kit_-sample-code-master\health_-service_-kit_-sample-code-master\entry\hvigorfile.ts
[2026-04-27T17:04:03.156] [DEBUG] debug-file - hvigorfile, resolve hvigorfile dependencies in 13 ms 
[2026-04-27T17:04:03.157] [DEBUG] debug-file - project has submodules:entry
[2026-04-27T17:04:03.157] [DEBUG] debug-file - start to load updatedOhPackageInfo to the disk
[2026-04-27T17:04:03.162] [DEBUG] debug-file - load to the disk finished
[2026-04-27T17:04:03.163] [DEBUG] debug-file - Start to initialize dependency information.
[2026-04-27T17:04:03.164] [DEBUG] debug-file - Module health_-service_-kit_-sample-code-master Collected Dependency: 
[2026-04-27T17:04:03.164] [DEBUG] debug-file - Module health_-service_-kit_-sample-code-master's total dependency: 0
[2026-04-27T17:04:03.165] [DEBUG] debug-file - Start to initialize dependency information.
[2026-04-27T17:04:03.166] [DEBUG] debug-file - Module entry Collected Dependency: 
[2026-04-27T17:04:03.166] [DEBUG] debug-file - Module entry's total dependency: 0
[2026-04-27T17:04:03.167] [DEBUG] debug-file - Configuration phase cost:64 ms 
[2026-04-27T17:04:03.167] [DEBUG] debug-file - Configuration task cost before running: 69 ms 
[2026-04-27T17:04:03.169] [DEBUG] debug-file - Executing task :entry:default@PreBuild
[2026-04-27T17:04:03.170] [WARN] debug-file - The project has not explicitly set the 'targetSdkVersion' version at build-profile.json5. It is recommended to configure it. Reference: https://developer.huawei.com/consumer/cn/doc/harmonyos-guides/ide-hvigor-build-profile-app#section45865492619
[2026-04-27T17:04:03.170] [DEBUG] debug-file - Task 'entry:default@PreBuild' cost while wrapping incremental declarations: 1 ms 
[2026-04-27T17:04:03.174] [DEBUG] debug-file - Incremental task entry:default@PreBuild pre-execution cost: 3 ms .
[2026-04-27T17:04:03.174] [DEBUG] debug-file - entry : default@PreBuild cost memory -1.4062881469726562
[2026-04-27T17:04:03.175] [INFO] debug-file - UP-TO-DATE :entry:default@PreBuild...  
[2026-04-27T17:04:03.176] [DEBUG] debug-file - Executing task :entry:default@CreateModuleInfo
[2026-04-27T17:04:03.176] [DEBUG] debug-file - Task 'entry:default@CreateModuleInfo' cost while wrapping incremental declarations: 1 ms 
[2026-04-27T17:04:03.176] [DEBUG] debug-file - entry : default@CreateModuleInfo cost memory 0.0423431396484375
[2026-04-27T17:04:03.176] [DEBUG] debug-file - runTaskFromQueue task cost before running: 78 ms 
[2026-04-27T17:04:03.176] [INFO] debug-file - Finished :entry:default@CreateModuleInfo... after 1 ms 
[2026-04-27T17:04:03.177] [DEBUG] debug-file - Executing task :entry:default@GenerateMetadata
[2026-04-27T17:04:03.177] [DEBUG] debug-file - Task 'entry:default@GenerateMetadata' cost while wrapping incremental declarations: 1 ms 
[2026-04-27T17:04:03.177] [DEBUG] debug-file - Incremental task entry:default@GenerateMetadata pre-execution cost: 1 ms .
[2026-04-27T17:04:03.177] [DEBUG] debug-file - entry : default@GenerateMetadata cost memory 0.090179443359375
[2026-04-27T17:04:03.178] [INFO] debug-file - UP-TO-DATE :entry:default@GenerateMetadata...  
[2026-04-27T17:04:03.178] [DEBUG] debug-file - Executing task :entry:default@ConfigureCmake
[2026-04-27T17:04:03.178] [DEBUG] debug-file - entry : default@ConfigureCmake cost memory 0.014556884765625
[2026-04-27T17:04:03.178] [DEBUG] debug-file - runTaskFromQueue task cost before running: 80 ms 
[2026-04-27T17:04:03.178] [INFO] debug-file - Finished :entry:default@ConfigureCmake... after 1 ms 
[2026-04-27T17:04:03.179] [DEBUG] debug-file - Executing task :entry:default@MergeProfile
[2026-04-27T17:04:03.179] [DEBUG] debug-file - Task 'entry:default@MergeProfile' cost while wrapping incremental declarations: 1 ms 
[2026-04-27T17:04:03.180] [DEBUG] debug-file - Incremental task entry:default@MergeProfile pre-execution cost: 1 ms .
[2026-04-27T17:04:03.180] [DEBUG] debug-file - entry : default@MergeProfile cost memory 0.130157470703125
[2026-04-27T17:04:03.180] [INFO] debug-file - UP-TO-DATE :entry:default@MergeProfile...  
[2026-04-27T17:04:03.181] [DEBUG] debug-file - Executing task :entry:default@CreateBuildProfile
[2026-04-27T17:04:03.181] [DEBUG] debug-file - Task 'entry:default@CreateBuildProfile' cost while wrapping incremental declarations: 1 ms 
[2026-04-27T17:04:03.181] [DEBUG] debug-file - Incremental task entry:default@CreateBuildProfile pre-execution cost: 1 ms .
[2026-04-27T17:04:03.182] [DEBUG] debug-file - entry : default@CreateBuildProfile cost memory 0.10135650634765625
[2026-04-27T17:04:03.182] [INFO] debug-file - UP-TO-DATE :entry:default@CreateBuildProfile...  
[2026-04-27T17:04:03.182] [DEBUG] debug-file - Executing task :entry:default@PreCheckSyscap
[2026-04-27T17:04:03.182] [DEBUG] debug-file - entry : default@PreCheckSyscap cost memory 0.01477813720703125
[2026-04-27T17:04:03.182] [DEBUG] debug-file - runTaskFromQueue task cost before running: 84 ms 
[2026-04-27T17:04:03.182] [INFO] debug-file - Finished :entry:default@PreCheckSyscap... after 1 ms 
[2026-04-27T17:04:03.183] [DEBUG] debug-file - Executing task :entry:default@GeneratePkgContextInfo
[2026-04-27T17:04:03.185] [DEBUG] debug-file - Task 'entry:default@GeneratePkgContextInfo' cost while wrapping incremental declarations: 1 ms 
[2026-04-27T17:04:03.185] [DEBUG] debug-file - entry : default@GeneratePkgContextInfo cost memory 0.19861602783203125
[2026-04-27T17:04:03.185] [DEBUG] debug-file - runTaskFromQueue task cost before running: 87 ms 
[2026-04-27T17:04:03.185] [INFO] debug-file - Finished :entry:default@GeneratePkgContextInfo... after 3 ms 
[2026-04-27T17:04:03.188] [DEBUG] debug-file - Executing task :entry:default@ProcessIntegratedHsp
[2026-04-27T17:04:03.188] [DEBUG] debug-file - entry:default@ProcessIntegratedHsp is not up-to-date, since the output file 'C:\Users\lzf\Desktop\health_-service_-kit_-sample-code-master\health_-service_-kit_-sample-code-master\build\cache\default\integrated_hsp\integratedHspCache.json' does not exist.
[2026-04-27T17:04:03.188] [DEBUG] debug-file - Incremental task entry:default@ProcessIntegratedHsp pre-execution cost: 1 ms .
[2026-04-27T17:04:03.188] [DEBUG] debug-file - entry : default@ProcessIntegratedHsp cost memory 0.0615234375
[2026-04-27T17:04:03.188] [DEBUG] debug-file - runTaskFromQueue task cost before running: 90 ms 
[2026-04-27T17:04:03.188] [INFO] debug-file - Finished :entry:default@ProcessIntegratedHsp... after 1 ms 
[2026-04-27T17:04:03.189] [DEBUG] debug-file - Executing task :entry:default@BuildNativeWithCmake
[2026-04-27T17:04:03.189] [DEBUG] debug-file - entry : default@BuildNativeWithCmake cost memory 0.0145721435546875
[2026-04-27T17:04:03.189] [DEBUG] debug-file - runTaskFromQueue task cost before running: 91 ms 
[2026-04-27T17:04:03.189] [INFO] debug-file - Finished :entry:default@BuildNativeWithCmake... after 1 ms 
[2026-04-27T17:04:03.190] [DEBUG] debug-file - Executing task :entry:default@MakePackInfo
[2026-04-27T17:04:03.191] [DEBUG] debug-file - Incremental task entry:default@MakePackInfo pre-execution cost: 1 ms .
[2026-04-27T17:04:03.191] [DEBUG] debug-file - entry : default@MakePackInfo cost memory 0.11571502685546875
[2026-04-27T17:04:03.191] [INFO] debug-file - UP-TO-DATE :entry:default@MakePackInfo...  
[2026-04-27T17:04:03.192] [DEBUG] debug-file - Executing task :entry:default@SyscapTransform
[2026-04-27T17:04:03.192] [DEBUG] debug-file - File: 'C:\Users\lzf\Desktop\health_-service_-kit_-sample-code-master\health_-service_-kit_-sample-code-master\entry\src\main\syscap.json' from 'sysCapJsonPath' is not exists, just ignore.
[2026-04-27T17:04:03.192] [DEBUG] debug-file - Task 'entry:default@SyscapTransform' cost while wrapping incremental declarations: 1 ms 
[2026-04-27T17:04:03.193] [DEBUG] debug-file - entry:default@SyscapTransform is not up-to-date, since the output file 'C:\Users\lzf\Desktop\health_-service_-kit_-sample-code-master\health_-service_-kit_-sample-code-master\entry\build\default\intermediates\syscap\default\rpcid.sc' does not exist.
[2026-04-27T17:04:03.193] [DEBUG] debug-file - Incremental task entry:default@SyscapTransform pre-execution cost: 1 ms .
[2026-04-27T17:04:03.193] [DEBUG] debug-file - entry : default@SyscapTransform cost memory 0.1523590087890625
[2026-04-27T17:04:03.193] [DEBUG] debug-file - runTaskFromQueue task cost before running: 95 ms 
[2026-04-27T17:04:03.193] [INFO] debug-file - Finished :entry:default@SyscapTransform... after 2 ms 
[2026-04-27T17:04:03.194] [DEBUG] debug-file - Executing task :entry:default@ProcessProfile
[2026-04-27T17:04:03.195] [DEBUG] debug-file - Task 'entry:default@ProcessProfile' cost while wrapping incremental declarations: 1 ms 
[2026-04-27T17:04:03.195] [DEBUG] debug-file - Incremental task entry:default@ProcessProfile pre-execution cost: 1 ms .
[2026-04-27T17:04:03.196] [DEBUG] debug-file - entry : default@ProcessProfile cost memory 0.130859375
[2026-04-27T17:04:03.196] [INFO] debug-file - UP-TO-DATE :entry:default@ProcessProfile...  
[2026-04-27T17:04:03.197] [DEBUG] debug-file - Executing task :entry:default@ProcessRouterMap
[2026-04-27T17:04:03.198] [DEBUG] debug-file - Incremental task entry:default@ProcessRouterMap pre-execution cost: 1 ms .
[2026-04-27T17:04:03.198] [DEBUG] debug-file - entry : default@ProcessRouterMap cost memory 0.15399169921875
[2026-04-27T17:04:03.198] [INFO] debug-file - UP-TO-DATE :entry:default@ProcessRouterMap...  
[2026-04-27T17:04:03.199] [DEBUG] debug-file - Executing task :entry:default@ProcessShareConfig
[2026-04-27T17:04:03.200] [DEBUG] debug-file - Incremental task entry:default@ProcessShareConfig pre-execution cost: 1 ms .
[2026-04-27T17:04:03.200] [DEBUG] debug-file - entry : default@ProcessShareConfig cost memory 0.12757110595703125
[2026-04-27T17:04:03.200] [INFO] debug-file - UP-TO-DATE :entry:default@ProcessShareConfig...  
[2026-04-27T17:04:03.201] [DEBUG] debug-file - Executing task :entry:default@ProcessStartupConfig
[2026-04-27T17:04:03.202] [DEBUG] debug-file - Task 'entry:default@ProcessStartupConfig' cost while wrapping incremental declarations: 1 ms 
[2026-04-27T17:04:03.202] [DEBUG] debug-file - entry:default@ProcessStartupConfig is not up-to-date, since the output file 'C:\Users\lzf\Desktop\health_-service_-kit_-sample-code-master\health_-service_-kit_-sample-code-master\entry\build\default\intermediates\startup\default\startup_config.json' does not exist.
[2026-04-27T17:04:03.202] [DEBUG] debug-file - Incremental task entry:default@ProcessStartupConfig pre-execution cost: 1 ms .
[2026-04-27T17:04:03.203] [DEBUG] debug-file - entry : default@ProcessStartupConfig cost memory -1.5320053100585938
[2026-04-27T17:04:03.203] [DEBUG] debug-file - runTaskFromQueue task cost before running: 104 ms 
[2026-04-27T17:04:03.203] [INFO] debug-file - Finished :entry:default@ProcessStartupConfig... after 2 ms 
[2026-04-27T17:04:03.203] [DEBUG] debug-file - Executing task :entry:default@BuildNativeWithNinja
[2026-04-27T17:04:03.204] [DEBUG] debug-file - entry : default@BuildNativeWithNinja cost memory 0.02318572998046875
[2026-04-27T17:04:03.204] [DEBUG] debug-file - runTaskFromQueue task cost before running: 105 ms 
[2026-04-27T17:04:03.204] [INFO] debug-file - Finished :entry:default@BuildNativeWithNinja... after 1 ms 
[2026-04-27T17:04:03.205] [DEBUG] debug-file - restool module names: entry; moduleName=entry, taskName=default@ProcessResource
[2026-04-27T17:04:03.205] [DEBUG] debug-file - Executing task :entry:default@ProcessResource
[2026-04-27T17:04:03.205] [DEBUG] debug-file - Task 'entry:default@ProcessResource' cost while wrapping incremental declarations: 1 ms 
[2026-04-27T17:04:03.206] [DEBUG] debug-file - Incremental task entry:default@ProcessResource pre-execution cost: 1 ms .
[2026-04-27T17:04:03.206] [DEBUG] debug-file - entry : default@ProcessResource cost memory 0.147186279296875
[2026-04-27T17:04:03.207] [INFO] debug-file - UP-TO-DATE :entry:default@ProcessResource...  
[2026-04-27T17:04:03.208] [DEBUG] debug-file - Executing task :entry:default@GenerateLoaderJson
[2026-04-27T17:04:03.208] [DEBUG] debug-file - Task 'entry:default@GenerateLoaderJson' cost while wrapping incremental declarations: 1 ms 
[2026-04-27T17:04:03.212] [DEBUG] debug-file - Incremental task entry:default@GenerateLoaderJson pre-execution cost: 3 ms .
[2026-04-27T17:04:03.212] [DEBUG] debug-file - entry : default@GenerateLoaderJson cost memory 0.5777359008789062
[2026-04-27T17:04:03.214] [INFO] debug-file - UP-TO-DATE :entry:default@GenerateLoaderJson...  
[2026-04-27T17:04:03.214] [DEBUG] debug-file - Executing task :entry:default@ProcessLibs
[2026-04-27T17:04:03.216] [DEBUG] debug-file - Incremental task entry:default@ProcessLibs pre-execution cost: 2 ms .
[2026-04-27T17:04:03.216] [DEBUG] debug-file - entry : default@ProcessLibs cost memory -1.5794754028320312
[2026-04-27T17:04:03.217] [INFO] debug-file - UP-TO-DATE :entry:default@ProcessLibs...  
[2026-04-27T17:04:03.217] [DEBUG] debug-file - restool module names: entry; moduleName=entry, taskName=default@CompileResource
[2026-04-27T17:04:03.218] [DEBUG] debug-file - Executing task :entry:default@CompileResource
[2026-04-27T17:04:03.223] [DEBUG] debug-file - Incremental task entry:default@CompileResource pre-execution cost: 5 ms .
[2026-04-27T17:04:03.223] [DEBUG] debug-file - entry : default@CompileResource cost memory 0.7079010009765625
[2026-04-27T17:04:03.224] [INFO] debug-file - UP-TO-DATE :entry:default@CompileResource...  
[2026-04-27T17:04:03.225] [DEBUG] debug-file - Executing task :entry:default@DoNativeStrip
[2026-04-27T17:04:03.225] [DEBUG] debug-file - Task 'entry:default@DoNativeStrip' cost while wrapping incremental declarations: 1 ms 
[2026-04-27T17:04:03.225] [DEBUG] debug-file - Incremental task entry:default@DoNativeStrip pre-execution cost: 1 ms .
[2026-04-27T17:04:03.225] [DEBUG] debug-file - entry : default@DoNativeStrip cost memory 0.0840301513671875
[2026-04-27T17:04:03.225] [INFO] debug-file - UP-TO-DATE :entry:default@DoNativeStrip...  
[2026-04-27T17:04:03.226] [DEBUG] debug-file - Executing task :entry:default@CompileArkTS
[2026-04-27T17:04:03.226] [DEBUG] debug-file - obfuscationOptions: undefined
[2026-04-27T17:04:03.227] [DEBUG] debug-file - Task 'entry:default@CompileArkTS' cost while wrapping incremental declarations: 1 ms 
[2026-04-27T17:04:03.232] [DEBUG] debug-file - entry:default@CompileArkTS is not up-to-date, since the input file 'C:\Users\lzf\Desktop\health_-service_-kit_-sample-code-master\health_-service_-kit_-sample-code-master\entry\src\main\ets' has been changed.
[2026-04-27T17:04:03.232] [DEBUG] debug-file - Incremental task entry:default@CompileArkTS pre-execution cost: 5 ms .
[2026-04-27T17:04:03.238] [DEBUG] debug-file - build config:
[2026-04-27T17:04:03.238] [DEBUG] debug-file - {
  moduleType: 'entry',
  perf: 0,
  targetName: '.default',
  packageManagerType: 'ohpm',
  localPropertiesPath: 'C:\\Users\\lzf\\Desktop\\health_-service_-kit_-sample-code-master\\health_-service_-kit_-sample-code-master\\local.properties',
  isPreview: false,
  isOhosTest: false,
  isLocalTest: false,
  buildMode: 'Debug',
  hotReloadBuild: undefined,
  watchMode: 'false',
  aceProfilePath: 'C:\\Users\\lzf\\Desktop\\health_-service_-kit_-sample-code-master\\health_-service_-kit_-sample-code-master\\entry\\build\\default\\intermediates\\res\\default\\resources\\base\\profile',
  etsLoaderPath: 'D:\\DevEco Studio\\sdk\\default\\openharmony\\ets\\build-tools\\ets-loader',
  modulePath: 'C:\\Users\\lzf\\Desktop\\health_-service_-kit_-sample-code-master\\health_-service_-kit_-sample-code-master\\entry',
  testFrameworkPar: {
    testMode: undefined,
    coveragePathFilter: undefined,
    coverageMode: undefined
  },
  needCoverageInsert: false,
  debugLine: false,
  projectTopDir: 'C:\\Users\\lzf\\Desktop\\health_-service_-kit_-sample-code-master\\health_-service_-kit_-sample-code-master',
  compileSdkVersion: 22,
  compatibleSdkVersion: 12,
  originCompatibleSdkVersion: '5.0.0(12)',
  compatibleSdkVersionStage: 'beta1',
  bundleName: 'c***n',
  etsLoaderVersion: '6.0.2.130',
  etsLoaderReleaseType: 'Release',
  aotCompileMode: 'type',
  apPath: 'C:\\Users\\lzf\\Desktop\\health_-service_-kit_-sample-code-master\\health_-service_-kit_-sample-code-master\\entry\\modules.ap',
  entryModuleName: 'entry',
  entryModuleVersion: '1.0.0',
  entryPackageName: 'entry',
  allModuleNameHash: 'bb6dfe8d2e193c35b0cb6b8a0846875a3be2b3ae6338f35de853e6a29232da55',
  externalApiPaths: [ 'D:\\DevEco Studio\\sdk\\default\\hms\\ets' ],
  compilerTypes: [],
  isCrossplatform: false,
  hvigorPluginFile: undefined,
  compilePluginPath: undefined,
  buildGeneratedProfilePath: 'C:\\Users\\lzf\\Desktop\\health_-service_-kit_-sample-code-master\\health_-service_-kit_-sample-code-master\\entry\\build\\default\\generated\\profile\\default',
  bundleType: 'app',
  arkTSVersion: undefined,
  apiVersion: 22,
  needCompleteSourcesMap: false,
  isFaMode: false,
  buildDir: 'C:\\Users\\lzf\\Desktop\\health_-service_-kit_-sample-code-master\\health_-service_-kit_-sample-code-master\\entry\\build',
  deviceTypes: [ 'phone', 'tablet' ],
  pkgContextInfo: undefined,
  ohPackagePathMap: {},
  dependencyAliasMap: {},
  permission: { requestPermissions: undefined, definePermissions: undefined },
  useGetCurrentBundleName: false,
  projectArkOption: {},
  sourceMapDir: undefined,
  branchElimination: false,
  transformLib: undefined,
  tsImportSendable: false,
  resolveConflictMode: true,
  depName2RootPath: {},
  depName2DepInfo: {},
  rootPathSet: [
    'C:\\Users\\lzf\\Desktop\\health_-service_-kit_-sample-code-master\\health_-service_-kit_-sample-code-master'
  ],
  useNativeResolver: true,
  shouldEmitJs: true,
  useTscResolve: false,
  singleFileEmit: false,
  userProjectConfig: {
    autoLazyImport: false,
    allowEmptyBundleName: false,
    reExportCheckMode: 'noCheck',
    executionMode: 'memory',
    usePathPlaceholder: false,
    writeRollupCache: true,
    isExpandImportEnabled: false,
    expandImportExclude: '',
    lazyImportExclude: '',
    lazyImportInclude: '',
    ignoreCrossplatformCheck: false,
    isHarDeduplicateEnabled: false,
    skipOhModulesLint: false,
    enableStrictCheckOHModule: false,
    disableSendableCheckRules: [],
    useDeclarationFileSignature: false,
    customizedOptions: undefined,
    integratedHsp: false,
    isPreloadSoEnabled: false
  },
  executionMode: 'memory',
  arkCompileCachePath: 'C:\\Users\\lzf\\Desktop\\health_-service_-kit_-sample-code-master\\health_-service_-kit_-sample-code-master\\entry\\build\\default\\cache\\default\\default@CompileArkTS\\esmodule',
  autoLazyFilter: undefined,
  isHarDeduplicateEnabled: false,
  intermediateHarDuplicateDirPath: 'C:\\Users\\lzf\\Desktop\\health_-service_-kit_-sample-code-master\\health_-service_-kit_-sample-code-master\\entry\\build\\default\\intermediates\\har_duplicate\\default',
  autoLazyImport: false,
  allowEmptyBundleName: false,
  reExportCheckMode: 'noCheck',
  usePathPlaceholder: false,
  writeRollupCache: true,
  isExpandImportEnabled: false,
  expandImportExclude: '',
  lazyImportExclude: '',
  lazyImportInclude: '',
  ignoreCrossplatformCheck: false,
  skipOhModulesLint: false,
  enableStrictCheckOHModule: false,
  disableSendableCheckRules: [],
  useDeclarationFileSignature: false,
  customizedOptions: undefined,
  integratedHsp: false,
  isPreloadSoEnabled: false,
  strictMode: undefined,
  useNormalizedOHMUrl: false,
  caseSensitiveCheck: false,
  aceModuleJsonPath: 'C:\\Users\\lzf\\Desktop\\health_-service_-kit_-sample-code-master\\health_-service_-kit_-sample-code-master\\entry\\build\\default\\intermediates\\res\\default\\ark_module.json',
  appResource: 'C:\\Users\\lzf\\Desktop\\health_-service_-kit_-sample-code-master\\health_-service_-kit_-sample-code-master\\entry\\build\\default\\intermediates\\res\\default\\ResourceTable.txt',
  rawFileResource: 'C:\\Users\\lzf\\Desktop\\health_-service_-kit_-sample-code-master\\health_-service_-kit_-sample-code-master\\entry\\build\\default\\intermediates\\res\\default\\resources\\rawfile',
  resourceTableHash: 'fce136b98a333daacd6837dfafa7c58bc85531faa021073e77ebf6d9e051944e',
  runtimeOS: 'HarmonyOS',
  sdkInfo: 'false:22:6.0.2.130:Release',
  aceModuleRoot: 'C:\\Users\\lzf\\Desktop\\health_-service_-kit_-sample-code-master\\health_-service_-kit_-sample-code-master\\entry\\src\\main\\ets',
  compileMode: 'esmodule',
  aceSuperVisualPath: 'C:\\Users\\lzf\\Desktop\\health_-service_-kit_-sample-code-master\\health_-service_-kit_-sample-code-master\\entry\\src\\main\\supervisual',
  aceBuildJson: 'C:\\Users\\lzf\\Desktop\\health_-service_-kit_-sample-code-master\\health_-service_-kit_-sample-code-master\\entry\\build\\default\\intermediates\\loader\\default\\loader.json',
  cachePath: 'C:\\Users\\lzf\\Desktop\\health_-service_-kit_-sample-code-master\\health_-service_-kit_-sample-code-master\\entry\\build\\default\\cache\\default\\default@CompileArkTS\\esmodule\\debug',
  aceModuleBuild: 'C:\\Users\\lzf\\Desktop\\health_-service_-kit_-sample-code-master\\health_-service_-kit_-sample-code-master\\entry\\build\\default\\intermediates\\loader_out\\default\\ets',
  supportChunks: true,
  declaredFilesPath: undefined,
  shouldCollectDirectImportees: false,
  isByteCodeHarOptimize: false,
  expandImportPath: undefined,
  pkgNameToPkgBriefInfo: {
    entry: {
      pkgRoot: 'C:\\Users\\lzf\\Desktop\\health_-service_-kit_-sample-code-master\\health_-service_-kit_-sample-code-master\\entry',
      originalSourceRoots: undefined,
      sourceRoots: [Array],
      pkgName: 'entry'
    }
  },
  projectModel: {
    'C:\\Users\\lzf\\Desktop\\health_-service_-kit_-sample-code-master\\health_-service_-kit_-sample-code-master\\entry\\src\\main': {
      moduleName: 'entry',
      modulePkgPath: 'C:\\Users\\lzf\\Desktop\\health_-service_-kit_-sample-code-master\\health_-service_-kit_-sample-code-master\\entry',
      belongProjectPath: 'C:\\Users\\lzf\\Desktop\\health_-service_-kit_-sample-code-master\\health_-service_-kit_-sample-code-master'
    },
    'C:\\Users\\lzf\\Desktop\\health_-service_-kit_-sample-code-master\\health_-service_-kit_-sample-code-master\\entry\\src\\ohosTest': {
      moduleName: 'entry_test',
      modulePkgPath: 'C:\\Users\\lzf\\Desktop\\health_-service_-kit_-sample-code-master\\health_-service_-kit_-sample-code-master\\entry',
      belongProjectPath: 'C:\\Users\\lzf\\Desktop\\health_-service_-kit_-sample-code-master\\health_-service_-kit_-sample-code-master'
    },
    'C:\\Users\\lzf\\Desktop\\health_-service_-kit_-sample-code-master\\health_-service_-kit_-sample-code-master\\entry': {
      moduleName: 'entry',
      modulePkgPath: 'C:\\Users\\lzf\\Desktop\\health_-service_-kit_-sample-code-master\\health_-service_-kit_-sample-code-master\\entry',
      belongProjectPath: 'C:\\Users\\lzf\\Desktop\\health_-service_-kit_-sample-code-master\\health_-service_-kit_-sample-code-master'
    },
    'C:\\Users\\lzf\\Desktop\\health_-service_-kit_-sample-code-master\\health_-service_-kit_-sample-code-master': {
      moduleName: 'health_-service_-kit_-sample-code-master',
      modulePkgPath: 'C:\\Users\\lzf\\Desktop\\health_-service_-kit_-sample-code-master\\health_-service_-kit_-sample-code-master',
      belongProjectPath: 'C:\\Users\\lzf\\Desktop\\health_-service_-kit_-sample-code-master\\health_-service_-kit_-sample-code-master'
    }
  },
  pkgJsonFileHash: '53c3da6ecb1d24a3ad581eea1fadab6cbeeaa772966670d8effc1efcec277957',
  allModulePaths: [
    'C:\\Users\\lzf\\Desktop\\health_-service_-kit_-sample-code-master\\health_-service_-kit_-sample-code-master\\entry'
  ],
  routerMap: {},
  obfuscationOptions: undefined,
  byteCodeHarToDependencyKeys: undefined,
  compileBlockPkg: [],
  mockParams: {
    decorator: '@MockSetup',
    packageName: '@ohos/hamock',
    etsSourceRootPath: 'src/main/ets',
    mockConfigPath: undefined,
    mockConfigKey2ModuleInfo: {},
    source2ModuleIdMap: {}
  },
  copyCodeResourceEnable: true,
  copyCodeResourceExcludes: [],
  copyCodeResourceIncludes: undefined,
  uiTransformOptimization: false,
  sdkPath: 'D:/DevEco Studio/sdk',
  needPreloadSoFileSet: {},
  preloadSoFilePath: 'C:\\Users\\lzf\\Desktop\\health_-service_-kit_-sample-code-master\\health_-service_-kit_-sample-code-master\\entry\\build\\default\\intermediates\\preload\\default\\preload.json',
  useSourceHash: false,
  localModuleParamMap: {},
  otherPaths: {
    'entry/*': [
      '..\\*',
      '..\\..\\..\\build\\default\\generated\\profile\\default\\*'
    ]
  },
  collectImportersConfig: undefined
}
[2026-04-27T17:04:03.238] [DEBUG] debug-file - Compile arkts with external api path: D:\DevEco Studio\sdk\default\hms\ets
[2026-04-27T17:04:03.239] [DEBUG] debug-file - default@CompileArkTS work[2] is submitted.
[2026-04-27T17:04:03.239] [DEBUG] debug-file - default@CompileArkTS work[2] is pushed to ready queue.
[2026-04-27T17:04:03.239] [DEBUG] debug-file - A work dispatched to worker[23] failed because unable to get work from ready queue.
[2026-04-27T17:04:03.239] [DEBUG] debug-file - A work dispatched to worker[22] failed because unable to get work from ready queue.
[2026-04-27T17:04:03.239] [DEBUG] debug-file - A work dispatched to worker[21] failed because unable to get work from ready queue.
[2026-04-27T17:04:03.239] [DEBUG] debug-file - A work dispatched to worker[20] failed because unable to get work from ready queue.
[2026-04-27T17:04:03.239] [DEBUG] debug-file - A work dispatched to worker[19] failed because unable to get work from ready queue.
[2026-04-27T17:04:03.239] [DEBUG] debug-file - A work dispatched to worker[18] failed because unable to get work from ready queue.
[2026-04-27T17:04:03.239] [DEBUG] debug-file - A work dispatched to worker[17] failed because unable to get work from ready queue.
[2026-04-27T17:04:03.239] [DEBUG] debug-file - A work dispatched to worker[16] failed because unable to get work from ready queue.
[2026-04-27T17:04:03.239] [DEBUG] debug-file - A work dispatched to worker[15] failed because unable to get work from ready queue.
[2026-04-27T17:04:03.239] [DEBUG] debug-file - A work dispatched to worker[14] failed because unable to get work from ready queue.
[2026-04-27T17:04:03.239] [DEBUG] debug-file - A work dispatched to worker[13] failed because unable to get work from ready queue.
[2026-04-27T17:04:03.239] [DEBUG] debug-file - A work dispatched to worker[12] failed because unable to get work from ready queue.
[2026-04-27T17:04:03.239] [DEBUG] debug-file - A work dispatched to worker[11] failed because unable to get work from ready queue.
[2026-04-27T17:04:03.239] [DEBUG] debug-file - A work dispatched to worker[10] failed because unable to get work from ready queue.
[2026-04-27T17:04:03.239] [DEBUG] debug-file - A work dispatched to worker[9] failed because unable to get work from ready queue.
[2026-04-27T17:04:03.239] [DEBUG] debug-file - A work dispatched to worker[8] failed because unable to get work from ready queue.
[2026-04-27T17:04:03.239] [DEBUG] debug-file - A work dispatched to worker[7] failed because unable to get work from ready queue.
[2026-04-27T17:04:03.239] [DEBUG] debug-file - A work dispatched to worker[6] failed because unable to get work from ready queue.
[2026-04-27T17:04:03.239] [DEBUG] debug-file - A work dispatched to worker[5] failed because unable to get work from ready queue.
[2026-04-27T17:04:03.239] [DEBUG] debug-file - default@CompileArkTS work[2] has been dispatched to worker[4].
[2026-04-27T17:04:03.239] [DEBUG] debug-file - default@CompileArkTS work[2] is dispatched.
[2026-04-27T17:04:03.239] [DEBUG] debug-file - CopyResources startTime: 3229333759400
[2026-04-27T17:04:03.240] [DEBUG] debug-file - default@CompileArkTS work[3] is submitted.
[2026-04-27T17:04:03.240] [DEBUG] debug-file - default@CompileArkTS work[3] is pushed to ready queue.
[2026-04-27T17:04:03.240] [DEBUG] debug-file - A work dispatched to worker[23] failed because unable to get work from ready queue.
[2026-04-27T17:04:03.240] [DEBUG] debug-file - Create  resident worker with id: 22.
[2026-04-27T17:04:03.240] [DEBUG] debug-file - default@CompileArkTS work[3] has been dispatched to worker[22].
[2026-04-27T17:04:03.240] [DEBUG] debug-file - default@CompileArkTS work[3] is dispatched.
[2026-04-27T17:04:03.240] [DEBUG] debug-file - entry : default@CompileArkTS cost memory 0.01294708251953125
[2026-04-27T17:04:03.241] [DEBUG] debug-file - Executing task :entry:default@BuildJS
[2026-04-27T17:04:03.241] [DEBUG] debug-file - Task 'entry:default@BuildJS' cost while wrapping incremental declarations: 1 ms 
[2026-04-27T17:04:03.243] [DEBUG] debug-file - entry : default@BuildJS cost memory 0.16806793212890625
[2026-04-27T17:04:03.243] [DEBUG] debug-file - runTaskFromQueue task cost before running: 145 ms 
[2026-04-27T17:04:03.243] [INFO] debug-file - Finished :entry:default@BuildJS... after 2 ms 
[2026-04-27T17:04:03.244] [DEBUG] debug-file - Executing task :entry:default@CacheNativeLibs
[2026-04-27T17:04:03.244] [DEBUG] debug-file - Task 'entry:default@CacheNativeLibs' cost while wrapping incremental declarations: 1 ms 
[2026-04-27T17:04:03.244] [DEBUG] debug-file - Incremental task entry:default@CacheNativeLibs pre-execution cost: 1 ms .
[2026-04-27T17:04:03.245] [DEBUG] debug-file - entry : default@CacheNativeLibs cost memory 0.1010894775390625
[2026-04-27T17:04:03.245] [INFO] debug-file - UP-TO-DATE :entry:default@CacheNativeLibs...  
[2026-04-27T17:04:03.841] [DEBUG] debug-file - worker[22] has one work done.
[2026-04-27T17:04:03.842] [DEBUG] debug-file - CopyResources is end, endTime: 3229935827400
[2026-04-27T17:04:03.842] [DEBUG] debug-file - default@CompileArkTS work[3] done.
[2026-04-27T17:04:03.842] [DEBUG] debug-file - A work dispatched to worker[22] failed because unable to get work from ready queue.
[2026-04-27T17:04:03.899] [DEBUG] debug-file - worker[4] has one work error.
[2026-04-27T17:04:03.899] [DEBUG] debug-file - Ark compile task finished.finished time is 3229992957400
[2026-04-27T17:04:03.899] [DEBUG] debug-file - default@CompileArkTS work[2] failed.
[2026-04-27T17:04:03.899] [ERROR] debug-file - Failed :entry:default@CompileArkTS... 
[2026-04-27T17:04:03.899] [WARN] debug-file - 
[33m1 WARN: [33m[33mArkTS:WARN File: C:/Users/lzf/Desktop/health_-service_-kit_-sample-code-master/health_-service_-kit_-sample-code-master/entry/src/main/ets/pages/MainIndex.ets:75:27
 'pushUrl' has been deprecated.
[39m[39m
[33m2 WARN: [33m[33mArkTS:WARN File: C:/Users/lzf/Desktop/health_-service_-kit_-sample-code-master/health_-service_-kit_-sample-code-master/entry/src/main/ets/pages/DataSourceIndex.ets:16:53
 'back' has been deprecated.
[39m[39m
[33m3 WARN: [33m[33mArkTS:WARN File: C:/Users/lzf/Desktop/health_-service_-kit_-sample-code-master/health_-service_-kit_-sample-code-master/entry/src/main/ets/pages/DataSourceIndex.ets:25:47
 'showToast' has been deprecated.
[39m[39m
[33m4 WARN: [33m[33mArkTS:WARN File: C:/Users/lzf/Desktop/health_-service_-kit_-sample-code-master/health_-service_-kit_-sample-code-master/entry/src/main/ets/pages/DataSourceIndex.ets:25:91
 'showToast' has been deprecated.
[39m[39m
[33m5 WARN: [33m[33mArkTS:WARN File: C:/Users/lzf/Desktop/health_-service_-kit_-sample-code-master/health_-service_-kit_-sample-code-master/entry/src/main/ets/pages/DataSourceIndex.ets:32:49
 'showToast' has been deprecated.
[39m[39m
[33m6 WARN: [33m[33mArkTS:WARN File: C:/Users/lzf/Desktop/health_-service_-kit_-sample-code-master/health_-service_-kit_-sample-code-master/entry/src/main/ets/pages/DataSourceIndex.ets:38:24
 'showToast' has been deprecated.
[39m[39m
[33m7 WARN: [33m[33mArkTS:WARN File: C:/Users/lzf/Desktop/health_-service_-kit_-sample-code-master/health_-service_-kit_-sample-code-master/entry/src/main/ets/pages/DataSourceIndex.ets:52:32
 'showToast' has been deprecated.
[39m[39m
[33m8 WARN: [33m[33mArkTS:WARN File: C:/Users/lzf/Desktop/health_-service_-kit_-sample-code-master/health_-service_-kit_-sample-code-master/entry/src/main/ets/pages/AuthIndex.ets:16:59
 'back' has been deprecated.
[39m[39m
[33m9 WARN: [33m[33mArkTS:WARN File: C:/Users/lzf/Desktop/health_-service_-kit_-sample-code-master/health_-service_-kit_-sample-code-master/entry/src/main/ets/pages/AuthIndex.ets:27:30
 'showToast' has been deprecated.
[39m[39m
[33m10 WARN: [33m[33mArkTS:WARN File: C:/Users/lzf/Desktop/health_-service_-kit_-sample-code-master/health_-service_-kit_-sample-code-master/entry/src/main/ets/pages/SamplePointIndex.ets:15:59
 'back' has been deprecated.
[39m[39m
[33m11 WARN: [33m[33mArkTS:WARN File: C:/Users/lzf/Desktop/health_-service_-kit_-sample-code-master/health_-service_-kit_-sample-code-master/entry/src/main/ets/pages/SamplePointIndex.ets:28:41
 'showToast' has been deprecated.
[39m[39m
[33m12 WARN: [33m[33mArkTS:WARN File: C:/Users/lzf/Desktop/health_-service_-kit_-sample-code-master/health_-service_-kit_-sample-code-master/entry/src/main/ets/pages/SamplePointIndex.ets:33:28
 'showToast' has been deprecated.
[39m[39m
[33m13 WARN: [33m[33mArkTS:WARN File: C:/Users/lzf/Desktop/health_-service_-kit_-sample-code-master/health_-service_-kit_-sample-code-master/entry/src/main/ets/pages/HealthSequenceIndex.ets:16:59
 'back' has been deprecated.
[39m[39m
[33m14 WARN: [33m[33mArkTS:WARN File: C:/Users/lzf/Desktop/health_-service_-kit_-sample-code-master/health_-service_-kit_-sample-code-master/entry/src/main/ets/pages/HealthSequenceIndex.ets:23:41
 'showToast' has been deprecated.
[39m[39m
[33m15 WARN: [33m[33mArkTS:WARN File: C:/Users/lzf/Desktop/health_-service_-kit_-sample-code-master/health_-service_-kit_-sample-code-master/entry/src/main/ets/pages/ExerciseSequenceIndex.ets:15:59
 'back' has been deprecated.
[39m[39m
[33m16 WARN: [33m[33mArkTS:WARN File: C:/Users/lzf/Desktop/health_-service_-kit_-sample-code-master/health_-service_-kit_-sample-code-master/entry/src/main/ets/pages/ExerciseSequenceIndex.ets:30:70
 'showToast' has been deprecated.
[39m[39m
[33m17 WARN: [33m[33mArkTS:WARN File: C:/Users/lzf/Desktop/health_-service_-kit_-sample-code-master/health_-service_-kit_-sample-code-master/entry/src/main/ets/pages/ExerciseSequenceIndex.ets:33:28
 'showToast' has been deprecated.
[39m[39m
[33m18 WARN: [33m[33mArkTS:WARN File: C:/Users/lzf/Desktop/health_-service_-kit_-sample-code-master/health_-service_-kit_-sample-code-master/entry/src/main/ets/pages/WorkoutIndex.ets:25:20
 'back' has been deprecated.
[39m[39m
[33m19 WARN: [33m[33mArkTS:WARN File: C:/Users/lzf/Desktop/health_-service_-kit_-sample-code-master/health_-service_-kit_-sample-code-master/entry/src/main/ets/pages/WorkoutIndex.ets:45:26
 'showToast' has been deprecated.
[39m[39m
[33m20 WARN: [33m[33mArkTS:WARN File: C:/Users/lzf/Desktop/health_-service_-kit_-sample-code-master/health_-service_-kit_-sample-code-master/entry/src/main/ets/pages/WorkoutIndex.ets:47:26
 'showToast' has been deprecated.
[39m[39m
[33m21 WARN: [33m[33mArkTS:WARN File: C:/Users/lzf/Desktop/health_-service_-kit_-sample-code-master/health_-service_-kit_-sample-code-master/entry/src/main/ets/pages/WorkoutIndex.ets:72:32
 'showToast' has been deprecated.
[39m[39m
[2026-04-27T17:04:03.899] [DEBUG] debug-file - hvigor build process will be closed with an error.
[2026-04-27T17:04:03.900] [DEBUG] debug-file - ERROR: stacktrace = Error: ArkTS Compiler Error
[31m1 ERROR: [31m10505001 ArkTS Compiler Error
Error Message: Argument of type '{ isOn: boolean; }' is not assignable to parameter of type 'ToggleOptions'.
  Property 'type' is missing in type '{ isOn: boolean; }' but required in type 'ToggleOptions'. At File: C:/Users/lzf/Desktop/health_-service_-kit_-sample-code-master/health_-service_-kit_-sample-code-master/entry/src/main/ets/pages/AuthIndex.ets:25:22
[39m
[39m
[31mCOMPILE RESULT:FAIL {ERROR:2 WARN:21}[39m
    at runArkPack (D:\DevEco Studio\tools\hvigor\hvigor-ohos-plugin\node_modules\@ohos\hvigor-arkts-compose\dist\src\arkts-pack.js:1:5860)
ArkTSCompilerError: ArkTS Compiler Error
    at throwArkTsCompilerError (D:\DevEco Studio\tools\hvigor\hvigor-ohos-plugin\node_modules\@ohos\hvigor-arkts-compose\dist\src\data\compose-error.js:1:423)
    at throwErrorIfHasErrorInfo (D:\DevEco Studio\tools\hvigor\hvigor-ohos-plugin\node_modules\@ohos\hvigor-arkts-compose\dist\src\plugins\common-plugin.js:1:4478)
    at Object.handler (D:\DevEco Studio\tools\hvigor\hvigor-ohos-plugin\node_modules\@ohos\hvigor-arkts-compose\dist\src\plugins\common-plugin.js:1:2547)
    at D:\DevEco Studio\tools\hvigor\hvigor-ohos-plugin\node_modules\@ohos\hvigor-arkts-base\node_modules\rollup\dist\shared\rollup.js:27765:40
[2026-04-27T17:04:03.901] [ERROR] debug-file - Error: ArkTS Compiler Error
[31m1 ERROR: [31m10505001 ArkTS Compiler Error
Error Message: Argument of type '{ isOn: boolean; }' is not assignable to parameter of type 'ToggleOptions'.
  Property 'type' is missing in type '{ isOn: boolean; }' but required in type 'ToggleOptions'. At File: C:/Users/lzf/Desktop/health_-service_-kit_-sample-code-master/health_-service_-kit_-sample-code-master/entry/src/main/ets/pages/AuthIndex.ets:25:22
[39m
[39m
[31mCOMPILE RESULT:FAIL {ERROR:2 WARN:21}[39m
    at runArkPack (D:\DevEco Studio\tools\hvigor\hvigor-ohos-plugin\node_modules\@ohos\hvigor-arkts-compose\dist\src\arkts-pack.js:1:5860)
ArkTSCompilerError: ArkTS Compiler Error
    at throwArkTsCompilerError (D:\DevEco Studio\tools\hvigor\hvigor-ohos-plugin\node_modules\@ohos\hvigor-arkts-compose\dist\src\data\compose-error.js:1:423)
    at throwErrorIfHasErrorInfo (D:\DevEco Studio\tools\hvigor\hvigor-ohos-plugin\node_modules\@ohos\hvigor-arkts-compose\dist\src\plugins\common-plugin.js:1:4478)
    at Object.handler (D:\DevEco Studio\tools\hvigor\hvigor-ohos-plugin\node_modules\@ohos\hvigor-arkts-compose\dist\src\plugins\common-plugin.js:1:2547)
    at D:\DevEco Studio\tools\hvigor\hvigor-ohos-plugin\node_modules\@ohos\hvigor-arkts-base\node_modules\rollup\dist\shared\rollup.js:27765:40
[2026-04-27T17:04:03.906] [ERROR] debug-file - BUILD FAILED in 807 ms 
[2026-04-27T17:04:03.906] [DEBUG] debug-file - There is no need to refresh cache, since the incremental task entry:default@PreBuild is up-to-date.
[2026-04-27T17:04:03.906] [DEBUG] debug-file - Update task entry:default@CreateModuleInfo output file:C:\Users\lzf\Desktop\health_-service_-kit_-sample-code-master\health_-service_-kit_-sample-code-master\entry\build\default\generated\profile\default\ModuleInfo.ts cache.
[2026-04-27T17:04:03.906] [DEBUG] debug-file - Incremental task entry:default@CreateModuleInfo post-execution cost:1 ms .
[2026-04-27T17:04:03.906] [DEBUG] debug-file - There is no need to refresh cache, since the incremental task entry:default@GenerateMetadata is up-to-date.
[2026-04-27T17:04:03.906] [DEBUG] debug-file - There is no need to refresh cache, since the incremental task entry:default@MergeProfile is up-to-date.
[2026-04-27T17:04:03.906] [DEBUG] debug-file - There is no need to refresh cache, since the incremental task entry:default@CreateBuildProfile is up-to-date.
[2026-04-27T17:04:03.906] [DEBUG] debug-file - Update task entry:default@GeneratePkgContextInfo output file:C:\Users\lzf\Desktop\health_-service_-kit_-sample-code-master\health_-service_-kit_-sample-code-master\entry\build\default\intermediates\loader\default\pkgContextInfo.json cache.
[2026-04-27T17:04:03.906] [DEBUG] debug-file - Incremental task entry:default@GeneratePkgContextInfo post-execution cost:1 ms .
[2026-04-27T17:04:03.906] [DEBUG] debug-file - Update task entry:default@ProcessIntegratedHsp output file:C:\Users\lzf\Desktop\health_-service_-kit_-sample-code-master\health_-service_-kit_-sample-code-master\build\cache\default\integrated_hsp\integratedHspCache.json cache.
[2026-04-27T17:04:03.906] [DEBUG] debug-file - Incremental task entry:default@ProcessIntegratedHsp post-execution cost:1 ms .
[2026-04-27T17:04:03.906] [DEBUG] debug-file - There is no need to refresh cache, since the incremental task entry:default@MakePackInfo is up-to-date.
[2026-04-27T17:04:03.906] [DEBUG] debug-file - Update task entry:default@SyscapTransform input file:D:\DevEco Studio\sdk\default\openharmony\toolchains\syscap_tool.exe cache by regenerate.
[2026-04-27T17:04:03.907] [DEBUG] debug-file - Update task entry:default@SyscapTransform input file:D:\DevEco Studio\sdk\default\openharmony\ets\api\device-define cache by regenerate.
[2026-04-27T17:04:03.907] [DEBUG] debug-file - Update task entry:default@SyscapTransform output file:C:\Users\lzf\Desktop\health_-service_-kit_-sample-code-master\health_-service_-kit_-sample-code-master\entry\build\default\intermediates\syscap\default\rpcid.sc cache.
[2026-04-27T17:04:03.907] [DEBUG] debug-file - Incremental task entry:default@SyscapTransform post-execution cost:1 ms .
[2026-04-27T17:04:03.907] [DEBUG] debug-file - There is no need to refresh cache, since the incremental task entry:default@ProcessProfile is up-to-date.
[2026-04-27T17:04:03.907] [DEBUG] debug-file - There is no need to refresh cache, since the incremental task entry:default@ProcessRouterMap is up-to-date.
[2026-04-27T17:04:03.907] [DEBUG] debug-file - There is no need to refresh cache, since the incremental task entry:default@ProcessShareConfig is up-to-date.
[2026-04-27T17:04:03.907] [DEBUG] debug-file - Update task entry:default@ProcessStartupConfig output file:C:\Users\lzf\Desktop\health_-service_-kit_-sample-code-master\health_-service_-kit_-sample-code-master\entry\build\default\intermediates\startup\default\startup_config.json cache.
[2026-04-27T17:04:03.908] [DEBUG] debug-file - Incremental task entry:default@ProcessStartupConfig post-execution cost:1 ms .
[2026-04-27T17:04:03.908] [DEBUG] debug-file - There is no need to refresh cache, since the incremental task entry:default@ProcessResource is up-to-date.
[2026-04-27T17:04:03.908] [DEBUG] debug-file - There is no need to refresh cache, since the incremental task entry:default@GenerateLoaderJson is up-to-date.
[2026-04-27T17:04:03.908] [DEBUG] debug-file - There is no need to refresh cache, since the incremental task entry:default@ProcessLibs is up-to-date.
[2026-04-27T17:04:03.908] [DEBUG] debug-file - There is no need to refresh cache, since the incremental task entry:default@CompileResource is up-to-date.
[2026-04-27T17:04:03.908] [DEBUG] debug-file - There is no need to refresh cache, since the incremental task entry:default@DoNativeStrip is up-to-date.
[2026-04-27T17:04:03.908] [DEBUG] debug-file - Update task entry:default@CompileArkTS input file:C:\Users\lzf\Desktop\health_-service_-kit_-sample-code-master\health_-service_-kit_-sample-code-master\entry\build\default\intermediates\loader\default cache by regenerate.
[2026-04-27T17:04:03.909] [DEBUG] debug-file - Update task entry:default@CompileArkTS input file:C:\Users\lzf\Desktop\health_-service_-kit_-sample-code-master\health_-service_-kit_-sample-code-master\entry\build\default\intermediates\res\default\ResourceTable.txt cache by regenerate.
[2026-04-27T17:04:03.909] [DEBUG] debug-file - Update task entry:default@CompileArkTS input file:C:\Users\lzf\Desktop\health_-service_-kit_-sample-code-master\health_-service_-kit_-sample-code-master\entry\build\default\intermediates\res\default\ark_module.json cache by regenerate.
[2026-04-27T17:04:03.909] [DEBUG] debug-file - Update task entry:default@CompileArkTS input file:C:\Users\lzf\Desktop\health_-service_-kit_-sample-code-master\health_-service_-kit_-sample-code-master\entry\build\default\intermediates\res\default\resources\base\profile cache by regenerate.
[2026-04-27T17:04:03.909] [DEBUG] debug-file - Update task entry:default@CompileArkTS input file:C:\Users\lzf\Desktop\health_-service_-kit_-sample-code-master\health_-service_-kit_-sample-code-master\entry\src\main\ets cache from map.
[2026-04-27T17:04:03.909] [DEBUG] debug-file - Update task entry:default@CompileArkTS input file:C:\Users\lzf\Desktop\health_-service_-kit_-sample-code-master\health_-service_-kit_-sample-code-master\entry\build\default\generated\profile\default\BuildProfile.ets cache by regenerate.
[2026-04-27T17:04:03.909] [DEBUG] debug-file - Update task entry:default@CompileArkTS output file:C:\Users\lzf\Desktop\health_-service_-kit_-sample-code-master\health_-service_-kit_-sample-code-master\entry\build\default\intermediates\loader_out\default\ets cache.
[2026-04-27T17:04:03.909] [DEBUG] debug-file - Incremental task entry:default@CompileArkTS post-execution cost:2 ms .
[2026-04-27T17:04:03.910] [DEBUG] debug-file - Update task entry:default@BuildJS input file:C:\Users\lzf\Desktop\health_-service_-kit_-sample-code-master\health_-service_-kit_-sample-code-master\entry\build\default\intermediates\loader\default cache by regenerate.
[2026-04-27T17:04:03.910] [DEBUG] debug-file - Update task entry:default@BuildJS input file:C:\Users\lzf\Desktop\health_-service_-kit_-sample-code-master\health_-service_-kit_-sample-code-master\entry\build\default\intermediates\res\default\ResourceTable.txt cache by regenerate.
[2026-04-27T17:04:03.910] [DEBUG] debug-file - Update task entry:default@BuildJS input file:C:\Users\lzf\Desktop\health_-service_-kit_-sample-code-master\health_-service_-kit_-sample-code-master\entry\build\default\intermediates\res\default\ark_module.json cache by regenerate.
[2026-04-27T17:04:03.911] [DEBUG] debug-file - Update task entry:default@BuildJS input file:C:\Users\lzf\Desktop\health_-service_-kit_-sample-code-master\health_-service_-kit_-sample-code-master\entry\build\default\intermediates\res\default\resources\base\profile cache by regenerate.
[2026-04-27T17:04:03.911] [DEBUG] debug-file - Update task entry:default@BuildJS output file:C:\Users\lzf\Desktop\health_-service_-kit_-sample-code-master\health_-service_-kit_-sample-code-master\entry\build\default\intermediates\loader_out\default\js cache.
[2026-04-27T17:04:03.911] [DEBUG] debug-file - Incremental task entry:default@BuildJS post-execution cost:2 ms .
[2026-04-27T17:04:03.911] [DEBUG] debug-file - There is no need to refresh cache, since the incremental task entry:default@CacheNativeLibs is up-to-date.
[2026-04-27T17:04:03.922] [DEBUG] debug-file - Cleanup worker 22.
[2026-04-27T17:04:03.922] [DEBUG] debug-file - Worker 22 has been cleaned up.
[2026-04-27T17:04:03.922] [DEBUG] debug-file - Current idle worker size: 1.
[2026-04-27T17:04:03.922] [DEBUG] debug-file - Current resident worker size: 2.
[2026-04-27T17:04:03.922] [DEBUG] debug-file - hvigor build process will be closed.
[2026-04-27T17:04:03.928] [DEBUG] debug-file - worker[22] exits with exit code 1.
[2026-04-27T17:04:03.929] [DEBUG] debug-file - session manager: send message to worker process.
[2026-04-27T17:04:03.929] [DEBUG] debug-file - session manager: send message to worker process.
[2026-04-27T17:04:03.930] [DEBUG] debug-file - watch worker: worker id should be larger than 0. Nothing will be sent to any worker thread.
[2026-04-27T17:04:03.930] [DEBUG] debug-file - watch worker: worker id should be larger than 0. Nothing will be sent to any worker thread.
[2026-04-27T17:09:39.369] [DEBUG] debug-file - session manager: set active socket. socketId=2-GiT2bCVkr1w-ZoAAAH
[2026-04-27T17:09:39.374] [DEBUG] debug-file - watch worker: worker id should be larger than 0. Nothing will be sent to any worker thread.
[2026-04-27T17:09:39.376] [DEBUG] debug-file - Workers' log level updated to INFO
[2026-04-27T17:09:39.378] [DEBUG] debug-file - Hvigor init with startParameters:{
  hvigorfileTypeCheck: false,
  parallelExecution: true,
  incrementalExecution: true,
  printStackTrace: false,
  daemon: true,
  analyze: 0,
  logLevel: Level { level: 20000, levelStr: 'INFO', colour: 'green' },
  optimizationStrategy: 'memory',
  hotCompile: undefined,
  hotReloadBuild: undefined,
  customizedParam: undefined
}
[2026-04-27T17:09:39.381] [DEBUG] debug-file - Cache service initialization finished in 3 ms 
[2026-04-27T17:09:39.381] [DEBUG] debug-file - hvigorfile, resolving C:\Users\lzf\Desktop\health_-service_-kit_-sample-code-master\health_-service_-kit_-sample-code-master\hvigorfile.ts
[2026-04-27T17:09:39.387] [DEBUG] debug-file - hvigorfile, require result:  { default: { plugins: [] } }
[2026-04-27T17:09:39.387] [DEBUG] debug-file - hvigorfile, binding system plugins null
[2026-04-27T17:09:39.387] [DEBUG] debug-file - Starting plugin build process
[2026-04-27T17:09:39.387] [DEBUG] debug-file - App plugin prepare start...
[2026-04-27T17:09:39.387] [DEBUG] debug-file - App plugin prepare end...
[2026-04-27T17:09:39.387] [DEBUG] debug-file - App plugin creating...
[2026-04-27T17:09:39.391] [DEBUG] debug-file - App plugin register hook start...
[2026-04-27T17:09:39.392] [DEBUG] debug-file - App plugin register hook end...
[2026-04-27T17:09:39.392] [DEBUG] debug-file - Plugin build process completed
[2026-04-27T17:09:39.392] [DEBUG] debug-file - Start initialize project's product build option map with build mode debug.
[2026-04-27T17:09:39.392] [DEBUG] debug-file - Picking option from product 'default' with build mode 'debug'.
[2026-04-27T17:09:39.392] [DEBUG] debug-file - Product 'default' build option initialized
[2026-04-27T17:09:39.392] [DEBUG] debug-file - End initialize project's product build option map with build mode 'debug'.
[2026-04-27T17:09:39.392] [DEBUG] debug-file - Obtain build option for product 'default'in this build.
[2026-04-27T17:09:39.393] [DEBUG] debug-file - No signingConfig found, initRemoteHspCache failed.
[2026-04-27T17:09:39.395] [DEBUG] debug-file - Start recording SDK configuration permission data.
[2026-04-27T17:09:39.417] [DEBUG] debug-file - Sdk init in 23 ms 
[2026-04-27T17:09:39.419] [DEBUG] debug-file - Project task initialization takes 3 ms 
[2026-04-27T17:09:39.419] [DEBUG] debug-file - hvigorfile, binding custom plugins []
[2026-04-27T17:09:39.420] [DEBUG] debug-file - hvigorfile, no custom plugins were found in C:\Users\lzf\Desktop\health_-service_-kit_-sample-code-master\health_-service_-kit_-sample-code-master\hvigorfile.ts
[2026-04-27T17:09:39.420] [DEBUG] debug-file - hvigorfile, resolve finished C:\Users\lzf\Desktop\health_-service_-kit_-sample-code-master\health_-service_-kit_-sample-code-master\hvigorfile.ts
[2026-04-27T17:09:39.420] [DEBUG] debug-file - hvigorfile, resolving C:\Users\lzf\Desktop\health_-service_-kit_-sample-code-master\health_-service_-kit_-sample-code-master\entry\hvigorfile.ts
[2026-04-27T17:09:39.423] [DEBUG] debug-file - hvigorfile, require result:  { default: { plugins: [] } }
[2026-04-27T17:09:39.423] [DEBUG] debug-file - hvigorfile, binding system plugins null
[2026-04-27T17:09:39.423] [DEBUG] debug-file - Starting plugin build process
[2026-04-27T17:09:39.423] [DEBUG] debug-file - Hap plugin creating...
[2026-04-27T17:09:39.424] [DEBUG] debug-file - failed to load cangjie to dynamically generate schemas: Error: Cannot find module '@ohos/cangjie-build-support/index'
Require stack:
- D:\DevEco Studio\tools\hvigor\hvigor-ohos-plugin\src\plugin\hooks\cangjie-register.js
- D:\DevEco Studio\tools\hvigor\hvigor-ohos-plugin\src\plugin\strategy\stage-init-strategy.js
- D:\DevEco Studio\tools\hvigor\hvigor-ohos-plugin\src\plugin\builder\abstract-plugin-builder.js
- D:\DevEco Studio\tools\hvigor\hvigor-ohos-plugin\src\plugin\builder\app-plugin-builder.js
- D:\DevEco Studio\tools\hvigor\hvigor-ohos-plugin\src\plugin\factory\plugin-factory.js
- D:\DevEco Studio\tools\hvigor\hvigor-ohos-plugin\index.js
- C:\Users\lzf\Desktop\health_-service_-kit_-sample-code-master\health_-service_-kit_-sample-code-master\hvigorfile.ts
- D:\DevEco Studio\tools\hvigor\hvigor\src\base\internal\lifecycle\configuration.js
- D:\DevEco Studio\tools\hvigor\hvigor\src\base\boot\index.js
- D:\DevEco Studio\tools\hvigor\hvigor\src\base\daemon\cluster\worker-process-lifecycle.js
- D:\DevEco Studio\tools\hvigor\hvigor\src\base\daemon\process\daemon-process-boot-script.js
[2026-04-27T17:09:39.425] [DEBUG] debug-file - Start initialize module-target build option map, moduleName=entry, buildMode=debug
[2026-04-27T17:09:39.425] [DEBUG] debug-file - Target 'default' config initialized
[2026-04-27T17:09:39.425] [DEBUG] debug-file - Target 'ohosTest' config initialized
[2026-04-27T17:09:39.426] [DEBUG] debug-file - Module 'entry' target 'default' build option initialized
[2026-04-27T17:09:39.426] [DEBUG] debug-file - Module 'entry' target 'ohosTest' build option initialized
[2026-04-27T17:09:39.426] [DEBUG] debug-file - End initialize module-target build option map, moduleName=entry
[2026-04-27T17:09:39.427] [DEBUG] debug-file - Start initialize module-target build option map, moduleName=entry, buildMode=release
[2026-04-27T17:09:39.427] [DEBUG] debug-file - Target 'default' config initialized
[2026-04-27T17:09:39.427] [DEBUG] debug-file - Target 'ohosTest' config initialized
[2026-04-27T17:09:39.427] [DEBUG] debug-file - Module 'entry' target 'default' build option initialized
[2026-04-27T17:09:39.427] [DEBUG] debug-file - Module 'entry' target 'ohosTest' build option initialized
[2026-04-27T17:09:39.427] [DEBUG] debug-file - End initialize module-target build option map, moduleName=entry
[2026-04-27T17:09:39.427] [DEBUG] debug-file - Start initialize module-target build option map, moduleName=entry, buildMode=debug
[2026-04-27T17:09:39.427] [DEBUG] debug-file - Target 'default' config initialized
[2026-04-27T17:09:39.427] [DEBUG] debug-file - Target 'ohosTest' config initialized
[2026-04-27T17:09:39.427] [DEBUG] debug-file - Module 'entry' target 'default' build option initialized
[2026-04-27T17:09:39.427] [DEBUG] debug-file - Module 'entry' target 'ohosTest' build option initialized
[2026-04-27T17:09:39.427] [DEBUG] debug-file - End initialize module-target build option map, moduleName=entry
[2026-04-27T17:09:39.427] [DEBUG] debug-file - Obtain build option for module 'entry' target 'default'in this build.
[2026-04-27T17:09:39.428] [DEBUG] debug-file - Module entry task initialization takes 1 ms 
[2026-04-27T17:09:39.428] [DEBUG] debug-file - Hap plugin register hook start...
[2026-04-27T17:09:39.428] [DEBUG] debug-file - Hap plugin register hook end...
[2026-04-27T17:09:39.428] [DEBUG] debug-file - Plugin build process completed
[2026-04-27T17:09:39.428] [DEBUG] debug-file - hvigorfile, binding custom plugins []
[2026-04-27T17:09:39.428] [DEBUG] debug-file - hvigorfile, no custom plugins were found in C:\Users\lzf\Desktop\health_-service_-kit_-sample-code-master\health_-service_-kit_-sample-code-master\entry\hvigorfile.ts
[2026-04-27T17:09:39.428] [DEBUG] debug-file - hvigorfile, resolve finished C:\Users\lzf\Desktop\health_-service_-kit_-sample-code-master\health_-service_-kit_-sample-code-master\entry\hvigorfile.ts
[2026-04-27T17:09:39.441] [DEBUG] debug-file - hvigorfile, resolve hvigorfile dependencies in 13 ms 
[2026-04-27T17:09:39.441] [DEBUG] debug-file - project has submodules:entry
[2026-04-27T17:09:39.442] [DEBUG] debug-file - start to load updatedOhPackageInfo to the disk
[2026-04-27T17:09:39.447] [DEBUG] debug-file - load to the disk finished
[2026-04-27T17:09:39.447] [DEBUG] debug-file - Start to initialize dependency information.
[2026-04-27T17:09:39.450] [DEBUG] debug-file - Module health_-service_-kit_-sample-code-master Collected Dependency: 
[2026-04-27T17:09:39.450] [DEBUG] debug-file - Module health_-service_-kit_-sample-code-master's total dependency: 0
[2026-04-27T17:09:39.450] [DEBUG] debug-file - Start to initialize dependency information.
[2026-04-27T17:09:39.452] [DEBUG] debug-file - Module entry Collected Dependency: 
[2026-04-27T17:09:39.452] [DEBUG] debug-file - Module entry's total dependency: 0
[2026-04-27T17:09:39.453] [DEBUG] debug-file - Configuration phase cost:72 ms 
[2026-04-27T17:09:39.453] [DEBUG] debug-file - Configuration task cost before running: 77 ms 
[2026-04-27T17:09:39.456] [DEBUG] debug-file - Executing task :entry:default@PreBuild
[2026-04-27T17:09:39.457] [WARN] debug-file - The project has not explicitly set the 'targetSdkVersion' version at build-profile.json5. It is recommended to configure it. Reference: https://developer.huawei.com/consumer/cn/doc/harmonyos-guides/ide-hvigor-build-profile-app#section45865492619
[2026-04-27T17:09:39.457] [DEBUG] debug-file - Task 'entry:default@PreBuild' cost while wrapping incremental declarations: 1 ms 
[2026-04-27T17:09:39.461] [DEBUG] debug-file - Incremental task entry:default@PreBuild pre-execution cost: 3 ms .
[2026-04-27T17:09:39.461] [DEBUG] debug-file - entry : default@PreBuild cost memory 0.3673553466796875
[2026-04-27T17:09:39.462] [INFO] debug-file - UP-TO-DATE :entry:default@PreBuild...  
[2026-04-27T17:09:39.463] [DEBUG] debug-file - Executing task :entry:default@CreateModuleInfo
[2026-04-27T17:09:39.463] [DEBUG] debug-file - Task 'entry:default@CreateModuleInfo' cost while wrapping incremental declarations: 1 ms 
[2026-04-27T17:09:39.463] [DEBUG] debug-file - entry : default@CreateModuleInfo cost memory 0.04241943359375
[2026-04-27T17:09:39.463] [DEBUG] debug-file - runTaskFromQueue task cost before running: 87 ms 
[2026-04-27T17:09:39.464] [INFO] debug-file - Finished :entry:default@CreateModuleInfo... after 1 ms 
[2026-04-27T17:09:39.464] [DEBUG] debug-file - Executing task :entry:default@GenerateMetadata
[2026-04-27T17:09:39.465] [DEBUG] debug-file - Task 'entry:default@GenerateMetadata' cost while wrapping incremental declarations: 1 ms 
[2026-04-27T17:09:39.465] [DEBUG] debug-file - Incremental task entry:default@GenerateMetadata pre-execution cost: 1 ms .
[2026-04-27T17:09:39.465] [DEBUG] debug-file - entry : default@GenerateMetadata cost memory 0.0902252197265625
[2026-04-27T17:09:39.465] [INFO] debug-file - UP-TO-DATE :entry:default@GenerateMetadata...  
[2026-04-27T17:09:39.466] [DEBUG] debug-file - Executing task :entry:default@ConfigureCmake
[2026-04-27T17:09:39.466] [DEBUG] debug-file - entry : default@ConfigureCmake cost memory 0.014556884765625
[2026-04-27T17:09:39.466] [DEBUG] debug-file - runTaskFromQueue task cost before running: 90 ms 
[2026-04-27T17:09:39.466] [INFO] debug-file - Finished :entry:default@ConfigureCmake... after 1 ms 
[2026-04-27T17:09:39.467] [DEBUG] debug-file - Executing task :entry:default@MergeProfile
[2026-04-27T17:09:39.467] [DEBUG] debug-file - Task 'entry:default@MergeProfile' cost while wrapping incremental declarations: 1 ms 
[2026-04-27T17:09:39.468] [DEBUG] debug-file - Incremental task entry:default@MergeProfile pre-execution cost: 1 ms .
[2026-04-27T17:09:39.468] [DEBUG] debug-file - entry : default@MergeProfile cost memory 0.14117431640625
[2026-04-27T17:09:39.468] [INFO] debug-file - UP-TO-DATE :entry:default@MergeProfile...  
[2026-04-27T17:09:39.469] [DEBUG] debug-file - Executing task :entry:default@CreateBuildProfile
[2026-04-27T17:09:39.469] [DEBUG] debug-file - Task 'entry:default@CreateBuildProfile' cost while wrapping incremental declarations: 1 ms 
[2026-04-27T17:09:39.470] [DEBUG] debug-file - Incremental task entry:default@CreateBuildProfile pre-execution cost: 1 ms .
[2026-04-27T17:09:39.470] [DEBUG] debug-file - entry : default@CreateBuildProfile cost memory 0.10544586181640625
[2026-04-27T17:09:39.470] [INFO] debug-file - UP-TO-DATE :entry:default@CreateBuildProfile...  
[2026-04-27T17:09:39.470] [DEBUG] debug-file - Executing task :entry:default@PreCheckSyscap
[2026-04-27T17:09:39.470] [DEBUG] debug-file - entry : default@PreCheckSyscap cost memory 0.01477813720703125
[2026-04-27T17:09:39.470] [DEBUG] debug-file - runTaskFromQueue task cost before running: 95 ms 
[2026-04-27T17:09:39.471] [INFO] debug-file - Finished :entry:default@PreCheckSyscap... after 1 ms 
[2026-04-27T17:09:39.471] [DEBUG] debug-file - Executing task :entry:default@GeneratePkgContextInfo
[2026-04-27T17:09:39.474] [DEBUG] debug-file - Task 'entry:default@GeneratePkgContextInfo' cost while wrapping incremental declarations: 1 ms 
[2026-04-27T17:09:39.474] [DEBUG] debug-file - entry : default@GeneratePkgContextInfo cost memory -1.3391876220703125
[2026-04-27T17:09:39.474] [DEBUG] debug-file - runTaskFromQueue task cost before running: 98 ms 
[2026-04-27T17:09:39.474] [INFO] debug-file - Finished :entry:default@GeneratePkgContextInfo... after 4 ms 
[2026-04-27T17:09:39.476] [DEBUG] debug-file - Executing task :entry:default@ProcessIntegratedHsp
[2026-04-27T17:09:39.476] [DEBUG] debug-file - entry:default@ProcessIntegratedHsp is not up-to-date, since the output file 'C:\Users\lzf\Desktop\health_-service_-kit_-sample-code-master\health_-service_-kit_-sample-code-master\build\cache\default\integrated_hsp\integratedHspCache.json' does not exist.
[2026-04-27T17:09:39.476] [DEBUG] debug-file - Incremental task entry:default@ProcessIntegratedHsp pre-execution cost: 1 ms .
[2026-04-27T17:09:39.476] [DEBUG] debug-file - entry : default@ProcessIntegratedHsp cost memory 0.06153106689453125
[2026-04-27T17:09:39.476] [DEBUG] debug-file - runTaskFromQueue task cost before running: 100 ms 
[2026-04-27T17:09:39.476] [INFO] debug-file - Finished :entry:default@ProcessIntegratedHsp... after 1 ms 
[2026-04-27T17:09:39.477] [DEBUG] debug-file - Executing task :entry:default@BuildNativeWithCmake
[2026-04-27T17:09:39.477] [DEBUG] debug-file - entry : default@BuildNativeWithCmake cost memory 0.0145721435546875
[2026-04-27T17:09:39.477] [DEBUG] debug-file - runTaskFromQueue task cost before running: 101 ms 
[2026-04-27T17:09:39.477] [INFO] debug-file - Finished :entry:default@BuildNativeWithCmake... after 1 ms 
[2026-04-27T17:09:39.478] [DEBUG] debug-file - Executing task :entry:default@MakePackInfo
[2026-04-27T17:09:39.479] [DEBUG] debug-file - Incremental task entry:default@MakePackInfo pre-execution cost: 1 ms .
[2026-04-27T17:09:39.479] [DEBUG] debug-file - entry : default@MakePackInfo cost memory 0.1154632568359375
[2026-04-27T17:09:39.479] [INFO] debug-file - UP-TO-DATE :entry:default@MakePackInfo...  
[2026-04-27T17:09:39.480] [DEBUG] debug-file - Executing task :entry:default@SyscapTransform
[2026-04-27T17:09:39.480] [DEBUG] debug-file - File: 'C:\Users\lzf\Desktop\health_-service_-kit_-sample-code-master\health_-service_-kit_-sample-code-master\entry\src\main\syscap.json' from 'sysCapJsonPath' is not exists, just ignore.
[2026-04-27T17:09:39.480] [DEBUG] debug-file - Task 'entry:default@SyscapTransform' cost while wrapping incremental declarations: 1 ms 
[2026-04-27T17:09:39.481] [DEBUG] debug-file - entry:default@SyscapTransform is not up-to-date, since the output file 'C:\Users\lzf\Desktop\health_-service_-kit_-sample-code-master\health_-service_-kit_-sample-code-master\entry\build\default\intermediates\syscap\default\rpcid.sc' does not exist.
[2026-04-27T17:09:39.481] [DEBUG] debug-file - Incremental task entry:default@SyscapTransform pre-execution cost: 1 ms .
[2026-04-27T17:09:39.481] [DEBUG] debug-file - entry : default@SyscapTransform cost memory 0.15555572509765625
[2026-04-27T17:09:39.481] [DEBUG] debug-file - runTaskFromQueue task cost before running: 105 ms 
[2026-04-27T17:09:39.481] [INFO] debug-file - Finished :entry:default@SyscapTransform... after 2 ms 
[2026-04-27T17:09:39.482] [DEBUG] debug-file - Executing task :entry:default@ProcessProfile
[2026-04-27T17:09:39.482] [DEBUG] debug-file - Task 'entry:default@ProcessProfile' cost while wrapping incremental declarations: 1 ms 
[2026-04-27T17:09:39.483] [DEBUG] debug-file - Incremental task entry:default@ProcessProfile pre-execution cost: 1 ms .
[2026-04-27T17:09:39.483] [DEBUG] debug-file - entry : default@ProcessProfile cost memory 0.13262176513671875
[2026-04-27T17:09:39.483] [INFO] debug-file - UP-TO-DATE :entry:default@ProcessProfile...  
[2026-04-27T17:09:39.483] [DEBUG] debug-file - Executing task :entry:default@ProcessRouterMap
[2026-04-27T17:09:39.485] [DEBUG] debug-file - Incremental task entry:default@ProcessRouterMap pre-execution cost: 1 ms .
[2026-04-27T17:09:39.485] [DEBUG] debug-file - entry : default@ProcessRouterMap cost memory 0.1540985107421875
[2026-04-27T17:09:39.485] [INFO] debug-file - UP-TO-DATE :entry:default@ProcessRouterMap...  
[2026-04-27T17:09:39.485] [DEBUG] debug-file - Executing task :entry:default@ProcessShareConfig
[2026-04-27T17:09:39.487] [DEBUG] debug-file - Incremental task entry:default@ProcessShareConfig pre-execution cost: 2 ms .
[2026-04-27T17:09:39.487] [DEBUG] debug-file - entry : default@ProcessShareConfig cost memory -1.4829635620117188
[2026-04-27T17:09:39.487] [INFO] debug-file - UP-TO-DATE :entry:default@ProcessShareConfig...  
[2026-04-27T17:09:39.488] [DEBUG] debug-file - Executing task :entry:default@ProcessStartupConfig
[2026-04-27T17:09:39.488] [DEBUG] debug-file - Task 'entry:default@ProcessStartupConfig' cost while wrapping incremental declarations: 1 ms 
[2026-04-27T17:09:39.488] [DEBUG] debug-file - entry:default@ProcessStartupConfig is not up-to-date, since the output file 'C:\Users\lzf\Desktop\health_-service_-kit_-sample-code-master\health_-service_-kit_-sample-code-master\entry\build\default\intermediates\startup\default\startup_config.json' does not exist.
[2026-04-27T17:09:39.488] [DEBUG] debug-file - Incremental task entry:default@ProcessStartupConfig pre-execution cost: 1 ms .
[2026-04-27T17:09:39.488] [DEBUG] debug-file - entry : default@ProcessStartupConfig cost memory 0.10595703125
[2026-04-27T17:09:39.488] [DEBUG] debug-file - runTaskFromQueue task cost before running: 112 ms 
[2026-04-27T17:09:39.488] [INFO] debug-file - Finished :entry:default@ProcessStartupConfig... after 1 ms 
[2026-04-27T17:09:39.489] [DEBUG] debug-file - Executing task :entry:default@BuildNativeWithNinja
[2026-04-27T17:09:39.489] [DEBUG] debug-file - entry : default@BuildNativeWithNinja cost memory 0.02318572998046875
[2026-04-27T17:09:39.489] [DEBUG] debug-file - runTaskFromQueue task cost before running: 113 ms 
[2026-04-27T17:09:39.489] [INFO] debug-file - Finished :entry:default@BuildNativeWithNinja... after 1 ms 
[2026-04-27T17:09:39.490] [DEBUG] debug-file - restool module names: entry; moduleName=entry, taskName=default@ProcessResource
[2026-04-27T17:09:39.491] [DEBUG] debug-file - Executing task :entry:default@ProcessResource
[2026-04-27T17:09:39.491] [DEBUG] debug-file - Task 'entry:default@ProcessResource' cost while wrapping incremental declarations: 1 ms 
[2026-04-27T17:09:39.491] [DEBUG] debug-file - Incremental task entry:default@ProcessResource pre-execution cost: 1 ms .
[2026-04-27T17:09:39.492] [DEBUG] debug-file - entry : default@ProcessResource cost memory 0.15009307861328125
[2026-04-27T17:09:39.492] [INFO] debug-file - UP-TO-DATE :entry:default@ProcessResource...  
[2026-04-27T17:09:39.493] [DEBUG] debug-file - Executing task :entry:default@GenerateLoaderJson
[2026-04-27T17:09:39.493] [DEBUG] debug-file - Task 'entry:default@GenerateLoaderJson' cost while wrapping incremental declarations: 1 ms 
[2026-04-27T17:09:39.498] [DEBUG] debug-file - Incremental task entry:default@GenerateLoaderJson pre-execution cost: 3 ms .
[2026-04-27T17:09:39.498] [DEBUG] debug-file - entry : default@GenerateLoaderJson cost memory 0.587005615234375
[2026-04-27T17:09:39.500] [INFO] debug-file - UP-TO-DATE :entry:default@GenerateLoaderJson...  
[2026-04-27T17:09:39.501] [DEBUG] debug-file - Executing task :entry:default@ProcessLibs
[2026-04-27T17:09:39.502] [DEBUG] debug-file - Incremental task entry:default@ProcessLibs pre-execution cost: 1 ms .
[2026-04-27T17:09:39.502] [DEBUG] debug-file - entry : default@ProcessLibs cost memory 0.12131500244140625
[2026-04-27T17:09:39.503] [INFO] debug-file - UP-TO-DATE :entry:default@ProcessLibs...  
[2026-04-27T17:09:39.503] [DEBUG] debug-file - restool module names: entry; moduleName=entry, taskName=default@CompileResource
[2026-04-27T17:09:39.504] [DEBUG] debug-file - Executing task :entry:default@CompileResource
[2026-04-27T17:09:39.509] [DEBUG] debug-file - Incremental task entry:default@CompileResource pre-execution cost: 5 ms .
[2026-04-27T17:09:39.509] [DEBUG] debug-file - entry : default@CompileResource cost memory 0.7143020629882812
[2026-04-27T17:09:39.510] [INFO] debug-file - UP-TO-DATE :entry:default@CompileResource...  
[2026-04-27T17:09:39.510] [DEBUG] debug-file - Executing task :entry:default@DoNativeStrip
[2026-04-27T17:09:39.510] [DEBUG] debug-file - Task 'entry:default@DoNativeStrip' cost while wrapping incremental declarations: 1 ms 
[2026-04-27T17:09:39.511] [DEBUG] debug-file - Incremental task entry:default@DoNativeStrip pre-execution cost: 1 ms .
[2026-04-27T17:09:39.511] [DEBUG] debug-file - entry : default@DoNativeStrip cost memory 0.0839691162109375
[2026-04-27T17:09:39.511] [INFO] debug-file - UP-TO-DATE :entry:default@DoNativeStrip...  
[2026-04-27T17:09:39.512] [DEBUG] debug-file - Executing task :entry:default@CompileArkTS
[2026-04-27T17:09:39.512] [DEBUG] debug-file - obfuscationOptions: undefined
[2026-04-27T17:09:39.513] [DEBUG] debug-file - Task 'entry:default@CompileArkTS' cost while wrapping incremental declarations: 1 ms 
[2026-04-27T17:09:39.520] [DEBUG] debug-file - build config:
[2026-04-27T17:09:39.520] [DEBUG] debug-file - {
  moduleType: 'entry',
  perf: 0,
  targetName: '.default',
  packageManagerType: 'ohpm',
  localPropertiesPath: 'C:\\Users\\lzf\\Desktop\\health_-service_-kit_-sample-code-master\\health_-service_-kit_-sample-code-master\\local.properties',
  isPreview: false,
  isOhosTest: false,
  isLocalTest: false,
  buildMode: 'Debug',
  hotReloadBuild: undefined,
  watchMode: 'false',
  aceProfilePath: 'C:\\Users\\lzf\\Desktop\\health_-service_-kit_-sample-code-master\\health_-service_-kit_-sample-code-master\\entry\\build\\default\\intermediates\\res\\default\\resources\\base\\profile',
  etsLoaderPath: 'D:\\DevEco Studio\\sdk\\default\\openharmony\\ets\\build-tools\\ets-loader',
  modulePath: 'C:\\Users\\lzf\\Desktop\\health_-service_-kit_-sample-code-master\\health_-service_-kit_-sample-code-master\\entry',
  testFrameworkPar: {
    testMode: undefined,
    coveragePathFilter: undefined,
    coverageMode: undefined
  },
  needCoverageInsert: false,
  debugLine: false,
  projectTopDir: 'C:\\Users\\lzf\\Desktop\\health_-service_-kit_-sample-code-master\\health_-service_-kit_-sample-code-master',
  compileSdkVersion: 22,
  compatibleSdkVersion: 12,
  originCompatibleSdkVersion: '5.0.0(12)',
  compatibleSdkVersionStage: 'beta1',
  bundleName: 'c***n',
  etsLoaderVersion: '6.0.2.130',
  etsLoaderReleaseType: 'Release',
  aotCompileMode: 'type',
  apPath: 'C:\\Users\\lzf\\Desktop\\health_-service_-kit_-sample-code-master\\health_-service_-kit_-sample-code-master\\entry\\modules.ap',
  entryModuleName: 'entry',
  entryModuleVersion: '1.0.0',
  entryPackageName: 'entry',
  allModuleNameHash: 'bb6dfe8d2e193c35b0cb6b8a0846875a3be2b3ae6338f35de853e6a29232da55',
  externalApiPaths: [ 'D:\\DevEco Studio\\sdk\\default\\hms\\ets' ],
  compilerTypes: [],
  isCrossplatform: false,
  hvigorPluginFile: undefined,
  compilePluginPath: undefined,
  buildGeneratedProfilePath: 'C:\\Users\\lzf\\Desktop\\health_-service_-kit_-sample-code-master\\health_-service_-kit_-sample-code-master\\entry\\build\\default\\generated\\profile\\default',
  bundleType: 'app',
  arkTSVersion: undefined,
  apiVersion: 22,
  needCompleteSourcesMap: false,
  isFaMode: false,
  buildDir: 'C:\\Users\\lzf\\Desktop\\health_-service_-kit_-sample-code-master\\health_-service_-kit_-sample-code-master\\entry\\build',
  deviceTypes: [ 'phone', 'tablet' ],
  pkgContextInfo: undefined,
  ohPackagePathMap: {},
  dependencyAliasMap: {},
  permission: { requestPermissions: undefined, definePermissions: undefined },
  useGetCurrentBundleName: false,
  projectArkOption: {},
  sourceMapDir: undefined,
  branchElimination: false,
  transformLib: undefined,
  tsImportSendable: false,
  resolveConflictMode: true,
  depName2RootPath: {},
  depName2DepInfo: {},
  rootPathSet: [
    'C:\\Users\\lzf\\Desktop\\health_-service_-kit_-sample-code-master\\health_-service_-kit_-sample-code-master'
  ],
  useNativeResolver: true,
  shouldEmitJs: true,
  useTscResolve: false,
  singleFileEmit: false,
  userProjectConfig: {
    autoLazyImport: false,
    allowEmptyBundleName: false,
    reExportCheckMode: 'noCheck',
    executionMode: 'memory',
    usePathPlaceholder: false,
    writeRollupCache: true,
    isExpandImportEnabled: false,
    expandImportExclude: '',
    lazyImportExclude: '',
    lazyImportInclude: '',
    ignoreCrossplatformCheck: false,
    isHarDeduplicateEnabled: false,
    skipOhModulesLint: false,
    enableStrictCheckOHModule: false,
    disableSendableCheckRules: [],
    useDeclarationFileSignature: false,
    customizedOptions: undefined,
    integratedHsp: false,
    isPreloadSoEnabled: false
  },
  executionMode: 'memory',
  arkCompileCachePath: 'C:\\Users\\lzf\\Desktop\\health_-service_-kit_-sample-code-master\\health_-service_-kit_-sample-code-master\\entry\\build\\default\\cache\\default\\default@CompileArkTS\\esmodule',
  autoLazyFilter: undefined,
  isHarDeduplicateEnabled: false,
  intermediateHarDuplicateDirPath: 'C:\\Users\\lzf\\Desktop\\health_-service_-kit_-sample-code-master\\health_-service_-kit_-sample-code-master\\entry\\build\\default\\intermediates\\har_duplicate\\default',
  autoLazyImport: false,
  allowEmptyBundleName: false,
  reExportCheckMode: 'noCheck',
  usePathPlaceholder: false,
  writeRollupCache: true,
  isExpandImportEnabled: false,
  expandImportExclude: '',
  lazyImportExclude: '',
  lazyImportInclude: '',
  ignoreCrossplatformCheck: false,
  skipOhModulesLint: false,
  enableStrictCheckOHModule: false,
  disableSendableCheckRules: [],
  useDeclarationFileSignature: false,
  customizedOptions: undefined,
  integratedHsp: false,
  isPreloadSoEnabled: false,
  strictMode: undefined,
  useNormalizedOHMUrl: false,
  caseSensitiveCheck: false,
  aceModuleJsonPath: 'C:\\Users\\lzf\\Desktop\\health_-service_-kit_-sample-code-master\\health_-service_-kit_-sample-code-master\\entry\\build\\default\\intermediates\\res\\default\\ark_module.json',
  appResource: 'C:\\Users\\lzf\\Desktop\\health_-service_-kit_-sample-code-master\\health_-service_-kit_-sample-code-master\\entry\\build\\default\\intermediates\\res\\default\\ResourceTable.txt',
  rawFileResource: 'C:\\Users\\lzf\\Desktop\\health_-service_-kit_-sample-code-master\\health_-service_-kit_-sample-code-master\\entry\\build\\default\\intermediates\\res\\default\\resources\\rawfile',
  resourceTableHash: 'fce136b98a333daacd6837dfafa7c58bc85531faa021073e77ebf6d9e051944e',
  runtimeOS: 'HarmonyOS',
  sdkInfo: 'false:22:6.0.2.130:Release',
  aceModuleRoot: 'C:\\Users\\lzf\\Desktop\\health_-service_-kit_-sample-code-master\\health_-service_-kit_-sample-code-master\\entry\\src\\main\\ets',
  compileMode: 'esmodule',
  aceSuperVisualPath: 'C:\\Users\\lzf\\Desktop\\health_-service_-kit_-sample-code-master\\health_-service_-kit_-sample-code-master\\entry\\src\\main\\supervisual',
  aceBuildJson: 'C:\\Users\\lzf\\Desktop\\health_-service_-kit_-sample-code-master\\health_-service_-kit_-sample-code-master\\entry\\build\\default\\intermediates\\loader\\default\\loader.json',
  cachePath: 'C:\\Users\\lzf\\Desktop\\health_-service_-kit_-sample-code-master\\health_-service_-kit_-sample-code-master\\entry\\build\\default\\cache\\default\\default@CompileArkTS\\esmodule\\debug',
  aceModuleBuild: 'C:\\Users\\lzf\\Desktop\\health_-service_-kit_-sample-code-master\\health_-service_-kit_-sample-code-master\\entry\\build\\default\\intermediates\\loader_out\\default\\ets',
  supportChunks: true,
  declaredFilesPath: undefined,
  shouldCollectDirectImportees: false,
  isByteCodeHarOptimize: false,
  expandImportPath: undefined,
  pkgNameToPkgBriefInfo: {
    entry: {
      pkgRoot: 'C:\\Users\\lzf\\Desktop\\health_-service_-kit_-sample-code-master\\health_-service_-kit_-sample-code-master\\entry',
      originalSourceRoots: undefined,
      sourceRoots: [Array],
      pkgName: 'entry'
    }
  },
  projectModel: {
    'C:\\Users\\lzf\\Desktop\\health_-service_-kit_-sample-code-master\\health_-service_-kit_-sample-code-master\\entry\\src\\main': {
      moduleName: 'entry',
      modulePkgPath: 'C:\\Users\\lzf\\Desktop\\health_-service_-kit_-sample-code-master\\health_-service_-kit_-sample-code-master\\entry',
      belongProjectPath: 'C:\\Users\\lzf\\Desktop\\health_-service_-kit_-sample-code-master\\health_-service_-kit_-sample-code-master'
    },
    'C:\\Users\\lzf\\Desktop\\health_-service_-kit_-sample-code-master\\health_-service_-kit_-sample-code-master\\entry\\src\\ohosTest': {
      moduleName: 'entry_test',
      modulePkgPath: 'C:\\Users\\lzf\\Desktop\\health_-service_-kit_-sample-code-master\\health_-service_-kit_-sample-code-master\\entry',
      belongProjectPath: 'C:\\Users\\lzf\\Desktop\\health_-service_-kit_-sample-code-master\\health_-service_-kit_-sample-code-master'
    },
    'C:\\Users\\lzf\\Desktop\\health_-service_-kit_-sample-code-master\\health_-service_-kit_-sample-code-master\\entry': {
      moduleName: 'entry',
      modulePkgPath: 'C:\\Users\\lzf\\Desktop\\health_-service_-kit_-sample-code-master\\health_-service_-kit_-sample-code-master\\entry',
      belongProjectPath: 'C:\\Users\\lzf\\Desktop\\health_-service_-kit_-sample-code-master\\health_-service_-kit_-sample-code-master'
    },
    'C:\\Users\\lzf\\Desktop\\health_-service_-kit_-sample-code-master\\health_-service_-kit_-sample-code-master': {
      moduleName: 'health_-service_-kit_-sample-code-master',
      modulePkgPath: 'C:\\Users\\lzf\\Desktop\\health_-service_-kit_-sample-code-master\\health_-service_-kit_-sample-code-master',
      belongProjectPath: 'C:\\Users\\lzf\\Desktop\\health_-service_-kit_-sample-code-master\\health_-service_-kit_-sample-code-master'
    }
  },
  pkgJsonFileHash: '53c3da6ecb1d24a3ad581eea1fadab6cbeeaa772966670d8effc1efcec277957',
  allModulePaths: [
    'C:\\Users\\lzf\\Desktop\\health_-service_-kit_-sample-code-master\\health_-service_-kit_-sample-code-master\\entry'
  ],
  routerMap: {},
  obfuscationOptions: undefined,
  byteCodeHarToDependencyKeys: undefined,
  compileBlockPkg: [],
  mockParams: {
    decorator: '@MockSetup',
    packageName: '@ohos/hamock',
    etsSourceRootPath: 'src/main/ets',
    mockConfigPath: undefined,
    mockConfigKey2ModuleInfo: {},
    source2ModuleIdMap: {}
  },
  copyCodeResourceEnable: true,
  copyCodeResourceExcludes: [],
  copyCodeResourceIncludes: undefined,
  uiTransformOptimization: false,
  sdkPath: 'D:/DevEco Studio/sdk',
  needPreloadSoFileSet: {},
  preloadSoFilePath: 'C:\\Users\\lzf\\Desktop\\health_-service_-kit_-sample-code-master\\health_-service_-kit_-sample-code-master\\entry\\build\\default\\intermediates\\preload\\default\\preload.json',
  useSourceHash: false,
  localModuleParamMap: {},
  otherPaths: {
    'entry/*': [
      '..\\*',
      '..\\..\\..\\build\\default\\generated\\profile\\default\\*'
    ]
  },
  collectImportersConfig: undefined
}
[2026-04-27T17:09:39.520] [DEBUG] debug-file - Compile arkts with external api path: D:\DevEco Studio\sdk\default\hms\ets
[2026-04-27T17:09:39.522] [DEBUG] debug-file - default@CompileArkTS work[4] is submitted.
[2026-04-27T17:09:39.522] [DEBUG] debug-file - default@CompileArkTS work[4] is pushed to ready queue.
[2026-04-27T17:09:39.522] [DEBUG] debug-file - A work dispatched to worker[23] failed because unable to get work from ready queue.
[2026-04-27T17:09:39.522] [DEBUG] debug-file - A work dispatched to worker[22] failed because unable to get work from ready queue.
[2026-04-27T17:09:39.522] [DEBUG] debug-file - A work dispatched to worker[21] failed because unable to get work from ready queue.
[2026-04-27T17:09:39.522] [DEBUG] debug-file - A work dispatched to worker[20] failed because unable to get work from ready queue.
[2026-04-27T17:09:39.522] [DEBUG] debug-file - A work dispatched to worker[19] failed because unable to get work from ready queue.
[2026-04-27T17:09:39.522] [DEBUG] debug-file - A work dispatched to worker[18] failed because unable to get work from ready queue.
[2026-04-27T17:09:39.522] [DEBUG] debug-file - A work dispatched to worker[17] failed because unable to get work from ready queue.
[2026-04-27T17:09:39.522] [DEBUG] debug-file - A work dispatched to worker[16] failed because unable to get work from ready queue.
[2026-04-27T17:09:39.522] [DEBUG] debug-file - A work dispatched to worker[15] failed because unable to get work from ready queue.
[2026-04-27T17:09:39.522] [DEBUG] debug-file - A work dispatched to worker[14] failed because unable to get work from ready queue.
[2026-04-27T17:09:39.522] [DEBUG] debug-file - A work dispatched to worker[13] failed because unable to get work from ready queue.
[2026-04-27T17:09:39.522] [DEBUG] debug-file - A work dispatched to worker[12] failed because unable to get work from ready queue.
[2026-04-27T17:09:39.522] [DEBUG] debug-file - A work dispatched to worker[11] failed because unable to get work from ready queue.
[2026-04-27T17:09:39.522] [DEBUG] debug-file - A work dispatched to worker[10] failed because unable to get work from ready queue.
[2026-04-27T17:09:39.523] [DEBUG] debug-file - A work dispatched to worker[9] failed because unable to get work from ready queue.
[2026-04-27T17:09:39.523] [DEBUG] debug-file - A work dispatched to worker[8] failed because unable to get work from ready queue.
[2026-04-27T17:09:39.523] [DEBUG] debug-file - A work dispatched to worker[7] failed because unable to get work from ready queue.
[2026-04-27T17:09:39.523] [DEBUG] debug-file - A work dispatched to worker[6] failed because unable to get work from ready queue.
[2026-04-27T17:09:39.523] [DEBUG] debug-file - A work dispatched to worker[5] failed because unable to get work from ready queue.
[2026-04-27T17:09:39.523] [DEBUG] debug-file - default@CompileArkTS work[4] has been dispatched to worker[4].
[2026-04-27T17:09:39.523] [DEBUG] debug-file - default@CompileArkTS work[4] is dispatched.
[2026-04-27T17:09:39.523] [DEBUG] debug-file - CopyResources startTime: 3565617429500
[2026-04-27T17:09:39.523] [DEBUG] debug-file - default@CompileArkTS work[5] is submitted.
[2026-04-27T17:09:39.523] [DEBUG] debug-file - default@CompileArkTS work[5] is pushed to ready queue.
[2026-04-27T17:09:39.523] [DEBUG] debug-file - A work dispatched to worker[23] failed because unable to get work from ready queue.
[2026-04-27T17:09:39.524] [DEBUG] debug-file - Create  resident worker with id: 22.
[2026-04-27T17:09:39.525] [DEBUG] debug-file - default@CompileArkTS work[5] has been dispatched to worker[22].
[2026-04-27T17:09:39.525] [DEBUG] debug-file - default@CompileArkTS work[5] is dispatched.
[2026-04-27T17:09:39.525] [DEBUG] debug-file - entry : default@CompileArkTS cost memory -0.117919921875
[2026-04-27T17:09:39.527] [DEBUG] debug-file - Executing task :entry:default@BuildJS
[2026-04-27T17:09:39.527] [DEBUG] debug-file - Task 'entry:default@BuildJS' cost while wrapping incremental declarations: 1 ms 
[2026-04-27T17:09:39.530] [DEBUG] debug-file - entry : default@BuildJS cost memory 0.1688385009765625
[2026-04-27T17:09:39.530] [DEBUG] debug-file - runTaskFromQueue task cost before running: 154 ms 
[2026-04-27T17:09:39.530] [INFO] debug-file - Finished :entry:default@BuildJS... after 4 ms 
[2026-04-27T17:09:39.532] [DEBUG] debug-file - Executing task :entry:default@CacheNativeLibs
[2026-04-27T17:09:39.532] [DEBUG] debug-file - Task 'entry:default@CacheNativeLibs' cost while wrapping incremental declarations: 1 ms 
[2026-04-27T17:09:39.533] [DEBUG] debug-file - Incremental task entry:default@CacheNativeLibs pre-execution cost: 2 ms .
[2026-04-27T17:09:39.533] [DEBUG] debug-file - entry : default@CacheNativeLibs cost memory 0.10814666748046875
[2026-04-27T17:09:39.534] [INFO] debug-file - UP-TO-DATE :entry:default@CacheNativeLibs...  
[2026-04-27T17:09:40.118] [DEBUG] debug-file - worker[22] has one work done.
[2026-04-27T17:09:40.118] [DEBUG] debug-file - CopyResources is end, endTime: 3566212275600
[2026-04-27T17:09:40.118] [DEBUG] debug-file - default@CompileArkTS work[5] done.
[2026-04-27T17:09:40.118] [DEBUG] debug-file - A work dispatched to worker[22] failed because unable to get work from ready queue.
[2026-04-27T17:09:40.323] [WARN] debug-file - [33mWARN: [33m[33mArkTS:WARN File: C:/Users/lzf/Desktop/health_-service_-kit_-sample-code-master/health_-service_-kit_-sample-code-master/entry/src/main/ets/pages/MainIndex.ets:75:27
 'pushUrl' has been deprecated.
[39m[39m
[33mWARN: [33m[33mArkTS:WARN File: C:/Users/lzf/Desktop/health_-service_-kit_-sample-code-master/health_-service_-kit_-sample-code-master/entry/src/main/ets/pages/DataSourceIndex.ets:16:53
 'back' has been deprecated.
[39m[39m
[33mWARN: [33m[33mArkTS:WARN File: C:/Users/lzf/Desktop/health_-service_-kit_-sample-code-master/health_-service_-kit_-sample-code-master/entry/src/main/ets/pages/DataSourceIndex.ets:25:47
 'showToast' has been deprecated.
[39m[39m
[33mWARN: [33m[33mArkTS:WARN File: C:/Users/lzf/Desktop/health_-service_-kit_-sample-code-master/health_-service_-kit_-sample-code-master/entry/src/main/ets/pages/DataSourceIndex.ets:25:91
 'showToast' has been deprecated.
[39m[39m
[33mWARN: [33m[33mArkTS:WARN File: C:/Users/lzf/Desktop/health_-service_-kit_-sample-code-master/health_-service_-kit_-sample-code-master/entry/src/main/ets/pages/DataSourceIndex.ets:32:49
 'showToast' has been deprecated.
[39m[39m
[33mWARN: [33m[33mArkTS:WARN File: C:/Users/lzf/Desktop/health_-service_-kit_-sample-code-master/health_-service_-kit_-sample-code-master/entry/src/main/ets/pages/DataSourceIndex.ets:38:24
 'showToast' has been deprecated.
[39m[39m
[33mWARN: [33m[33mArkTS:WARN File: C:/Users/lzf/Desktop/health_-service_-kit_-sample-code-master/health_-service_-kit_-sample-code-master/entry/src/main/ets/pages/DataSourceIndex.ets:52:32
 'showToast' has been deprecated.
[39m[39m
[33mWARN: [33m[33mArkTS:WARN File: C:/Users/lzf/Desktop/health_-service_-kit_-sample-code-master/health_-service_-kit_-sample-code-master/entry/src/main/ets/pages/AuthIndex.ets:16:59
 'back' has been deprecated.
[39m[39m
[33mWARN: [33m[33mArkTS:WARN File: C:/Users/lzf/Desktop/health_-service_-kit_-sample-code-master/health_-service_-kit_-sample-code-master/entry/src/main/ets/pages/AuthIndex.ets:29:32
 'showToast' has been deprecated.
[39m[39m
[33mWARN: [33m[33mArkTS:WARN File: C:/Users/lzf/Desktop/health_-service_-kit_-sample-code-master/health_-service_-kit_-sample-code-master/entry/src/main/ets/pages/SamplePointIndex.ets:15:59
 'back' has been deprecated.
[39m[39m
[33mWARN: [33m[33mArkTS:WARN File: C:/Users/lzf/Desktop/health_-service_-kit_-sample-code-master/health_-service_-kit_-sample-code-master/entry/src/main/ets/pages/SamplePointIndex.ets:27:41
 'showToast' has been deprecated.
[39m[39m
[33mWARN: [33m[33mArkTS:WARN File: C:/Users/lzf/Desktop/health_-service_-kit_-sample-code-master/health_-service_-kit_-sample-code-master/entry/src/main/ets/pages/SamplePointIndex.ets:32:28
 'showToast' has been deprecated.
[39m[39m
[33mWARN: [33m[33mArkTS:WARN File: C:/Users/lzf/Desktop/health_-service_-kit_-sample-code-master/health_-service_-kit_-sample-code-master/entry/src/main/ets/pages/HealthSequenceIndex.ets:16:59
 'back' has been deprecated.
[39m[39m
[33mWARN: [33m[33mArkTS:WARN File: C:/Users/lzf/Desktop/health_-service_-kit_-sample-code-master/health_-service_-kit_-sample-code-master/entry/src/main/ets/pages/HealthSequenceIndex.ets:23:41
 'showToast' has been deprecated.
[39m[39m
[33mWARN: [33m[33mArkTS:WARN File: C:/Users/lzf/Desktop/health_-service_-kit_-sample-code-master/health_-service_-kit_-sample-code-master/entry/src/main/ets/pages/ExerciseSequenceIndex.ets:15:59
 'back' has been deprecated.
[39m[39m
[33mWARN: [33m[33mArkTS:WARN File: C:/Users/lzf/Desktop/health_-service_-kit_-sample-code-master/health_-service_-kit_-sample-code-master/entry/src/main/ets/pages/ExerciseSequenceIndex.ets:30:70
 'showToast' has been deprecated.
[39m[39m
[33mWARN: [33m[33mArkTS:WARN File: C:/Users/lzf/Desktop/health_-service_-kit_-sample-code-master/health_-service_-kit_-sample-code-master/entry/src/main/ets/pages/ExerciseSequenceIndex.ets:33:28
 'showToast' has been deprecated.
[39m[39m
[33mWARN: [33m[33mArkTS:WARN File: C:/Users/lzf/Desktop/health_-service_-kit_-sample-code-master/health_-service_-kit_-sample-code-master/entry/src/main/ets/pages/WorkoutIndex.ets:24:35
 'back' has been deprecated.
[39m[39m
[33mWARN: [33m[33mArkTS:WARN File: C:/Users/lzf/Desktop/health_-service_-kit_-sample-code-master/health_-service_-kit_-sample-code-master/entry/src/main/ets/pages/WorkoutIndex.ets:41:26
 'showToast' has been deprecated.
[39m[39m
[33mWARN: [33m[33mArkTS:WARN File: C:/Users/lzf/Desktop/health_-service_-kit_-sample-code-master/health_-service_-kit_-sample-code-master/entry/src/main/ets/pages/WorkoutIndex.ets:43:26
 'showToast' has been deprecated.
[39m[39m
[33mWARN: [33m[33mArkTS:WARN File: C:/Users/lzf/Desktop/health_-service_-kit_-sample-code-master/health_-service_-kit_-sample-code-master/entry/src/main/ets/pages/WorkoutIndex.ets:62:32
 'showToast' has been deprecated.
[39m[39m

[2026-04-27T17:09:40.323] [DEBUG] debug-file - Ark compile task finished.finished time is 3566417420300
[2026-04-27T17:09:40.323] [DEBUG] debug-file - worker[4] has one work done.
[2026-04-27T17:09:40.324] [DEBUG] debug-file - default@CompileArkTS work[4] done.
[2026-04-27T17:09:40.324] [DEBUG] debug-file - A work dispatched to worker[4] failed because unable to get work from ready queue.
[2026-04-27T17:09:40.325] [INFO] debug-file - Finished :entry:default@CompileArkTS... after 812 ms 
[2026-04-27T17:09:40.326] [DEBUG] debug-file - Executing task :entry:default@GeneratePkgModuleJson
[2026-04-27T17:09:40.326] [DEBUG] debug-file - File: 'C:\Users\lzf\Desktop\health_-service_-kit_-sample-code-master\health_-service_-kit_-sample-code-master\entry\build\default\intermediates\preload\default\preload.json' from 'preloadSoJsonPath' is not exists, just ignore.
[2026-04-27T17:09:40.326] [DEBUG] debug-file - Error occurs while handling @Input 'shouldDeduplicateHar': The "data" argument must be of type string or an instance of Buffer, TypedArray, or DataView. Received undefined
[2026-04-27T17:09:40.326] [DEBUG] debug-file - Task 'entry:default@GeneratePkgModuleJson' cost while wrapping incremental declarations: 1 ms 
[2026-04-27T17:09:40.326] [DEBUG] debug-file - Incremental task entry:default@GeneratePkgModuleJson pre-execution cost: 1 ms .
[2026-04-27T17:09:40.326] [DEBUG] debug-file - entry : default@GeneratePkgModuleJson cost memory 0.11452484130859375
[2026-04-27T17:09:40.327] [INFO] debug-file - UP-TO-DATE :entry:default@GeneratePkgModuleJson...  
[2026-04-27T17:09:40.327] [DEBUG] debug-file - Executing task :entry:default@ProcessCompiledResources
[2026-04-27T17:09:40.327] [DEBUG] debug-file - File: 'C:\Users\lzf\Desktop\health_-service_-kit_-sample-code-master\health_-service_-kit_-sample-code-master\entry\build\default\intermediates\preload\default\preload.json' from 'preloadSoJsonPath' is not exists, just ignore.
[2026-04-27T17:09:40.327] [DEBUG] debug-file - Task 'entry:default@ProcessCompiledResources' cost while wrapping incremental declarations: 1 ms 
[2026-04-27T17:09:40.327] [DEBUG] debug-file - entry : default@ProcessCompiledResources cost memory 0.06390380859375
[2026-04-27T17:09:40.327] [DEBUG] debug-file - runTaskFromQueue task cost before running: 951 ms 
[2026-04-27T17:09:40.327] [INFO] debug-file - Finished :entry:default@ProcessCompiledResources... after 1 ms 
[2026-04-27T17:09:40.328] [DEBUG] debug-file - Executing task :entry:default@PackageHap
[2026-04-27T17:09:40.331] [DEBUG] debug-file - entry:default@PackageHap is not up-to-date, since the input file 'C:\Users\lzf\Desktop\health_-service_-kit_-sample-code-master\health_-service_-kit_-sample-code-master\entry\build\default\intermediates\loader_out\default\ets' has been changed.
[2026-04-27T17:09:40.331] [DEBUG] debug-file - Incremental task entry:default@PackageHap pre-execution cost: 2 ms .
[2026-04-27T17:09:40.331] [DEBUG] debug-file - Use tool [D:\DevEco Studio\sdk\default\openharmony\toolchains\lib\app_packing_tool.jar]
 [
  'java',
  '-Dfile.encoding=GBK',
  '-jar',
  'D:\\DevEco Studio\\sdk\\default\\openharmony\\toolchains\\lib\\app_packing_tool.jar',
  '--mode',
  'hap',
  '--force',
  'true',
  '--lib-path',
  'C:\\Users\\lzf\\Desktop\\health_-service_-kit_-sample-code-master\\health_-service_-kit_-sample-code-master\\entry\\build\\default\\intermediates\\stripped_native_libs\\default',
  '--json-path',
  'C:\\Users\\lzf\\Desktop\\health_-service_-kit_-sample-code-master\\health_-service_-kit_-sample-code-master\\entry\\build\\default\\intermediates\\package\\default\\module.json',
  '--resources-path',
  'C:\\Users\\lzf\\Desktop\\health_-service_-kit_-sample-code-master\\health_-service_-kit_-sample-code-master\\entry\\build\\default\\intermediates\\res\\default\\resources',
  '--index-path',
  'C:\\Users\\lzf\\Desktop\\health_-service_-kit_-sample-code-master\\health_-service_-kit_-sample-code-master\\entry\\build\\default\\intermediates\\res\\default\\resources.index',
  '--pack-info-path',
  'C:\\Users\\lzf\\Desktop\\health_-service_-kit_-sample-code-master\\health_-service_-kit_-sample-code-master\\entry\\build\\default\\outputs\\default\\pack.info',
  '--out-path',
  'C:\\Users\\lzf\\Desktop\\health_-service_-kit_-sample-code-master\\health_-service_-kit_-sample-code-master\\entry\\build\\default\\outputs\\default\\entry-default-unsigned.hap',
  '--ets-path',
  'C:\\Users\\lzf\\Desktop\\health_-service_-kit_-sample-code-master\\health_-service_-kit_-sample-code-master\\entry\\build\\default\\intermediates\\loader_out\\default\\ets'
]
[2026-04-27T17:09:40.353] [DEBUG] debug-file - java daemon socket received message:{"code":0,"message":"pack success"}
[2026-04-27T17:09:40.355] [DEBUG] debug-file - entry : default@PackageHap cost memory 0.6655120849609375
[2026-04-27T17:09:40.355] [DEBUG] debug-file - runTaskFromQueue task cost before running: 979 ms 
[2026-04-27T17:09:40.356] [INFO] debug-file - Finished :entry:default@PackageHap... after 27 ms 
[2026-04-27T17:09:40.357] [DEBUG] debug-file - Executing task :entry:default@PackingCheck
[2026-04-27T17:09:40.359] [DEBUG] debug-file - entry : default@PackingCheck cost memory 0.35009002685546875
[2026-04-27T17:09:40.359] [DEBUG] debug-file - runTaskFromQueue task cost before running: 983 ms 
[2026-04-27T17:09:40.359] [INFO] debug-file - Finished :entry:default@PackingCheck... after 3 ms 
[2026-04-27T17:09:40.360] [DEBUG] debug-file - Executing task :entry:default@SignHap
[2026-04-27T17:09:40.360] [WARN] debug-file - Will skip sign 'hos_hap'. No signingConfigs profile is configured in current project.
             If needed, configure the signingConfigs in C:\Users\lzf\Desktop\health_-service_-kit_-sample-code-master\health_-service_-kit_-sample-code-master\build-profile.json5.
[2026-04-27T17:09:40.361] [DEBUG] debug-file - entry:default@SignHap is not up-to-date, since the input file 'C:\Users\lzf\Desktop\health_-service_-kit_-sample-code-master\health_-service_-kit_-sample-code-master\entry\build\default\outputs\default\entry-default-unsigned.hap' has been changed.
[2026-04-27T17:09:40.361] [DEBUG] debug-file - Incremental task entry:default@SignHap pre-execution cost: 1 ms .
[2026-04-27T17:09:40.361] [DEBUG] debug-file - entry : default@SignHap cost memory 0.09905242919921875
[2026-04-27T17:09:40.361] [DEBUG] debug-file - runTaskFromQueue task cost before running: 985 ms 
[2026-04-27T17:09:40.361] [INFO] debug-file - Finished :entry:default@SignHap... after 1 ms 
[2026-04-27T17:09:40.362] [DEBUG] debug-file - Executing task :entry:default@CollectDebugSymbol
[2026-04-27T17:09:40.362] [DEBUG] debug-file - entry : default@CollectDebugSymbol cost memory 0.11292266845703125
[2026-04-27T17:09:40.362] [DEBUG] debug-file - runTaskFromQueue task cost before running: 986 ms 
[2026-04-27T17:09:40.362] [INFO] debug-file - Finished :entry:default@CollectDebugSymbol... after 1 ms 
[2026-04-27T17:09:40.363] [DEBUG] debug-file - Executing task :entry:assembleHap
[2026-04-27T17:09:40.363] [DEBUG] debug-file - entry : assembleHap cost memory 0.012725830078125
[2026-04-27T17:09:40.363] [DEBUG] debug-file - runTaskFromQueue task cost before running: 987 ms 
[2026-04-27T17:09:40.363] [INFO] debug-file - Finished :entry:assembleHap... after 1 ms 
[2026-04-27T17:09:40.368] [INFO] debug-file - BUILD SUCCESSFUL in 992 ms 
[2026-04-27T17:09:40.368] [DEBUG] debug-file - There is no need to refresh cache, since the incremental task entry:default@PreBuild is up-to-date.
[2026-04-27T17:09:40.368] [DEBUG] debug-file - Update task entry:default@CreateModuleInfo output file:C:\Users\lzf\Desktop\health_-service_-kit_-sample-code-master\health_-service_-kit_-sample-code-master\entry\build\default\generated\profile\default\ModuleInfo.ts cache.
[2026-04-27T17:09:40.368] [DEBUG] debug-file - Incremental task entry:default@CreateModuleInfo post-execution cost:1 ms .
[2026-04-27T17:09:40.369] [DEBUG] debug-file - There is no need to refresh cache, since the incremental task entry:default@GenerateMetadata is up-to-date.
[2026-04-27T17:09:40.369] [DEBUG] debug-file - There is no need to refresh cache, since the incremental task entry:default@MergeProfile is up-to-date.
[2026-04-27T17:09:40.369] [DEBUG] debug-file - There is no need to refresh cache, since the incremental task entry:default@CreateBuildProfile is up-to-date.
[2026-04-27T17:09:40.369] [DEBUG] debug-file - Update task entry:default@GeneratePkgContextInfo output file:C:\Users\lzf\Desktop\health_-service_-kit_-sample-code-master\health_-service_-kit_-sample-code-master\entry\build\default\intermediates\loader\default\pkgContextInfo.json cache.
[2026-04-27T17:09:40.369] [DEBUG] debug-file - Incremental task entry:default@GeneratePkgContextInfo post-execution cost:1 ms .
[2026-04-27T17:09:40.369] [DEBUG] debug-file - Update task entry:default@ProcessIntegratedHsp output file:C:\Users\lzf\Desktop\health_-service_-kit_-sample-code-master\health_-service_-kit_-sample-code-master\build\cache\default\integrated_hsp\integratedHspCache.json cache.
[2026-04-27T17:09:40.369] [DEBUG] debug-file - Incremental task entry:default@ProcessIntegratedHsp post-execution cost:1 ms .
[2026-04-27T17:09:40.369] [DEBUG] debug-file - There is no need to refresh cache, since the incremental task entry:default@MakePackInfo is up-to-date.
[2026-04-27T17:09:40.369] [DEBUG] debug-file - Update task entry:default@SyscapTransform input file:D:\DevEco Studio\sdk\default\openharmony\toolchains\syscap_tool.exe cache by regenerate.
[2026-04-27T17:09:40.369] [DEBUG] debug-file - Update task entry:default@SyscapTransform input file:D:\DevEco Studio\sdk\default\openharmony\ets\api\device-define cache by regenerate.
[2026-04-27T17:09:40.370] [DEBUG] debug-file - Update task entry:default@SyscapTransform output file:C:\Users\lzf\Desktop\health_-service_-kit_-sample-code-master\health_-service_-kit_-sample-code-master\entry\build\default\intermediates\syscap\default\rpcid.sc cache.
[2026-04-27T17:09:40.370] [DEBUG] debug-file - Incremental task entry:default@SyscapTransform post-execution cost:1 ms .
[2026-04-27T17:09:40.370] [DEBUG] debug-file - There is no need to refresh cache, since the incremental task entry:default@ProcessProfile is up-to-date.
[2026-04-27T17:09:40.370] [DEBUG] debug-file - There is no need to refresh cache, since the incremental task entry:default@ProcessRouterMap is up-to-date.
[2026-04-27T17:09:40.370] [DEBUG] debug-file - There is no need to refresh cache, since the incremental task entry:default@ProcessShareConfig is up-to-date.
[2026-04-27T17:09:40.370] [DEBUG] debug-file - Update task entry:default@ProcessStartupConfig output file:C:\Users\lzf\Desktop\health_-service_-kit_-sample-code-master\health_-service_-kit_-sample-code-master\entry\build\default\intermediates\startup\default\startup_config.json cache.
[2026-04-27T17:09:40.370] [DEBUG] debug-file - Incremental task entry:default@ProcessStartupConfig post-execution cost:1 ms .
[2026-04-27T17:09:40.370] [DEBUG] debug-file - There is no need to refresh cache, since the incremental task entry:default@ProcessResource is up-to-date.
[2026-04-27T17:09:40.370] [DEBUG] debug-file - There is no need to refresh cache, since the incremental task entry:default@GenerateLoaderJson is up-to-date.
[2026-04-27T17:09:40.370] [DEBUG] debug-file - There is no need to refresh cache, since the incremental task entry:default@ProcessLibs is up-to-date.
[2026-04-27T17:09:40.370] [DEBUG] debug-file - There is no need to refresh cache, since the incremental task entry:default@CompileResource is up-to-date.
[2026-04-27T17:09:40.370] [DEBUG] debug-file - There is no need to refresh cache, since the incremental task entry:default@DoNativeStrip is up-to-date.
[2026-04-27T17:09:40.371] [DEBUG] debug-file - Update task entry:default@CompileArkTS input file:C:\Users\lzf\Desktop\health_-service_-kit_-sample-code-master\health_-service_-kit_-sample-code-master\entry\build\default\intermediates\loader\default cache by regenerate.
[2026-04-27T17:09:40.371] [DEBUG] debug-file - Update task entry:default@CompileArkTS input file:C:\Users\lzf\Desktop\health_-service_-kit_-sample-code-master\health_-service_-kit_-sample-code-master\entry\build\default\intermediates\res\default\ResourceTable.txt cache by regenerate.
[2026-04-27T17:09:40.371] [DEBUG] debug-file - Update task entry:default@CompileArkTS input file:C:\Users\lzf\Desktop\health_-service_-kit_-sample-code-master\health_-service_-kit_-sample-code-master\entry\build\default\intermediates\res\default\ark_module.json cache by regenerate.
[2026-04-27T17:09:40.371] [DEBUG] debug-file - Update task entry:default@CompileArkTS input file:C:\Users\lzf\Desktop\health_-service_-kit_-sample-code-master\health_-service_-kit_-sample-code-master\entry\build\default\intermediates\res\default\resources\base\profile cache by regenerate.
[2026-04-27T17:09:40.372] [DEBUG] debug-file - Update task entry:default@CompileArkTS input file:C:\Users\lzf\Desktop\health_-service_-kit_-sample-code-master\health_-service_-kit_-sample-code-master\entry\src\main\ets cache by regenerate.
[2026-04-27T17:09:40.373] [DEBUG] debug-file - Update task entry:default@CompileArkTS input file:C:\Users\lzf\Desktop\health_-service_-kit_-sample-code-master\health_-service_-kit_-sample-code-master\entry\build\default\generated\profile\default\BuildProfile.ets cache by regenerate.
[2026-04-27T17:09:40.373] [DEBUG] debug-file - Update task entry:default@CompileArkTS output file:C:\Users\lzf\Desktop\health_-service_-kit_-sample-code-master\health_-service_-kit_-sample-code-master\entry\build\default\intermediates\loader_out\default\ets cache.
[2026-04-27T17:09:40.374] [DEBUG] debug-file - Incremental task entry:default@CompileArkTS post-execution cost:4 ms .
[2026-04-27T17:09:40.374] [DEBUG] debug-file - Update task entry:default@BuildJS input file:C:\Users\lzf\Desktop\health_-service_-kit_-sample-code-master\health_-service_-kit_-sample-code-master\entry\build\default\intermediates\loader\default cache by regenerate.
[2026-04-27T17:09:40.374] [DEBUG] debug-file - Update task entry:default@BuildJS input file:C:\Users\lzf\Desktop\health_-service_-kit_-sample-code-master\health_-service_-kit_-sample-code-master\entry\build\default\intermediates\res\default\ResourceTable.txt cache by regenerate.
[2026-04-27T17:09:40.375] [DEBUG] debug-file - Update task entry:default@BuildJS input file:C:\Users\lzf\Desktop\health_-service_-kit_-sample-code-master\health_-service_-kit_-sample-code-master\entry\build\default\intermediates\res\default\ark_module.json cache by regenerate.
[2026-04-27T17:09:40.375] [DEBUG] debug-file - Update task entry:default@BuildJS input file:C:\Users\lzf\Desktop\health_-service_-kit_-sample-code-master\health_-service_-kit_-sample-code-master\entry\build\default\intermediates\res\default\resources\base\profile cache by regenerate.
[2026-04-27T17:09:40.375] [DEBUG] debug-file - Update task entry:default@BuildJS output file:C:\Users\lzf\Desktop\health_-service_-kit_-sample-code-master\health_-service_-kit_-sample-code-master\entry\build\default\intermediates\loader_out\default\js cache.
[2026-04-27T17:09:40.375] [DEBUG] debug-file - Incremental task entry:default@BuildJS post-execution cost:2 ms .
[2026-04-27T17:09:40.375] [DEBUG] debug-file - There is no need to refresh cache, since the incremental task entry:default@CacheNativeLibs is up-to-date.
[2026-04-27T17:09:40.375] [DEBUG] debug-file - There is no need to refresh cache, since the incremental task entry:default@GeneratePkgModuleJson is up-to-date.
[2026-04-27T17:09:40.375] [DEBUG] debug-file - Incremental task entry:default@ProcessCompiledResources post-execution cost:1 ms .
[2026-04-27T17:09:40.375] [DEBUG] debug-file - Update task entry:default@PackageHap input file:C:\Users\lzf\Desktop\health_-service_-kit_-sample-code-master\health_-service_-kit_-sample-code-master\entry\build\default\intermediates\stripped_native_libs\default cache by regenerate.
[2026-04-27T17:09:40.376] [DEBUG] debug-file - Update task entry:default@PackageHap input file:C:\Users\lzf\Desktop\health_-service_-kit_-sample-code-master\health_-service_-kit_-sample-code-master\entry\build\default\intermediates\res\default\module.json cache by regenerate.
[2026-04-27T17:09:40.376] [DEBUG] debug-file - Update task entry:default@PackageHap input file:C:\Users\lzf\Desktop\health_-service_-kit_-sample-code-master\health_-service_-kit_-sample-code-master\entry\build\default\intermediates\res\default\resources cache by regenerate.
[2026-04-27T17:09:40.377] [DEBUG] debug-file - Update task entry:default@PackageHap input file:C:\Users\lzf\Desktop\health_-service_-kit_-sample-code-master\health_-service_-kit_-sample-code-master\entry\build\default\intermediates\res\default\resources.index cache by regenerate.
[2026-04-27T17:09:40.377] [DEBUG] debug-file - Update task entry:default@PackageHap input file:C:\Users\lzf\Desktop\health_-service_-kit_-sample-code-master\health_-service_-kit_-sample-code-master\entry\build\default\outputs\default\pack.info cache by regenerate.
[2026-04-27T17:09:40.377] [DEBUG] debug-file - Update task entry:default@PackageHap input file:C:\Users\lzf\Desktop\health_-service_-kit_-sample-code-master\health_-service_-kit_-sample-code-master\entry\build\default\intermediates\loader_out\default\ets cache from map.
[2026-04-27T17:09:40.377] [DEBUG] debug-file - Update task entry:default@PackageHap input file:C:\Users\lzf\Desktop\health_-service_-kit_-sample-code-master\health_-service_-kit_-sample-code-master\entry\build\default\intermediates\loader_out\default\ets\sourceMaps.map cache by regenerate.
[2026-04-27T17:09:40.377] [DEBUG] debug-file - Update task entry:default@PackageHap input file:C:\Users\lzf\Desktop\health_-service_-kit_-sample-code-master\health_-service_-kit_-sample-code-master\entry\build\default\generated\profile\default\BuildProfile.ets cache by regenerate.
[2026-04-27T17:09:40.377] [DEBUG] debug-file - Update task entry:default@PackageHap output file:C:\Users\lzf\Desktop\health_-service_-kit_-sample-code-master\health_-service_-kit_-sample-code-master\entry\build\default\outputs\default\entry-default-unsigned.hap cache.
[2026-04-27T17:09:40.377] [DEBUG] debug-file - Update task entry:default@PackageHap output file:C:\Users\lzf\Desktop\health_-service_-kit_-sample-code-master\health_-service_-kit_-sample-code-master\entry\build\default\intermediates\source_map\default\sourceMaps.map cache.
[2026-04-27T17:09:40.377] [DEBUG] debug-file - Update task entry:default@PackageHap output file:C:\Users\lzf\Desktop\health_-service_-kit_-sample-code-master\health_-service_-kit_-sample-code-master\entry\build\default\outputs\default\mapping\sourceMaps.map cache.
[2026-04-27T17:09:40.377] [DEBUG] debug-file - Incremental task entry:default@PackageHap post-execution cost:3 ms .
[2026-04-27T17:09:40.377] [DEBUG] debug-file - Update task entry:default@SignHap input file:C:\Users\lzf\Desktop\health_-service_-kit_-sample-code-master\health_-service_-kit_-sample-code-master\entry\build\default\outputs\default\entry-default-unsigned.hap cache from map.
[2026-04-27T17:09:40.378] [DEBUG] debug-file - Update task entry:default@SignHap output file:C:\Users\lzf\Desktop\health_-service_-kit_-sample-code-master\health_-service_-kit_-sample-code-master\entry\build\default\outputs\default\entry-default-signed.hap cache.
[2026-04-27T17:09:40.378] [DEBUG] debug-file - Incremental task entry:default@SignHap post-execution cost:1 ms .
[2026-04-27T17:09:40.378] [DEBUG] debug-file - Update task entry:default@CollectDebugSymbol input file:C:\Users\lzf\Desktop\health_-service_-kit_-sample-code-master\health_-service_-kit_-sample-code-master\entry\build\default\intermediates\loader_out\default\ets\sourceMaps.map cache by regenerate.
[2026-04-27T17:09:40.378] [DEBUG] debug-file - Update task entry:default@CollectDebugSymbol input file:C:\Users\lzf\Desktop\health_-service_-kit_-sample-code-master\health_-service_-kit_-sample-code-master\entry\build\default\intermediates\libs\default cache by regenerate.
[2026-04-27T17:09:40.378] [DEBUG] debug-file - Update task entry:default@CollectDebugSymbol output file:C:\Users\lzf\Desktop\health_-service_-kit_-sample-code-master\health_-service_-kit_-sample-code-master\entry\build\default\outputs\default\symbol cache.
[2026-04-27T17:09:40.378] [DEBUG] debug-file - Incremental task entry:default@CollectDebugSymbol post-execution cost:1 ms .
[2026-04-27T17:09:40.391] [DEBUG] debug-file - Cleanup worker 22.
[2026-04-27T17:09:40.391] [DEBUG] debug-file - Worker 22 has been cleaned up.
[2026-04-27T17:09:40.391] [DEBUG] debug-file - Current idle worker size: 1.
[2026-04-27T17:09:40.391] [DEBUG] debug-file - Current resident worker size: 2.
[2026-04-27T17:09:40.391] [DEBUG] debug-file - hvigor build process will be closed.
[2026-04-27T17:09:40.391] [DEBUG] debug-file - java daemon socket close code:1000 reason:close by user
[2026-04-27T17:09:40.396] [DEBUG] debug-file - session manager: send message to worker process.
[2026-04-27T17:09:40.396] [DEBUG] debug-file - session manager: send message to worker process.
[2026-04-27T17:09:40.396] [DEBUG] debug-file - worker[22] exits with exit code 1.
[2026-04-27T17:09:40.396] [DEBUG] debug-file - watch worker: worker id should be larger than 0. Nothing will be sent to any worker thread.
[2026-04-27T17:09:40.397] [DEBUG] debug-file - watch worker: worker id should be larger than 0. Nothing will be sent to any worker thread.
[2026-04-27T17:21:19.835] [DEBUG] debug-file - session manager: set active socket. socketId=FQQ5fp8wVeo2pYRoAAAJ
[2026-04-27T17:21:19.839] [DEBUG] debug-file - watch worker: worker id should be larger than 0. Nothing will be sent to any worker thread.
[2026-04-27T17:21:19.841] [DEBUG] debug-file - Workers' log level updated to INFO
[2026-04-27T17:21:19.844] [DEBUG] debug-file - Hvigor init with startParameters:{
  hvigorfileTypeCheck: false,
  parallelExecution: true,
  incrementalExecution: true,
  printStackTrace: false,
  daemon: true,
  analyze: 0,
  logLevel: Level { level: 20000, levelStr: 'INFO', colour: 'green' },
  optimizationStrategy: 'memory',
  hotCompile: undefined,
  hotReloadBuild: undefined,
  customizedParam: undefined
}
[2026-04-27T17:21:19.846] [DEBUG] debug-file - Cache service initialization finished in 3 ms 
[2026-04-27T17:21:19.847] [DEBUG] debug-file - hvigorfile, resolving C:\Users\lzf\Desktop\health_-service_-kit_-sample-code-master\health_-service_-kit_-sample-code-master\hvigorfile.ts
[2026-04-27T17:21:19.853] [DEBUG] debug-file - hvigorfile, require result:  { default: { plugins: [] } }
[2026-04-27T17:21:19.853] [DEBUG] debug-file - hvigorfile, binding system plugins null
[2026-04-27T17:21:19.854] [DEBUG] debug-file - Starting plugin build process
[2026-04-27T17:21:19.854] [DEBUG] debug-file - App plugin prepare start...
[2026-04-27T17:21:19.854] [DEBUG] debug-file - App plugin prepare end...
[2026-04-27T17:21:19.854] [DEBUG] debug-file - App plugin creating...
[2026-04-27T17:21:19.857] [DEBUG] debug-file - App plugin register hook start...
[2026-04-27T17:21:19.857] [DEBUG] debug-file - App plugin register hook end...
[2026-04-27T17:21:19.858] [DEBUG] debug-file - Plugin build process completed
[2026-04-27T17:21:19.859] [DEBUG] debug-file - Start initialize project's product build option map with build mode debug.
[2026-04-27T17:21:19.859] [DEBUG] debug-file - Picking option from product 'default' with build mode 'debug'.
[2026-04-27T17:21:19.859] [DEBUG] debug-file - Product 'default' build option initialized
[2026-04-27T17:21:19.859] [DEBUG] debug-file - End initialize project's product build option map with build mode 'debug'.
[2026-04-27T17:21:19.860] [DEBUG] debug-file - Obtain build option for product 'default'in this build.
[2026-04-27T17:21:19.861] [DEBUG] debug-file - No signingConfig found, initRemoteHspCache failed.
[2026-04-27T17:21:19.863] [DEBUG] debug-file - Start recording SDK configuration permission data.
[2026-04-27T17:21:19.886] [DEBUG] debug-file - Sdk init in 25 ms 
[2026-04-27T17:21:19.888] [DEBUG] debug-file - Project task initialization takes 2 ms 
[2026-04-27T17:21:19.888] [DEBUG] debug-file - hvigorfile, binding custom plugins []
[2026-04-27T17:21:19.888] [DEBUG] debug-file - hvigorfile, no custom plugins were found in C:\Users\lzf\Desktop\health_-service_-kit_-sample-code-master\health_-service_-kit_-sample-code-master\hvigorfile.ts
[2026-04-27T17:21:19.888] [DEBUG] debug-file - hvigorfile, resolve finished C:\Users\lzf\Desktop\health_-service_-kit_-sample-code-master\health_-service_-kit_-sample-code-master\hvigorfile.ts
[2026-04-27T17:21:19.889] [DEBUG] debug-file - hvigorfile, resolving C:\Users\lzf\Desktop\health_-service_-kit_-sample-code-master\health_-service_-kit_-sample-code-master\entry\hvigorfile.ts
[2026-04-27T17:21:19.892] [DEBUG] debug-file - hvigorfile, require result:  { default: { plugins: [] } }
[2026-04-27T17:21:19.892] [DEBUG] debug-file - hvigorfile, binding system plugins null
[2026-04-27T17:21:19.892] [DEBUG] debug-file - Starting plugin build process
[2026-04-27T17:21:19.892] [DEBUG] debug-file - Hap plugin creating...
[2026-04-27T17:21:19.893] [DEBUG] debug-file - failed to load cangjie to dynamically generate schemas: Error: Cannot find module '@ohos/cangjie-build-support/index'
Require stack:
- D:\DevEco Studio\tools\hvigor\hvigor-ohos-plugin\src\plugin\hooks\cangjie-register.js
- D:\DevEco Studio\tools\hvigor\hvigor-ohos-plugin\src\plugin\strategy\stage-init-strategy.js
- D:\DevEco Studio\tools\hvigor\hvigor-ohos-plugin\src\plugin\builder\abstract-plugin-builder.js
- D:\DevEco Studio\tools\hvigor\hvigor-ohos-plugin\src\plugin\builder\app-plugin-builder.js
- D:\DevEco Studio\tools\hvigor\hvigor-ohos-plugin\src\plugin\factory\plugin-factory.js
- D:\DevEco Studio\tools\hvigor\hvigor-ohos-plugin\index.js
- C:\Users\lzf\Desktop\health_-service_-kit_-sample-code-master\health_-service_-kit_-sample-code-master\hvigorfile.ts
- D:\DevEco Studio\tools\hvigor\hvigor\src\base\internal\lifecycle\configuration.js
- D:\DevEco Studio\tools\hvigor\hvigor\src\base\boot\index.js
- D:\DevEco Studio\tools\hvigor\hvigor\src\base\daemon\cluster\worker-process-lifecycle.js
- D:\DevEco Studio\tools\hvigor\hvigor\src\base\daemon\process\daemon-process-boot-script.js
[2026-04-27T17:21:19.894] [DEBUG] debug-file - Start initialize module-target build option map, moduleName=entry, buildMode=debug
[2026-04-27T17:21:19.894] [DEBUG] debug-file - Target 'default' config initialized
[2026-04-27T17:21:19.894] [DEBUG] debug-file - Target 'ohosTest' config initialized
[2026-04-27T17:21:19.894] [DEBUG] debug-file - Module 'entry' target 'default' build option initialized
[2026-04-27T17:21:19.894] [DEBUG] debug-file - Module 'entry' target 'ohosTest' build option initialized
[2026-04-27T17:21:19.894] [DEBUG] debug-file - End initialize module-target build option map, moduleName=entry
[2026-04-27T17:21:19.894] [DEBUG] debug-file - Start initialize module-target build option map, moduleName=entry, buildMode=release
[2026-04-27T17:21:19.894] [DEBUG] debug-file - Target 'default' config initialized
[2026-04-27T17:21:19.895] [DEBUG] debug-file - Target 'ohosTest' config initialized
[2026-04-27T17:21:19.895] [DEBUG] debug-file - Module 'entry' target 'default' build option initialized
[2026-04-27T17:21:19.895] [DEBUG] debug-file - Module 'entry' target 'ohosTest' build option initialized
[2026-04-27T17:21:19.895] [DEBUG] debug-file - End initialize module-target build option map, moduleName=entry
[2026-04-27T17:21:19.895] [DEBUG] debug-file - Start initialize module-target build option map, moduleName=entry, buildMode=debug
[2026-04-27T17:21:19.895] [DEBUG] debug-file - Target 'default' config initialized
[2026-04-27T17:21:19.895] [DEBUG] debug-file - Target 'ohosTest' config initialized
[2026-04-27T17:21:19.895] [DEBUG] debug-file - Module 'entry' target 'default' build option initialized
[2026-04-27T17:21:19.895] [DEBUG] debug-file - Module 'entry' target 'ohosTest' build option initialized
[2026-04-27T17:21:19.895] [DEBUG] debug-file - End initialize module-target build option map, moduleName=entry
[2026-04-27T17:21:19.895] [DEBUG] debug-file - Obtain build option for module 'entry' target 'default'in this build.
[2026-04-27T17:21:19.896] [DEBUG] debug-file - Module entry task initialization takes 1 ms 
[2026-04-27T17:21:19.897] [DEBUG] debug-file - Hap plugin register hook start...
[2026-04-27T17:21:19.897] [DEBUG] debug-file - Hap plugin register hook end...
[2026-04-27T17:21:19.897] [DEBUG] debug-file - Plugin build process completed
[2026-04-27T17:21:19.897] [DEBUG] debug-file - hvigorfile, binding custom plugins []
[2026-04-27T17:21:19.897] [DEBUG] debug-file - hvigorfile, no custom plugins were found in C:\Users\lzf\Desktop\health_-service_-kit_-sample-code-master\health_-service_-kit_-sample-code-master\entry\hvigorfile.ts
[2026-04-27T17:21:19.897] [DEBUG] debug-file - hvigorfile, resolve finished C:\Users\lzf\Desktop\health_-service_-kit_-sample-code-master\health_-service_-kit_-sample-code-master\entry\hvigorfile.ts
[2026-04-27T17:21:19.909] [DEBUG] debug-file - hvigorfile, resolve hvigorfile dependencies in 13 ms 
[2026-04-27T17:21:19.909] [DEBUG] debug-file - project has submodules:entry
[2026-04-27T17:21:19.910] [DEBUG] debug-file - start to load updatedOhPackageInfo to the disk
[2026-04-27T17:21:19.915] [DEBUG] debug-file - load to the disk finished
[2026-04-27T17:21:19.915] [DEBUG] debug-file - Start to initialize dependency information.
[2026-04-27T17:21:19.917] [DEBUG] debug-file - Module health_-service_-kit_-sample-code-master Collected Dependency: 
[2026-04-27T17:21:19.917] [DEBUG] debug-file - Module health_-service_-kit_-sample-code-master's total dependency: 0
[2026-04-27T17:21:19.918] [DEBUG] debug-file - Start to initialize dependency information.
[2026-04-27T17:21:19.919] [DEBUG] debug-file - Module entry Collected Dependency: 
[2026-04-27T17:21:19.919] [DEBUG] debug-file - Module entry's total dependency: 0
[2026-04-27T17:21:19.920] [DEBUG] debug-file - Configuration phase cost:74 ms 
[2026-04-27T17:21:19.921] [DEBUG] debug-file - Configuration task cost before running: 80 ms 
[2026-04-27T17:21:19.923] [DEBUG] debug-file - Executing task :entry:default@PreBuild
[2026-04-27T17:21:19.923] [WARN] debug-file - The project has not explicitly set the 'targetSdkVersion' version at build-profile.json5. It is recommended to configure it. Reference: https://developer.huawei.com/consumer/cn/doc/harmonyos-guides/ide-hvigor-build-profile-app#section45865492619
[2026-04-27T17:21:19.924] [DEBUG] debug-file - Task 'entry:default@PreBuild' cost while wrapping incremental declarations: 1 ms 
[2026-04-27T17:21:19.927] [DEBUG] debug-file - Incremental task entry:default@PreBuild pre-execution cost: 3 ms .
[2026-04-27T17:21:19.928] [DEBUG] debug-file - entry : default@PreBuild cost memory 0.6239471435546875
[2026-04-27T17:21:19.929] [INFO] debug-file - UP-TO-DATE :entry:default@PreBuild...  
[2026-04-27T17:21:19.929] [DEBUG] debug-file - Executing task :entry:default@CreateModuleInfo
[2026-04-27T17:21:19.929] [DEBUG] debug-file - Task 'entry:default@CreateModuleInfo' cost while wrapping incremental declarations: 1 ms 
[2026-04-27T17:21:19.930] [DEBUG] debug-file - entry : default@CreateModuleInfo cost memory 0.04232025146484375
[2026-04-27T17:21:19.930] [DEBUG] debug-file - runTaskFromQueue task cost before running: 88 ms 
[2026-04-27T17:21:19.930] [INFO] debug-file - Finished :entry:default@CreateModuleInfo... after 1 ms 
[2026-04-27T17:21:19.931] [DEBUG] debug-file - Executing task :entry:default@GenerateMetadata
[2026-04-27T17:21:19.931] [DEBUG] debug-file - Task 'entry:default@GenerateMetadata' cost while wrapping incremental declarations: 1 ms 
[2026-04-27T17:21:19.931] [DEBUG] debug-file - Incremental task entry:default@GenerateMetadata pre-execution cost: 1 ms .
[2026-04-27T17:21:19.932] [DEBUG] debug-file - entry : default@GenerateMetadata cost memory 0.088348388671875
[2026-04-27T17:21:19.932] [INFO] debug-file - UP-TO-DATE :entry:default@GenerateMetadata...  
[2026-04-27T17:21:19.932] [DEBUG] debug-file - Executing task :entry:default@ConfigureCmake
[2026-04-27T17:21:19.932] [DEBUG] debug-file - entry : default@ConfigureCmake cost memory 0.014556884765625
[2026-04-27T17:21:19.932] [DEBUG] debug-file - runTaskFromQueue task cost before running: 91 ms 
[2026-04-27T17:21:19.932] [INFO] debug-file - Finished :entry:default@ConfigureCmake... after 1 ms 
[2026-04-27T17:21:19.933] [DEBUG] debug-file - Executing task :entry:default@MergeProfile
[2026-04-27T17:21:19.933] [DEBUG] debug-file - Task 'entry:default@MergeProfile' cost while wrapping incremental declarations: 1 ms 
[2026-04-27T17:21:19.935] [DEBUG] debug-file - Incremental task entry:default@MergeProfile pre-execution cost: 2 ms .
[2026-04-27T17:21:19.935] [DEBUG] debug-file - entry : default@MergeProfile cost memory -1.5665435791015625
[2026-04-27T17:21:19.935] [INFO] debug-file - UP-TO-DATE :entry:default@MergeProfile...  
[2026-04-27T17:21:19.935] [DEBUG] debug-file - Executing task :entry:default@CreateBuildProfile
[2026-04-27T17:21:19.936] [DEBUG] debug-file - Task 'entry:default@CreateBuildProfile' cost while wrapping incremental declarations: 1 ms 
[2026-04-27T17:21:19.936] [DEBUG] debug-file - Incremental task entry:default@CreateBuildProfile pre-execution cost: 1 ms .
[2026-04-27T17:21:19.936] [DEBUG] debug-file - entry : default@CreateBuildProfile cost memory 0.09862518310546875
[2026-04-27T17:21:19.936] [INFO] debug-file - UP-TO-DATE :entry:default@CreateBuildProfile...  
[2026-04-27T17:21:19.937] [DEBUG] debug-file - Executing task :entry:default@PreCheckSyscap
[2026-04-27T17:21:19.937] [DEBUG] debug-file - entry : default@PreCheckSyscap cost memory 0.01477813720703125
[2026-04-27T17:21:19.937] [DEBUG] debug-file - runTaskFromQueue task cost before running: 96 ms 
[2026-04-27T17:21:19.937] [INFO] debug-file - Finished :entry:default@PreCheckSyscap... after 1 ms 
[2026-04-27T17:21:19.938] [DEBUG] debug-file - Executing task :entry:default@GeneratePkgContextInfo
[2026-04-27T17:21:19.940] [DEBUG] debug-file - Task 'entry:default@GeneratePkgContextInfo' cost while wrapping incremental declarations: 1 ms 
[2026-04-27T17:21:19.940] [DEBUG] debug-file - entry : default@GeneratePkgContextInfo cost memory 0.20314788818359375
[2026-04-27T17:21:19.940] [DEBUG] debug-file - runTaskFromQueue task cost before running: 99 ms 
[2026-04-27T17:21:19.940] [INFO] debug-file - Finished :entry:default@GeneratePkgContextInfo... after 3 ms 
[2026-04-27T17:21:19.942] [DEBUG] debug-file - Executing task :entry:default@ProcessIntegratedHsp
[2026-04-27T17:21:19.942] [DEBUG] debug-file - entry:default@ProcessIntegratedHsp is not up-to-date, since the output file 'C:\Users\lzf\Desktop\health_-service_-kit_-sample-code-master\health_-service_-kit_-sample-code-master\build\cache\default\integrated_hsp\integratedHspCache.json' does not exist.
[2026-04-27T17:21:19.942] [DEBUG] debug-file - Incremental task entry:default@ProcessIntegratedHsp pre-execution cost: 1 ms .
[2026-04-27T17:21:19.942] [DEBUG] debug-file - entry : default@ProcessIntegratedHsp cost memory 0.061553955078125
[2026-04-27T17:21:19.942] [DEBUG] debug-file - runTaskFromQueue task cost before running: 101 ms 
[2026-04-27T17:21:19.942] [INFO] debug-file - Finished :entry:default@ProcessIntegratedHsp... after 1 ms 
[2026-04-27T17:21:19.943] [DEBUG] debug-file - Executing task :entry:default@BuildNativeWithCmake
[2026-04-27T17:21:19.943] [DEBUG] debug-file - entry : default@BuildNativeWithCmake cost memory 0.0145721435546875
[2026-04-27T17:21:19.943] [DEBUG] debug-file - runTaskFromQueue task cost before running: 102 ms 
[2026-04-27T17:21:19.943] [INFO] debug-file - Finished :entry:default@BuildNativeWithCmake... after 1 ms 
[2026-04-27T17:21:19.944] [DEBUG] debug-file - Executing task :entry:default@MakePackInfo
[2026-04-27T17:21:19.945] [DEBUG] debug-file - Incremental task entry:default@MakePackInfo pre-execution cost: 1 ms .
[2026-04-27T17:21:19.945] [DEBUG] debug-file - entry : default@MakePackInfo cost memory 0.15169525146484375
[2026-04-27T17:21:19.945] [INFO] debug-file - UP-TO-DATE :entry:default@MakePackInfo...  
[2026-04-27T17:21:19.946] [DEBUG] debug-file - Executing task :entry:default@SyscapTransform
[2026-04-27T17:21:19.946] [DEBUG] debug-file - File: 'C:\Users\lzf\Desktop\health_-service_-kit_-sample-code-master\health_-service_-kit_-sample-code-master\entry\src\main\syscap.json' from 'sysCapJsonPath' is not exists, just ignore.
[2026-04-27T17:21:19.946] [DEBUG] debug-file - Task 'entry:default@SyscapTransform' cost while wrapping incremental declarations: 1 ms 
[2026-04-27T17:21:19.947] [DEBUG] debug-file - entry:default@SyscapTransform is not up-to-date, since the output file 'C:\Users\lzf\Desktop\health_-service_-kit_-sample-code-master\health_-service_-kit_-sample-code-master\entry\build\default\intermediates\syscap\default\rpcid.sc' does not exist.
[2026-04-27T17:21:19.947] [DEBUG] debug-file - Incremental task entry:default@SyscapTransform pre-execution cost: 2 ms .
[2026-04-27T17:21:19.947] [DEBUG] debug-file - entry : default@SyscapTransform cost memory 0.14786529541015625
[2026-04-27T17:21:19.947] [DEBUG] debug-file - runTaskFromQueue task cost before running: 106 ms 
[2026-04-27T17:21:19.948] [INFO] debug-file - Finished :entry:default@SyscapTransform... after 2 ms 
[2026-04-27T17:21:19.949] [DEBUG] debug-file - Executing task :entry:default@ProcessProfile
[2026-04-27T17:21:19.950] [DEBUG] debug-file - Task 'entry:default@ProcessProfile' cost while wrapping incremental declarations: 1 ms 
[2026-04-27T17:21:19.950] [DEBUG] debug-file - Incremental task entry:default@ProcessProfile pre-execution cost: 1 ms .
[2026-04-27T17:21:19.950] [DEBUG] debug-file - entry : default@ProcessProfile cost memory 0.12834930419921875
[2026-04-27T17:21:19.951] [INFO] debug-file - UP-TO-DATE :entry:default@ProcessProfile...  
[2026-04-27T17:21:19.951] [DEBUG] debug-file - Executing task :entry:default@ProcessRouterMap
[2026-04-27T17:21:19.952] [DEBUG] debug-file - Incremental task entry:default@ProcessRouterMap pre-execution cost: 1 ms .
[2026-04-27T17:21:19.952] [DEBUG] debug-file - entry : default@ProcessRouterMap cost memory 0.149505615234375
[2026-04-27T17:21:19.953] [INFO] debug-file - UP-TO-DATE :entry:default@ProcessRouterMap...  
[2026-04-27T17:21:19.953] [DEBUG] debug-file - Executing task :entry:default@ProcessShareConfig
[2026-04-27T17:21:19.954] [DEBUG] debug-file - Incremental task entry:default@ProcessShareConfig pre-execution cost: 1 ms .
[2026-04-27T17:21:19.954] [DEBUG] debug-file - entry : default@ProcessShareConfig cost memory 0.12389373779296875
[2026-04-27T17:21:19.954] [INFO] debug-file - UP-TO-DATE :entry:default@ProcessShareConfig...  
[2026-04-27T17:21:19.955] [DEBUG] debug-file - Executing task :entry:default@ProcessStartupConfig
[2026-04-27T17:21:19.955] [DEBUG] debug-file - Task 'entry:default@ProcessStartupConfig' cost while wrapping incremental declarations: 1 ms 
[2026-04-27T17:21:19.955] [DEBUG] debug-file - entry:default@ProcessStartupConfig is not up-to-date, since the output file 'C:\Users\lzf\Desktop\health_-service_-kit_-sample-code-master\health_-service_-kit_-sample-code-master\entry\build\default\intermediates\startup\default\startup_config.json' does not exist.
[2026-04-27T17:21:19.955] [DEBUG] debug-file - Incremental task entry:default@ProcessStartupConfig pre-execution cost: 1 ms .
[2026-04-27T17:21:19.956] [DEBUG] debug-file - entry : default@ProcessStartupConfig cost memory 0.10591888427734375
[2026-04-27T17:21:19.956] [DEBUG] debug-file - runTaskFromQueue task cost before running: 114 ms 
[2026-04-27T17:21:19.956] [INFO] debug-file - Finished :entry:default@ProcessStartupConfig... after 1 ms 
[2026-04-27T17:21:19.956] [DEBUG] debug-file - Executing task :entry:default@BuildNativeWithNinja
[2026-04-27T17:21:19.957] [DEBUG] debug-file - entry : default@BuildNativeWithNinja cost memory 0.02318572998046875
[2026-04-27T17:21:19.957] [DEBUG] debug-file - runTaskFromQueue task cost before running: 116 ms 
[2026-04-27T17:21:19.957] [INFO] debug-file - Finished :entry:default@BuildNativeWithNinja... after 1 ms 
[2026-04-27T17:21:19.958] [DEBUG] debug-file - restool module names: entry; moduleName=entry, taskName=default@ProcessResource
[2026-04-27T17:21:19.959] [DEBUG] debug-file - Executing task :entry:default@ProcessResource
[2026-04-27T17:21:19.959] [DEBUG] debug-file - Task 'entry:default@ProcessResource' cost while wrapping incremental declarations: 1 ms 
[2026-04-27T17:21:19.959] [DEBUG] debug-file - Incremental task entry:default@ProcessResource pre-execution cost: 1 ms .
[2026-04-27T17:21:19.960] [DEBUG] debug-file - entry : default@ProcessResource cost memory 0.1463165283203125
[2026-04-27T17:21:19.960] [INFO] debug-file - UP-TO-DATE :entry:default@ProcessResource...  
[2026-04-27T17:21:19.961] [DEBUG] debug-file - Executing task :entry:default@GenerateLoaderJson
[2026-04-27T17:21:19.961] [DEBUG] debug-file - Task 'entry:default@GenerateLoaderJson' cost while wrapping incremental declarations: 1 ms 
[2026-04-27T17:21:19.966] [DEBUG] debug-file - Incremental task entry:default@GenerateLoaderJson pre-execution cost: 3 ms .
[2026-04-27T17:21:19.966] [DEBUG] debug-file - entry : default@GenerateLoaderJson cost memory -1.0362930297851562
[2026-04-27T17:21:19.968] [INFO] debug-file - UP-TO-DATE :entry:default@GenerateLoaderJson...  
[2026-04-27T17:21:19.968] [DEBUG] debug-file - Executing task :entry:default@ProcessLibs
[2026-04-27T17:21:19.970] [DEBUG] debug-file - Incremental task entry:default@ProcessLibs pre-execution cost: 1 ms .
[2026-04-27T17:21:19.970] [DEBUG] debug-file - entry : default@ProcessLibs cost memory 0.11631011962890625
[2026-04-27T17:21:19.970] [INFO] debug-file - UP-TO-DATE :entry:default@ProcessLibs...  
[2026-04-27T17:21:19.971] [DEBUG] debug-file - restool module names: entry; moduleName=entry, taskName=default@CompileResource
[2026-04-27T17:21:19.971] [DEBUG] debug-file - Executing task :entry:default@CompileResource
[2026-04-27T17:21:19.977] [DEBUG] debug-file - Incremental task entry:default@CompileResource pre-execution cost: 6 ms .
[2026-04-27T17:21:19.977] [DEBUG] debug-file - entry : default@CompileResource cost memory 0.6663818359375
[2026-04-27T17:21:19.978] [INFO] debug-file - UP-TO-DATE :entry:default@CompileResource...  
[2026-04-27T17:21:19.979] [DEBUG] debug-file - Executing task :entry:default@DoNativeStrip
[2026-04-27T17:21:19.980] [DEBUG] debug-file - Task 'entry:default@DoNativeStrip' cost while wrapping incremental declarations: 1 ms 
[2026-04-27T17:21:19.980] [DEBUG] debug-file - Incremental task entry:default@DoNativeStrip pre-execution cost: 1 ms .
[2026-04-27T17:21:19.980] [DEBUG] debug-file - entry : default@DoNativeStrip cost memory 0.0819244384765625
[2026-04-27T17:21:19.980] [INFO] debug-file - UP-TO-DATE :entry:default@DoNativeStrip...  
[2026-04-27T17:21:19.982] [DEBUG] debug-file - Executing task :entry:default@CompileArkTS
[2026-04-27T17:21:19.982] [DEBUG] debug-file - obfuscationOptions: undefined
[2026-04-27T17:21:19.982] [DEBUG] debug-file - Task 'entry:default@CompileArkTS' cost while wrapping incremental declarations: 1 ms 
[2026-04-27T17:21:19.987] [DEBUG] debug-file - entry:default@CompileArkTS is not up-to-date, since the input file 'C:\Users\lzf\Desktop\health_-service_-kit_-sample-code-master\health_-service_-kit_-sample-code-master\entry\src\main\ets' has been changed.
[2026-04-27T17:21:19.987] [DEBUG] debug-file - Incremental task entry:default@CompileArkTS pre-execution cost: 5 ms .
[2026-04-27T17:21:19.992] [DEBUG] debug-file - build config:
[2026-04-27T17:21:19.992] [DEBUG] debug-file - {
  moduleType: 'entry',
  perf: 0,
  targetName: '.default',
  packageManagerType: 'ohpm',
  localPropertiesPath: 'C:\\Users\\lzf\\Desktop\\health_-service_-kit_-sample-code-master\\health_-service_-kit_-sample-code-master\\local.properties',
  isPreview: false,
  isOhosTest: false,
  isLocalTest: false,
  buildMode: 'Debug',
  hotReloadBuild: undefined,
  watchMode: 'false',
  aceProfilePath: 'C:\\Users\\lzf\\Desktop\\health_-service_-kit_-sample-code-master\\health_-service_-kit_-sample-code-master\\entry\\build\\default\\intermediates\\res\\default\\resources\\base\\profile',
  etsLoaderPath: 'D:\\DevEco Studio\\sdk\\default\\openharmony\\ets\\build-tools\\ets-loader',
  modulePath: 'C:\\Users\\lzf\\Desktop\\health_-service_-kit_-sample-code-master\\health_-service_-kit_-sample-code-master\\entry',
  testFrameworkPar: {
    testMode: undefined,
    coveragePathFilter: undefined,
    coverageMode: undefined
  },
  needCoverageInsert: false,
  debugLine: false,
  projectTopDir: 'C:\\Users\\lzf\\Desktop\\health_-service_-kit_-sample-code-master\\health_-service_-kit_-sample-code-master',
  compileSdkVersion: 22,
  compatibleSdkVersion: 12,
  originCompatibleSdkVersion: '5.0.0(12)',
  compatibleSdkVersionStage: 'beta1',
  bundleName: 'c***n',
  etsLoaderVersion: '6.0.2.130',
  etsLoaderReleaseType: 'Release',
  aotCompileMode: 'type',
  apPath: 'C:\\Users\\lzf\\Desktop\\health_-service_-kit_-sample-code-master\\health_-service_-kit_-sample-code-master\\entry\\modules.ap',
  entryModuleName: 'entry',
  entryModuleVersion: '1.0.0',
  entryPackageName: 'entry',
  allModuleNameHash: 'bb6dfe8d2e193c35b0cb6b8a0846875a3be2b3ae6338f35de853e6a29232da55',
  externalApiPaths: [ 'D:\\DevEco Studio\\sdk\\default\\hms\\ets' ],
  compilerTypes: [],
  isCrossplatform: false,
  hvigorPluginFile: undefined,
  compilePluginPath: undefined,
  buildGeneratedProfilePath: 'C:\\Users\\lzf\\Desktop\\health_-service_-kit_-sample-code-master\\health_-service_-kit_-sample-code-master\\entry\\build\\default\\generated\\profile\\default',
  bundleType: 'app',
  arkTSVersion: undefined,
  apiVersion: 22,
  needCompleteSourcesMap: false,
  isFaMode: false,
  buildDir: 'C:\\Users\\lzf\\Desktop\\health_-service_-kit_-sample-code-master\\health_-service_-kit_-sample-code-master\\entry\\build',
  deviceTypes: [ 'phone', 'tablet' ],
  pkgContextInfo: undefined,
  ohPackagePathMap: {},
  dependencyAliasMap: {},
  permission: { requestPermissions: undefined, definePermissions: undefined },
  useGetCurrentBundleName: false,
  projectArkOption: {},
  sourceMapDir: undefined,
  branchElimination: false,
  transformLib: undefined,
  tsImportSendable: false,
  resolveConflictMode: true,
  depName2RootPath: {},
  depName2DepInfo: {},
  rootPathSet: [
    'C:\\Users\\lzf\\Desktop\\health_-service_-kit_-sample-code-master\\health_-service_-kit_-sample-code-master'
  ],
  useNativeResolver: true,
  shouldEmitJs: true,
  useTscResolve: false,
  singleFileEmit: false,
  userProjectConfig: {
    autoLazyImport: false,
    allowEmptyBundleName: false,
    reExportCheckMode: 'noCheck',
    executionMode: 'memory',
    usePathPlaceholder: false,
    writeRollupCache: true,
    isExpandImportEnabled: false,
    expandImportExclude: '',
    lazyImportExclude: '',
    lazyImportInclude: '',
    ignoreCrossplatformCheck: false,
    isHarDeduplicateEnabled: false,
    skipOhModulesLint: false,
    enableStrictCheckOHModule: false,
    disableSendableCheckRules: [],
    useDeclarationFileSignature: false,
    customizedOptions: undefined,
    integratedHsp: false,
    isPreloadSoEnabled: false
  },
  executionMode: 'memory',
  arkCompileCachePath: 'C:\\Users\\lzf\\Desktop\\health_-service_-kit_-sample-code-master\\health_-service_-kit_-sample-code-master\\entry\\build\\default\\cache\\default\\default@CompileArkTS\\esmodule',
  autoLazyFilter: undefined,
  isHarDeduplicateEnabled: false,
  intermediateHarDuplicateDirPath: 'C:\\Users\\lzf\\Desktop\\health_-service_-kit_-sample-code-master\\health_-service_-kit_-sample-code-master\\entry\\build\\default\\intermediates\\har_duplicate\\default',
  autoLazyImport: false,
  allowEmptyBundleName: false,
  reExportCheckMode: 'noCheck',
  usePathPlaceholder: false,
  writeRollupCache: true,
  isExpandImportEnabled: false,
  expandImportExclude: '',
  lazyImportExclude: '',
  lazyImportInclude: '',
  ignoreCrossplatformCheck: false,
  skipOhModulesLint: false,
  enableStrictCheckOHModule: false,
  disableSendableCheckRules: [],
  useDeclarationFileSignature: false,
  customizedOptions: undefined,
  integratedHsp: false,
  isPreloadSoEnabled: false,
  strictMode: undefined,
  useNormalizedOHMUrl: false,
  caseSensitiveCheck: false,
  aceModuleJsonPath: 'C:\\Users\\lzf\\Desktop\\health_-service_-kit_-sample-code-master\\health_-service_-kit_-sample-code-master\\entry\\build\\default\\intermediates\\res\\default\\ark_module.json',
  appResource: 'C:\\Users\\lzf\\Desktop\\health_-service_-kit_-sample-code-master\\health_-service_-kit_-sample-code-master\\entry\\build\\default\\intermediates\\res\\default\\ResourceTable.txt',
  rawFileResource: 'C:\\Users\\lzf\\Desktop\\health_-service_-kit_-sample-code-master\\health_-service_-kit_-sample-code-master\\entry\\build\\default\\intermediates\\res\\default\\resources\\rawfile',
  resourceTableHash: 'fce136b98a333daacd6837dfafa7c58bc85531faa021073e77ebf6d9e051944e',
  runtimeOS: 'HarmonyOS',
  sdkInfo: 'false:22:6.0.2.130:Release',
  aceModuleRoot: 'C:\\Users\\lzf\\Desktop\\health_-service_-kit_-sample-code-master\\health_-service_-kit_-sample-code-master\\entry\\src\\main\\ets',
  compileMode: 'esmodule',
  aceSuperVisualPath: 'C:\\Users\\lzf\\Desktop\\health_-service_-kit_-sample-code-master\\health_-service_-kit_-sample-code-master\\entry\\src\\main\\supervisual',
  aceBuildJson: 'C:\\Users\\lzf\\Desktop\\health_-service_-kit_-sample-code-master\\health_-service_-kit_-sample-code-master\\entry\\build\\default\\intermediates\\loader\\default\\loader.json',
  cachePath: 'C:\\Users\\lzf\\Desktop\\health_-service_-kit_-sample-code-master\\health_-service_-kit_-sample-code-master\\entry\\build\\default\\cache\\default\\default@CompileArkTS\\esmodule\\debug',
  aceModuleBuild: 'C:\\Users\\lzf\\Desktop\\health_-service_-kit_-sample-code-master\\health_-service_-kit_-sample-code-master\\entry\\build\\default\\intermediates\\loader_out\\default\\ets',
  supportChunks: true,
  declaredFilesPath: undefined,
  shouldCollectDirectImportees: false,
  isByteCodeHarOptimize: false,
  expandImportPath: undefined,
  pkgNameToPkgBriefInfo: {
    entry: {
      pkgRoot: 'C:\\Users\\lzf\\Desktop\\health_-service_-kit_-sample-code-master\\health_-service_-kit_-sample-code-master\\entry',
      originalSourceRoots: undefined,
      sourceRoots: [Array],
      pkgName: 'entry'
    }
  },
  projectModel: {
    'C:\\Users\\lzf\\Desktop\\health_-service_-kit_-sample-code-master\\health_-service_-kit_-sample-code-master\\entry\\src\\main': {
      moduleName: 'entry',
      modulePkgPath: 'C:\\Users\\lzf\\Desktop\\health_-service_-kit_-sample-code-master\\health_-service_-kit_-sample-code-master\\entry',
      belongProjectPath: 'C:\\Users\\lzf\\Desktop\\health_-service_-kit_-sample-code-master\\health_-service_-kit_-sample-code-master'
    },
    'C:\\Users\\lzf\\Desktop\\health_-service_-kit_-sample-code-master\\health_-service_-kit_-sample-code-master\\entry\\src\\ohosTest': {
      moduleName: 'entry_test',
      modulePkgPath: 'C:\\Users\\lzf\\Desktop\\health_-service_-kit_-sample-code-master\\health_-service_-kit_-sample-code-master\\entry',
      belongProjectPath: 'C:\\Users\\lzf\\Desktop\\health_-service_-kit_-sample-code-master\\health_-service_-kit_-sample-code-master'
    },
    'C:\\Users\\lzf\\Desktop\\health_-service_-kit_-sample-code-master\\health_-service_-kit_-sample-code-master\\entry': {
      moduleName: 'entry',
      modulePkgPath: 'C:\\Users\\lzf\\Desktop\\health_-service_-kit_-sample-code-master\\health_-service_-kit_-sample-code-master\\entry',
      belongProjectPath: 'C:\\Users\\lzf\\Desktop\\health_-service_-kit_-sample-code-master\\health_-service_-kit_-sample-code-master'
    },
    'C:\\Users\\lzf\\Desktop\\health_-service_-kit_-sample-code-master\\health_-service_-kit_-sample-code-master': {
      moduleName: 'health_-service_-kit_-sample-code-master',
      modulePkgPath: 'C:\\Users\\lzf\\Desktop\\health_-service_-kit_-sample-code-master\\health_-service_-kit_-sample-code-master',
      belongProjectPath: 'C:\\Users\\lzf\\Desktop\\health_-service_-kit_-sample-code-master\\health_-service_-kit_-sample-code-master'
    }
  },
  pkgJsonFileHash: '53c3da6ecb1d24a3ad581eea1fadab6cbeeaa772966670d8effc1efcec277957',
  allModulePaths: [
    'C:\\Users\\lzf\\Desktop\\health_-service_-kit_-sample-code-master\\health_-service_-kit_-sample-code-master\\entry'
  ],
  routerMap: {},
  obfuscationOptions: undefined,
  byteCodeHarToDependencyKeys: undefined,
  compileBlockPkg: [],
  mockParams: {
    decorator: '@MockSetup',
    packageName: '@ohos/hamock',
    etsSourceRootPath: 'src/main/ets',
    mockConfigPath: undefined,
    mockConfigKey2ModuleInfo: {},
    source2ModuleIdMap: {}
  },
  copyCodeResourceEnable: true,
  copyCodeResourceExcludes: [],
  copyCodeResourceIncludes: undefined,
  uiTransformOptimization: false,
  sdkPath: 'D:/DevEco Studio/sdk',
  needPreloadSoFileSet: {},
  preloadSoFilePath: 'C:\\Users\\lzf\\Desktop\\health_-service_-kit_-sample-code-master\\health_-service_-kit_-sample-code-master\\entry\\build\\default\\intermediates\\preload\\default\\preload.json',
  useSourceHash: false,
  localModuleParamMap: {},
  otherPaths: {
    'entry/*': [
      '..\\*',
      '..\\..\\..\\build\\default\\generated\\profile\\default\\*'
    ]
  },
  collectImportersConfig: undefined
}
[2026-04-27T17:21:19.993] [DEBUG] debug-file - Compile arkts with external api path: D:\DevEco Studio\sdk\default\hms\ets
[2026-04-27T17:21:19.994] [DEBUG] debug-file - default@CompileArkTS work[6] is submitted.
[2026-04-27T17:21:19.994] [DEBUG] debug-file - default@CompileArkTS work[6] is pushed to ready queue.
[2026-04-27T17:21:19.994] [DEBUG] debug-file - A work dispatched to worker[23] failed because unable to get work from ready queue.
[2026-04-27T17:21:19.994] [DEBUG] debug-file - A work dispatched to worker[22] failed because unable to get work from ready queue.
[2026-04-27T17:21:19.994] [DEBUG] debug-file - A work dispatched to worker[21] failed because unable to get work from ready queue.
[2026-04-27T17:21:19.994] [DEBUG] debug-file - A work dispatched to worker[20] failed because unable to get work from ready queue.
[2026-04-27T17:21:19.994] [DEBUG] debug-file - A work dispatched to worker[19] failed because unable to get work from ready queue.
[2026-04-27T17:21:19.994] [DEBUG] debug-file - A work dispatched to worker[18] failed because unable to get work from ready queue.
[2026-04-27T17:21:19.994] [DEBUG] debug-file - A work dispatched to worker[17] failed because unable to get work from ready queue.
[2026-04-27T17:21:19.994] [DEBUG] debug-file - A work dispatched to worker[16] failed because unable to get work from ready queue.
[2026-04-27T17:21:19.994] [DEBUG] debug-file - A work dispatched to worker[15] failed because unable to get work from ready queue.
[2026-04-27T17:21:19.994] [DEBUG] debug-file - A work dispatched to worker[14] failed because unable to get work from ready queue.
[2026-04-27T17:21:19.994] [DEBUG] debug-file - A work dispatched to worker[13] failed because unable to get work from ready queue.
[2026-04-27T17:21:19.994] [DEBUG] debug-file - A work dispatched to worker[12] failed because unable to get work from ready queue.
[2026-04-27T17:21:19.994] [DEBUG] debug-file - A work dispatched to worker[11] failed because unable to get work from ready queue.
[2026-04-27T17:21:19.995] [DEBUG] debug-file - A work dispatched to worker[10] failed because unable to get work from ready queue.
[2026-04-27T17:21:19.995] [DEBUG] debug-file - A work dispatched to worker[9] failed because unable to get work from ready queue.
[2026-04-27T17:21:19.995] [DEBUG] debug-file - A work dispatched to worker[8] failed because unable to get work from ready queue.
[2026-04-27T17:21:19.995] [DEBUG] debug-file - A work dispatched to worker[7] failed because unable to get work from ready queue.
[2026-04-27T17:21:19.995] [DEBUG] debug-file - A work dispatched to worker[6] failed because unable to get work from ready queue.
[2026-04-27T17:21:19.995] [DEBUG] debug-file - A work dispatched to worker[5] failed because unable to get work from ready queue.
[2026-04-27T17:21:19.995] [DEBUG] debug-file - default@CompileArkTS work[6] has been dispatched to worker[4].
[2026-04-27T17:21:19.995] [DEBUG] debug-file - default@CompileArkTS work[6] is dispatched.
[2026-04-27T17:21:19.995] [DEBUG] debug-file - CopyResources startTime: 4266089522200
[2026-04-27T17:21:19.995] [DEBUG] debug-file - default@CompileArkTS work[7] is submitted.
[2026-04-27T17:21:19.995] [DEBUG] debug-file - default@CompileArkTS work[7] is pushed to ready queue.
[2026-04-27T17:21:19.995] [DEBUG] debug-file - A work dispatched to worker[23] failed because unable to get work from ready queue.
[2026-04-27T17:21:19.995] [DEBUG] debug-file - Create  resident worker with id: 22.
[2026-04-27T17:21:19.996] [DEBUG] debug-file - default@CompileArkTS work[7] has been dispatched to worker[22].
[2026-04-27T17:21:19.996] [DEBUG] debug-file - default@CompileArkTS work[7] is dispatched.
[2026-04-27T17:21:19.996] [DEBUG] debug-file - entry : default@CompileArkTS cost memory -0.01824951171875
[2026-04-27T17:21:19.997] [DEBUG] debug-file - Executing task :entry:default@BuildJS
[2026-04-27T17:21:19.997] [DEBUG] debug-file - Task 'entry:default@BuildJS' cost while wrapping incremental declarations: 1 ms 
[2026-04-27T17:21:19.999] [DEBUG] debug-file - entry : default@BuildJS cost memory 0.17105865478515625
[2026-04-27T17:21:19.999] [DEBUG] debug-file - runTaskFromQueue task cost before running: 158 ms 
[2026-04-27T17:21:19.999] [INFO] debug-file - Finished :entry:default@BuildJS... after 2 ms 
[2026-04-27T17:21:20.000] [DEBUG] debug-file - Executing task :entry:default@CacheNativeLibs
[2026-04-27T17:21:20.000] [DEBUG] debug-file - Task 'entry:default@CacheNativeLibs' cost while wrapping incremental declarations: 1 ms 
[2026-04-27T17:21:20.001] [DEBUG] debug-file - Incremental task entry:default@CacheNativeLibs pre-execution cost: 1 ms .
[2026-04-27T17:21:20.001] [DEBUG] debug-file - entry : default@CacheNativeLibs cost memory 0.09832000732421875
[2026-04-27T17:21:20.001] [INFO] debug-file - UP-TO-DATE :entry:default@CacheNativeLibs...  
[2026-04-27T17:21:20.597] [DEBUG] debug-file - worker[22] has one work done.
[2026-04-27T17:21:20.598] [DEBUG] debug-file - CopyResources is end, endTime: 4266692277000
[2026-04-27T17:21:20.598] [DEBUG] debug-file - default@CompileArkTS work[7] done.
[2026-04-27T17:21:20.598] [DEBUG] debug-file - A work dispatched to worker[22] failed because unable to get work from ready queue.
[2026-04-27T17:21:20.848] [WARN] debug-file - [33mWARN: [33m[33mArkTS:WARN File: C:/Users/lzf/Desktop/health_-service_-kit_-sample-code-master/health_-service_-kit_-sample-code-master/entry/src/main/ets/pages/MainIndex.ets:75:27
 'pushUrl' has been deprecated.
[39m[39m
[33mWARN: [33m[33mArkTS:WARN File: C:/Users/lzf/Desktop/health_-service_-kit_-sample-code-master/health_-service_-kit_-sample-code-master/entry/src/main/ets/pages/DataSourceIndex.ets:16:53
 'back' has been deprecated.
[39m[39m
[33mWARN: [33m[33mArkTS:WARN File: C:/Users/lzf/Desktop/health_-service_-kit_-sample-code-master/health_-service_-kit_-sample-code-master/entry/src/main/ets/pages/DataSourceIndex.ets:28:26
 'showToast' has been deprecated.
[39m[39m
[33mWARN: [33m[33mArkTS:WARN File: C:/Users/lzf/Desktop/health_-service_-kit_-sample-code-master/health_-service_-kit_-sample-code-master/entry/src/main/ets/pages/DataSourceIndex.ets:35:49
 'showToast' has been deprecated.
[39m[39m
[33mWARN: [33m[33mArkTS:WARN File: C:/Users/lzf/Desktop/health_-service_-kit_-sample-code-master/health_-service_-kit_-sample-code-master/entry/src/main/ets/pages/DataSourceIndex.ets:41:24
 'showToast' has been deprecated.
[39m[39m
[33mWARN: [33m[33mArkTS:WARN File: C:/Users/lzf/Desktop/health_-service_-kit_-sample-code-master/health_-service_-kit_-sample-code-master/entry/src/main/ets/pages/DataSourceIndex.ets:56:32
 'showToast' has been deprecated.
[39m[39m
[33mWARN: [33m[33mArkTS:WARN File: C:/Users/lzf/Desktop/health_-service_-kit_-sample-code-master/health_-service_-kit_-sample-code-master/entry/src/main/ets/pages/AuthIndex.ets:17:59
 'back' has been deprecated.
[39m[39m
[33mWARN: [33m[33mArkTS:WARN File: C:/Users/lzf/Desktop/health_-service_-kit_-sample-code-master/health_-service_-kit_-sample-code-master/entry/src/main/ets/pages/AuthIndex.ets:36:32
 'showToast' has been deprecated.
[39m[39m
[33mWARN: [33m[33mArkTS:WARN File: C:/Users/lzf/Desktop/health_-service_-kit_-sample-code-master/health_-service_-kit_-sample-code-master/entry/src/main/ets/pages/SamplePointIndex.ets:17:59
 'back' has been deprecated.
[39m[39m
[33mWARN: [33m[33mArkTS:WARN File: C:/Users/lzf/Desktop/health_-service_-kit_-sample-code-master/health_-service_-kit_-sample-code-master/entry/src/main/ets/pages/SamplePointIndex.ets:39:30
 'showToast' has been deprecated.
[39m[39m
[33mWARN: [33m[33mArkTS:WARN File: C:/Users/lzf/Desktop/health_-service_-kit_-sample-code-master/health_-service_-kit_-sample-code-master/entry/src/main/ets/pages/SamplePointIndex.ets:44:28
 'showToast' has been deprecated.
[39m[39m
[33mWARN: [33m[33mArkTS:WARN File: C:/Users/lzf/Desktop/health_-service_-kit_-sample-code-master/health_-service_-kit_-sample-code-master/entry/src/main/ets/pages/SamplePointIndex.ets:58:28
 'showToast' has been deprecated.
[39m[39m
[33mWARN: [33m[33mArkTS:WARN File: C:/Users/lzf/Desktop/health_-service_-kit_-sample-code-master/health_-service_-kit_-sample-code-master/entry/src/main/ets/pages/HealthSequenceIndex.ets:16:59
 'back' has been deprecated.
[39m[39m
[33mWARN: [33m[33mArkTS:WARN File: C:/Users/lzf/Desktop/health_-service_-kit_-sample-code-master/health_-service_-kit_-sample-code-master/entry/src/main/ets/pages/HealthSequenceIndex.ets:24:41
 'showToast' has been deprecated.
[39m[39m
[33mWARN: [33m[33mArkTS:WARN File: C:/Users/lzf/Desktop/health_-service_-kit_-sample-code-master/health_-service_-kit_-sample-code-master/entry/src/main/ets/pages/ExerciseSequenceIndex.ets:16:59
 'back' has been deprecated.
[39m[39m
[33mWARN: [33m[33mArkTS:WARN File: C:/Users/lzf/Desktop/health_-service_-kit_-sample-code-master/health_-service_-kit_-sample-code-master/entry/src/main/ets/pages/ExerciseSequenceIndex.ets:44:64
 'showToast' has been deprecated.
[39m[39m
[33mWARN: [33m[33mArkTS:WARN File: C:/Users/lzf/Desktop/health_-service_-kit_-sample-code-master/health_-service_-kit_-sample-code-master/entry/src/main/ets/pages/ExerciseSequenceIndex.ets:51:28
 'showToast' has been deprecated.
[39m[39m
[33mWARN: [33m[33mArkTS:WARN File: C:/Users/lzf/Desktop/health_-service_-kit_-sample-code-master/health_-service_-kit_-sample-code-master/entry/src/main/ets/pages/WorkoutIndex.ets:19:55
 'back' has been deprecated.
[39m[39m
[33mWARN: [33m[33mArkTS:WARN File: C:/Users/lzf/Desktop/health_-service_-kit_-sample-code-master/health_-service_-kit_-sample-code-master/entry/src/main/ets/pages/WorkoutIndex.ets:30:26
 'showToast' has been deprecated.
[39m[39m
[33mWARN: [33m[33mArkTS:WARN File: C:/Users/lzf/Desktop/health_-service_-kit_-sample-code-master/health_-service_-kit_-sample-code-master/entry/src/main/ets/pages/WorkoutIndex.ets:32:26
 'showToast' has been deprecated.
[39m[39m
[33mWARN: [33m[33mArkTS:WARN File: C:/Users/lzf/Desktop/health_-service_-kit_-sample-code-master/health_-service_-kit_-sample-code-master/entry/src/main/ets/pages/WorkoutIndex.ets:49:32
 'showToast' has been deprecated.
[39m[39m

[2026-04-27T17:21:20.848] [DEBUG] debug-file - Ark compile task finished.finished time is 4266942713300
[2026-04-27T17:21:20.848] [DEBUG] debug-file - worker[4] has one work done.
[2026-04-27T17:21:20.849] [DEBUG] debug-file - default@CompileArkTS work[6] done.
[2026-04-27T17:21:20.849] [DEBUG] debug-file - A work dispatched to worker[4] failed because unable to get work from ready queue.
[2026-04-27T17:21:20.850] [INFO] debug-file - Finished :entry:default@CompileArkTS... after 867 ms 
[2026-04-27T17:21:20.851] [DEBUG] debug-file - Executing task :entry:default@GeneratePkgModuleJson
[2026-04-27T17:21:20.851] [DEBUG] debug-file - File: 'C:\Users\lzf\Desktop\health_-service_-kit_-sample-code-master\health_-service_-kit_-sample-code-master\entry\build\default\intermediates\preload\default\preload.json' from 'preloadSoJsonPath' is not exists, just ignore.
[2026-04-27T17:21:20.851] [DEBUG] debug-file - Error occurs while handling @Input 'shouldDeduplicateHar': The "data" argument must be of type string or an instance of Buffer, TypedArray, or DataView. Received undefined
[2026-04-27T17:21:20.851] [DEBUG] debug-file - Task 'entry:default@GeneratePkgModuleJson' cost while wrapping incremental declarations: 1 ms 
[2026-04-27T17:21:20.852] [DEBUG] debug-file - Incremental task entry:default@GeneratePkgModuleJson pre-execution cost: 1 ms .
[2026-04-27T17:21:20.852] [DEBUG] debug-file - entry : default@GeneratePkgModuleJson cost memory 0.10825347900390625
[2026-04-27T17:21:20.852] [INFO] debug-file - UP-TO-DATE :entry:default@GeneratePkgModuleJson...  
[2026-04-27T17:21:20.852] [DEBUG] debug-file - Executing task :entry:default@ProcessCompiledResources
[2026-04-27T17:21:20.852] [DEBUG] debug-file - File: 'C:\Users\lzf\Desktop\health_-service_-kit_-sample-code-master\health_-service_-kit_-sample-code-master\entry\build\default\intermediates\preload\default\preload.json' from 'preloadSoJsonPath' is not exists, just ignore.
[2026-04-27T17:21:20.852] [DEBUG] debug-file - Task 'entry:default@ProcessCompiledResources' cost while wrapping incremental declarations: 1 ms 
[2026-04-27T17:21:20.852] [DEBUG] debug-file - entry : default@ProcessCompiledResources cost memory 0.065093994140625
[2026-04-27T17:21:20.853] [DEBUG] debug-file - runTaskFromQueue task cost before running: 1 s 11 ms 
[2026-04-27T17:21:20.853] [INFO] debug-file - Finished :entry:default@ProcessCompiledResources... after 1 ms 
[2026-04-27T17:21:20.853] [DEBUG] debug-file - Executing task :entry:default@PackageHap
[2026-04-27T17:21:20.856] [DEBUG] debug-file - entry:default@PackageHap is not up-to-date, since the input file 'C:\Users\lzf\Desktop\health_-service_-kit_-sample-code-master\health_-service_-kit_-sample-code-master\entry\build\default\intermediates\loader_out\default\ets' has been changed.
[2026-04-27T17:21:20.857] [DEBUG] debug-file - Incremental task entry:default@PackageHap pre-execution cost: 3 ms .
[2026-04-27T17:21:20.857] [DEBUG] debug-file - Use tool [D:\DevEco Studio\sdk\default\openharmony\toolchains\lib\app_packing_tool.jar]
 [
  'java',
  '-Dfile.encoding=GBK',
  '-jar',
  'D:\\DevEco Studio\\sdk\\default\\openharmony\\toolchains\\lib\\app_packing_tool.jar',
  '--mode',
  'hap',
  '--force',
  'true',
  '--lib-path',
  'C:\\Users\\lzf\\Desktop\\health_-service_-kit_-sample-code-master\\health_-service_-kit_-sample-code-master\\entry\\build\\default\\intermediates\\stripped_native_libs\\default',
  '--json-path',
  'C:\\Users\\lzf\\Desktop\\health_-service_-kit_-sample-code-master\\health_-service_-kit_-sample-code-master\\entry\\build\\default\\intermediates\\package\\default\\module.json',
  '--resources-path',
  'C:\\Users\\lzf\\Desktop\\health_-service_-kit_-sample-code-master\\health_-service_-kit_-sample-code-master\\entry\\build\\default\\intermediates\\res\\default\\resources',
  '--index-path',
  'C:\\Users\\lzf\\Desktop\\health_-service_-kit_-sample-code-master\\health_-service_-kit_-sample-code-master\\entry\\build\\default\\intermediates\\res\\default\\resources.index',
  '--pack-info-path',
  'C:\\Users\\lzf\\Desktop\\health_-service_-kit_-sample-code-master\\health_-service_-kit_-sample-code-master\\entry\\build\\default\\outputs\\default\\pack.info',
  '--out-path',
  'C:\\Users\\lzf\\Desktop\\health_-service_-kit_-sample-code-master\\health_-service_-kit_-sample-code-master\\entry\\build\\default\\outputs\\default\\entry-default-unsigned.hap',
  '--ets-path',
  'C:\\Users\\lzf\\Desktop\\health_-service_-kit_-sample-code-master\\health_-service_-kit_-sample-code-master\\entry\\build\\default\\intermediates\\loader_out\\default\\ets'
]
[2026-04-27T17:21:20.878] [DEBUG] debug-file - java daemon socket received message:{"code":0,"message":"pack success"}
[2026-04-27T17:21:20.880] [DEBUG] debug-file - entry : default@PackageHap cost memory -1.0132980346679688
[2026-04-27T17:21:20.880] [DEBUG] debug-file - runTaskFromQueue task cost before running: 1 s 39 ms 
[2026-04-27T17:21:20.881] [INFO] debug-file - Finished :entry:default@PackageHap... after 27 ms 
[2026-04-27T17:21:20.881] [DEBUG] debug-file - Executing task :entry:default@PackingCheck
[2026-04-27T17:21:20.884] [DEBUG] debug-file - entry : default@PackingCheck cost memory 0.3233489990234375
[2026-04-27T17:21:20.884] [DEBUG] debug-file - runTaskFromQueue task cost before running: 1 s 43 ms 
[2026-04-27T17:21:20.884] [INFO] debug-file - Finished :entry:default@PackingCheck... after 3 ms 
[2026-04-27T17:21:20.885] [DEBUG] debug-file - Executing task :entry:default@SignHap
[2026-04-27T17:21:20.885] [WARN] debug-file - Will skip sign 'hos_hap'. No signingConfigs profile is configured in current project.
             If needed, configure the signingConfigs in C:\Users\lzf\Desktop\health_-service_-kit_-sample-code-master\health_-service_-kit_-sample-code-master\build-profile.json5.
[2026-04-27T17:21:20.885] [DEBUG] debug-file - entry:default@SignHap is not up-to-date, since the input file 'C:\Users\lzf\Desktop\health_-service_-kit_-sample-code-master\health_-service_-kit_-sample-code-master\entry\build\default\outputs\default\entry-default-unsigned.hap' has been changed.
[2026-04-27T17:21:20.885] [DEBUG] debug-file - Incremental task entry:default@SignHap pre-execution cost: 1 ms .
[2026-04-27T17:21:20.885] [DEBUG] debug-file - entry : default@SignHap cost memory 0.093292236328125
[2026-04-27T17:21:20.885] [DEBUG] debug-file - runTaskFromQueue task cost before running: 1 s 44 ms 
[2026-04-27T17:21:20.886] [INFO] debug-file - Finished :entry:default@SignHap... after 1 ms 
[2026-04-27T17:21:20.886] [DEBUG] debug-file - Executing task :entry:default@CollectDebugSymbol
[2026-04-27T17:21:20.887] [DEBUG] debug-file - entry : default@CollectDebugSymbol cost memory 0.11165618896484375
[2026-04-27T17:21:20.887] [DEBUG] debug-file - runTaskFromQueue task cost before running: 1 s 46 ms 
[2026-04-27T17:21:20.887] [INFO] debug-file - Finished :entry:default@CollectDebugSymbol... after 1 ms 
[2026-04-27T17:21:20.887] [DEBUG] debug-file - Executing task :entry:assembleHap
[2026-04-27T17:21:20.887] [DEBUG] debug-file - entry : assembleHap cost memory 0.0122528076171875
[2026-04-27T17:21:20.887] [DEBUG] debug-file - runTaskFromQueue task cost before running: 1 s 46 ms 
[2026-04-27T17:21:20.887] [INFO] debug-file - Finished :entry:assembleHap... after 1 ms 
[2026-04-27T17:21:20.891] [INFO] debug-file - BUILD SUCCESSFUL in 1 s 50 ms 
[2026-04-27T17:21:20.891] [DEBUG] debug-file - There is no need to refresh cache, since the incremental task entry:default@PreBuild is up-to-date.
[2026-04-27T17:21:20.891] [DEBUG] debug-file - Update task entry:default@CreateModuleInfo output file:C:\Users\lzf\Desktop\health_-service_-kit_-sample-code-master\health_-service_-kit_-sample-code-master\entry\build\default\generated\profile\default\ModuleInfo.ts cache.
[2026-04-27T17:21:20.892] [DEBUG] debug-file - Incremental task entry:default@CreateModuleInfo post-execution cost:1 ms .
[2026-04-27T17:21:20.892] [DEBUG] debug-file - There is no need to refresh cache, since the incremental task entry:default@GenerateMetadata is up-to-date.
[2026-04-27T17:21:20.892] [DEBUG] debug-file - There is no need to refresh cache, since the incremental task entry:default@MergeProfile is up-to-date.
[2026-04-27T17:21:20.892] [DEBUG] debug-file - There is no need to refresh cache, since the incremental task entry:default@CreateBuildProfile is up-to-date.
[2026-04-27T17:21:20.892] [DEBUG] debug-file - Update task entry:default@GeneratePkgContextInfo output file:C:\Users\lzf\Desktop\health_-service_-kit_-sample-code-master\health_-service_-kit_-sample-code-master\entry\build\default\intermediates\loader\default\pkgContextInfo.json cache.
[2026-04-27T17:21:20.892] [DEBUG] debug-file - Incremental task entry:default@GeneratePkgContextInfo post-execution cost:1 ms .
[2026-04-27T17:21:20.892] [DEBUG] debug-file - Update task entry:default@ProcessIntegratedHsp output file:C:\Users\lzf\Desktop\health_-service_-kit_-sample-code-master\health_-service_-kit_-sample-code-master\build\cache\default\integrated_hsp\integratedHspCache.json cache.
[2026-04-27T17:21:20.892] [DEBUG] debug-file - Incremental task entry:default@ProcessIntegratedHsp post-execution cost:1 ms .
[2026-04-27T17:21:20.892] [DEBUG] debug-file - There is no need to refresh cache, since the incremental task entry:default@MakePackInfo is up-to-date.
[2026-04-27T17:21:20.892] [DEBUG] debug-file - Update task entry:default@SyscapTransform input file:D:\DevEco Studio\sdk\default\openharmony\toolchains\syscap_tool.exe cache by regenerate.
[2026-04-27T17:21:20.893] [DEBUG] debug-file - Update task entry:default@SyscapTransform input file:D:\DevEco Studio\sdk\default\openharmony\ets\api\device-define cache by regenerate.
[2026-04-27T17:21:20.893] [DEBUG] debug-file - Update task entry:default@SyscapTransform output file:C:\Users\lzf\Desktop\health_-service_-kit_-sample-code-master\health_-service_-kit_-sample-code-master\entry\build\default\intermediates\syscap\default\rpcid.sc cache.
[2026-04-27T17:21:20.893] [DEBUG] debug-file - Incremental task entry:default@SyscapTransform post-execution cost:2 ms .
[2026-04-27T17:21:20.894] [DEBUG] debug-file - There is no need to refresh cache, since the incremental task entry:default@ProcessProfile is up-to-date.
[2026-04-27T17:21:20.894] [DEBUG] debug-file - There is no need to refresh cache, since the incremental task entry:default@ProcessRouterMap is up-to-date.
[2026-04-27T17:21:20.894] [DEBUG] debug-file - There is no need to refresh cache, since the incremental task entry:default@ProcessShareConfig is up-to-date.
[2026-04-27T17:21:20.894] [DEBUG] debug-file - Update task entry:default@ProcessStartupConfig output file:C:\Users\lzf\Desktop\health_-service_-kit_-sample-code-master\health_-service_-kit_-sample-code-master\entry\build\default\intermediates\startup\default\startup_config.json cache.
[2026-04-27T17:21:20.894] [DEBUG] debug-file - Incremental task entry:default@ProcessStartupConfig post-execution cost:1 ms .
[2026-04-27T17:21:20.894] [DEBUG] debug-file - There is no need to refresh cache, since the incremental task entry:default@ProcessResource is up-to-date.
[2026-04-27T17:21:20.894] [DEBUG] debug-file - There is no need to refresh cache, since the incremental task entry:default@GenerateLoaderJson is up-to-date.
[2026-04-27T17:21:20.894] [DEBUG] debug-file - There is no need to refresh cache, since the incremental task entry:default@ProcessLibs is up-to-date.
[2026-04-27T17:21:20.894] [DEBUG] debug-file - There is no need to refresh cache, since the incremental task entry:default@CompileResource is up-to-date.
[2026-04-27T17:21:20.894] [DEBUG] debug-file - There is no need to refresh cache, since the incremental task entry:default@DoNativeStrip is up-to-date.
[2026-04-27T17:21:20.895] [DEBUG] debug-file - Update task entry:default@CompileArkTS input file:C:\Users\lzf\Desktop\health_-service_-kit_-sample-code-master\health_-service_-kit_-sample-code-master\entry\build\default\intermediates\loader\default cache by regenerate.
[2026-04-27T17:21:20.895] [DEBUG] debug-file - Update task entry:default@CompileArkTS input file:C:\Users\lzf\Desktop\health_-service_-kit_-sample-code-master\health_-service_-kit_-sample-code-master\entry\build\default\intermediates\res\default\ResourceTable.txt cache by regenerate.
[2026-04-27T17:21:20.895] [DEBUG] debug-file - Update task entry:default@CompileArkTS input file:C:\Users\lzf\Desktop\health_-service_-kit_-sample-code-master\health_-service_-kit_-sample-code-master\entry\build\default\intermediates\res\default\ark_module.json cache by regenerate.
[2026-04-27T17:21:20.895] [DEBUG] debug-file - Update task entry:default@CompileArkTS input file:C:\Users\lzf\Desktop\health_-service_-kit_-sample-code-master\health_-service_-kit_-sample-code-master\entry\build\default\intermediates\res\default\resources\base\profile cache by regenerate.
[2026-04-27T17:21:20.895] [DEBUG] debug-file - Update task entry:default@CompileArkTS input file:C:\Users\lzf\Desktop\health_-service_-kit_-sample-code-master\health_-service_-kit_-sample-code-master\entry\src\main\ets cache from map.
[2026-04-27T17:21:20.895] [DEBUG] debug-file - Update task entry:default@CompileArkTS input file:C:\Users\lzf\Desktop\health_-service_-kit_-sample-code-master\health_-service_-kit_-sample-code-master\entry\build\default\generated\profile\default\BuildProfile.ets cache by regenerate.
[2026-04-27T17:21:20.895] [DEBUG] debug-file - Update task entry:default@CompileArkTS output file:C:\Users\lzf\Desktop\health_-service_-kit_-sample-code-master\health_-service_-kit_-sample-code-master\entry\build\default\intermediates\loader_out\default\ets cache.
[2026-04-27T17:21:20.896] [DEBUG] debug-file - Incremental task entry:default@CompileArkTS post-execution cost:2 ms .
[2026-04-27T17:21:20.896] [DEBUG] debug-file - Update task entry:default@BuildJS input file:C:\Users\lzf\Desktop\health_-service_-kit_-sample-code-master\health_-service_-kit_-sample-code-master\entry\build\default\intermediates\loader\default cache by regenerate.
[2026-04-27T17:21:20.897] [DEBUG] debug-file - Update task entry:default@BuildJS input file:C:\Users\lzf\Desktop\health_-service_-kit_-sample-code-master\health_-service_-kit_-sample-code-master\entry\build\default\intermediates\res\default\ResourceTable.txt cache by regenerate.
[2026-04-27T17:21:20.897] [DEBUG] debug-file - Update task entry:default@BuildJS input file:C:\Users\lzf\Desktop\health_-service_-kit_-sample-code-master\health_-service_-kit_-sample-code-master\entry\build\default\intermediates\res\default\ark_module.json cache by regenerate.
[2026-04-27T17:21:20.897] [DEBUG] debug-file - Update task entry:default@BuildJS input file:C:\Users\lzf\Desktop\health_-service_-kit_-sample-code-master\health_-service_-kit_-sample-code-master\entry\build\default\intermediates\res\default\resources\base\profile cache by regenerate.
[2026-04-27T17:21:20.897] [DEBUG] debug-file - Update task entry:default@BuildJS output file:C:\Users\lzf\Desktop\health_-service_-kit_-sample-code-master\health_-service_-kit_-sample-code-master\entry\build\default\intermediates\loader_out\default\js cache.
[2026-04-27T17:21:20.897] [DEBUG] debug-file - Incremental task entry:default@BuildJS post-execution cost:2 ms .
[2026-04-27T17:21:20.897] [DEBUG] debug-file - There is no need to refresh cache, since the incremental task entry:default@CacheNativeLibs is up-to-date.
[2026-04-27T17:21:20.897] [DEBUG] debug-file - There is no need to refresh cache, since the incremental task entry:default@GeneratePkgModuleJson is up-to-date.
[2026-04-27T17:21:20.897] [DEBUG] debug-file - Incremental task entry:default@ProcessCompiledResources post-execution cost:1 ms .
[2026-04-27T17:21:20.898] [DEBUG] debug-file - Update task entry:default@PackageHap input file:C:\Users\lzf\Desktop\health_-service_-kit_-sample-code-master\health_-service_-kit_-sample-code-master\entry\build\default\intermediates\stripped_native_libs\default cache by regenerate.
[2026-04-27T17:21:20.898] [DEBUG] debug-file - Update task entry:default@PackageHap input file:C:\Users\lzf\Desktop\health_-service_-kit_-sample-code-master\health_-service_-kit_-sample-code-master\entry\build\default\intermediates\res\default\module.json cache by regenerate.
[2026-04-27T17:21:20.898] [DEBUG] debug-file - Update task entry:default@PackageHap input file:C:\Users\lzf\Desktop\health_-service_-kit_-sample-code-master\health_-service_-kit_-sample-code-master\entry\build\default\intermediates\res\default\resources cache by regenerate.
[2026-04-27T17:21:20.899] [DEBUG] debug-file - Update task entry:default@PackageHap input file:C:\Users\lzf\Desktop\health_-service_-kit_-sample-code-master\health_-service_-kit_-sample-code-master\entry\build\default\intermediates\res\default\resources.index cache by regenerate.
[2026-04-27T17:21:20.899] [DEBUG] debug-file - Update task entry:default@PackageHap input file:C:\Users\lzf\Desktop\health_-service_-kit_-sample-code-master\health_-service_-kit_-sample-code-master\entry\build\default\outputs\default\pack.info cache by regenerate.
[2026-04-27T17:21:20.899] [DEBUG] debug-file - Update task entry:default@PackageHap input file:C:\Users\lzf\Desktop\health_-service_-kit_-sample-code-master\health_-service_-kit_-sample-code-master\entry\build\default\intermediates\loader_out\default\ets cache from map.
[2026-04-27T17:21:20.899] [DEBUG] debug-file - Update task entry:default@PackageHap input file:C:\Users\lzf\Desktop\health_-service_-kit_-sample-code-master\health_-service_-kit_-sample-code-master\entry\build\default\intermediates\loader_out\default\ets\sourceMaps.map cache by regenerate.
[2026-04-27T17:21:20.899] [DEBUG] debug-file - Update task entry:default@PackageHap input file:C:\Users\lzf\Desktop\health_-service_-kit_-sample-code-master\health_-service_-kit_-sample-code-master\entry\build\default\generated\profile\default\BuildProfile.ets cache by regenerate.
[2026-04-27T17:21:20.899] [DEBUG] debug-file - Update task entry:default@PackageHap output file:C:\Users\lzf\Desktop\health_-service_-kit_-sample-code-master\health_-service_-kit_-sample-code-master\entry\build\default\outputs\default\entry-default-unsigned.hap cache.
[2026-04-27T17:21:20.899] [DEBUG] debug-file - Update task entry:default@PackageHap output file:C:\Users\lzf\Desktop\health_-service_-kit_-sample-code-master\health_-service_-kit_-sample-code-master\entry\build\default\intermediates\source_map\default\sourceMaps.map cache.
[2026-04-27T17:21:20.899] [DEBUG] debug-file - Update task entry:default@PackageHap output file:C:\Users\lzf\Desktop\health_-service_-kit_-sample-code-master\health_-service_-kit_-sample-code-master\entry\build\default\outputs\default\mapping\sourceMaps.map cache.
[2026-04-27T17:21:20.900] [DEBUG] debug-file - Incremental task entry:default@PackageHap post-execution cost:3 ms .
[2026-04-27T17:21:20.900] [DEBUG] debug-file - Update task entry:default@SignHap input file:C:\Users\lzf\Desktop\health_-service_-kit_-sample-code-master\health_-service_-kit_-sample-code-master\entry\build\default\outputs\default\entry-default-unsigned.hap cache from map.
[2026-04-27T17:21:20.900] [DEBUG] debug-file - Update task entry:default@SignHap output file:C:\Users\lzf\Desktop\health_-service_-kit_-sample-code-master\health_-service_-kit_-sample-code-master\entry\build\default\outputs\default\entry-default-signed.hap cache.
[2026-04-27T17:21:20.900] [DEBUG] debug-file - Incremental task entry:default@SignHap post-execution cost:1 ms .
[2026-04-27T17:21:20.900] [DEBUG] debug-file - Update task entry:default@CollectDebugSymbol input file:C:\Users\lzf\Desktop\health_-service_-kit_-sample-code-master\health_-service_-kit_-sample-code-master\entry\build\default\intermediates\loader_out\default\ets\sourceMaps.map cache by regenerate.
[2026-04-27T17:21:20.900] [DEBUG] debug-file - Update task entry:default@CollectDebugSymbol input file:C:\Users\lzf\Desktop\health_-service_-kit_-sample-code-master\health_-service_-kit_-sample-code-master\entry\build\default\intermediates\libs\default cache by regenerate.
[2026-04-27T17:21:20.900] [DEBUG] debug-file - Update task entry:default@CollectDebugSymbol output file:C:\Users\lzf\Desktop\health_-service_-kit_-sample-code-master\health_-service_-kit_-sample-code-master\entry\build\default\outputs\default\symbol cache.
[2026-04-27T17:21:20.900] [DEBUG] debug-file - Incremental task entry:default@CollectDebugSymbol post-execution cost:1 ms .
[2026-04-27T17:21:20.912] [DEBUG] debug-file - Cleanup worker 22.
[2026-04-27T17:21:20.913] [DEBUG] debug-file - Worker 22 has been cleaned up.
[2026-04-27T17:21:20.913] [DEBUG] debug-file - Current idle worker size: 1.
[2026-04-27T17:21:20.913] [DEBUG] debug-file - Current resident worker size: 2.
[2026-04-27T17:21:20.913] [DEBUG] debug-file - hvigor build process will be closed.
[2026-04-27T17:21:20.913] [DEBUG] debug-file - java daemon socket close code:1000 reason:close by user
[2026-04-27T17:21:20.920] [DEBUG] debug-file - session manager: send message to worker process.
[2026-04-27T17:21:20.920] [DEBUG] debug-file - session manager: send message to worker process.
[2026-04-27T17:21:20.920] [DEBUG] debug-file - watch worker: worker id should be larger than 0. Nothing will be sent to any worker thread.
[2026-04-27T17:21:20.921] [DEBUG] debug-file - watch worker: worker id should be larger than 0. Nothing will be sent to any worker thread.
[2026-04-27T17:21:20.922] [DEBUG] debug-file - worker[22] exits with exit code 1.
